run,scenario,config,backend,speedup,corrections_every_k,correction_delay_s,n_producer_events,n_consumer_events,n_tti_values,tti_p50,tti_p95,tti_p99,tti_max,tti_mean,tti_std,tti_min,tti_transport_ms_p50,tti_transport_ms_p95,tti_transport_ms_p99,tti_transport_ms_max,tti_transport_ms_mean,tti_transport_ms_std,tti_transport_ms_min,tti_producer_sched_lag_ms_p50,tti_producer_sched_lag_ms_p95,tti_producer_sched_lag_ms_p99,tti_producer_sched_lag_ms_max,tti_producer_sched_lag_ms_mean,tti_producer_sched_lag_ms_std,tti_producer_sched_lag_ms_min,n_n_produced,n_n_consumed,n_n_matched,meta_plan_csv,meta_max_t_sim,missed_window_100ms_rate,missed_window_250ms_rate,missed_window_500ms_rate,missed_window_1000ms_rate,missed_window_2000ms_rate,missed_window_5000ms_rate
s4_s2sf12j2_baseline_kafka_rep1_20260612,s2sf12j2,baseline,kafka,120,50,2.0,0,0,4554,5147.2566935,7927.559253249999,8171.6986742,8237.03249,5160.776195523057,1766.8827544331782,2011.648122,2012.9149,2013.0907,2013.199935,2013.4637,2012.926546881862,0.0918238687268569,2012.1914,3132.9870435000003,5913.35086325,6157.5719962,6222.58279,3146.547769919192,1766.9406874378749,-2.870478,4554,4554,4554,data/processed/replay_plans/s2sf12j2/combined_plan.csv,600,1.0,1.0,1.0,1.0,1.0,0.5254721124286341
s4_s2sf12j2_baseline_redis_rep1_20260612,s2sf12j2,baseline,redis,120,50,2.0,0,0,4554,3082.3076465000004,4066.316732,4149.30587033,4177.62369,3083.5351441176986,627.7958049359208,2007.669822,2011.13955,2025.66565,2031.297871,2033.3406,2013.5245294246813,5.370838823544512,2006.7438,1070.7602965,2038.29950135,2128.2619443,2156.64809,1069.511324201142,624.5447761799252,-5.652178,4554,4554,4554,data/processed/replay_plans/s2sf12j2/combined_plan.csv,600,1.0,1.0,1.0,1.0,1.0,0.0
s4_s2sf12j2_fast_corrections_kafka_rep1_20260612,s2sf12j2,fast_corrections,kafka,120,10,0.5,0,0,4911,5137.741434,7808.911435,8077.893673,8153.10899,5119.654500061087,1727.6988738421016,2025.956934,2006.7199,2006.94535,2007.09658,2015.9208,2006.7445834046016,0.2653933455293256,2006.1314,3129.795034,5800.958085,6069.607502999999,6145.11949,3111.6147468336385,1727.759150781916,14.309151,4911,4911,4911,data/processed/replay_plans/s2sf12j2/combined_plan.csv,600,1.0,1.0,1.0,1.0,1.0,0.5220932600285074
s4_s2sf12j2_fast_corrections_redis_rep1_20260612,s2sf12j2,fast_corrections,redis,120,10,0.5,0,0,4911,3094.070134,4081.751146,4175.0142117000005,4202.99599,3094.2871466503766,630.3849697510219,2016.453022,2022.0368,2041.0001,2043.78922,2045.7703,2022.2886979433924,9.444454091600557,2003.5264,1070.591597,2063.967396,2161.5112723,2190.41669,1071.480779169212,630.1710846251775,7.70114,4911,4911,4911,data/processed/replay_plans/s2sf12j2/combined_plan.csv,600,1.0,1.0,1.0,1.0,1.0,0.0
s4_s2sf12j2_high_frequency_kafka_rep1_20260612,s2sf12j2,high_frequency,kafka,120,10,2.0,0,0,4911,5014.933789,7889.886135000001,8167.265442999999,8232.85609,5041.94174683364,1797.646332449962,2011.617034,2006.4427,2006.6636,2006.76786,2007.1045,2006.457596355121,0.1091578448560515,2005.6765,3007.294689,5882.428735,6159.289292999999,6225.08129,3034.17388006516,1797.7191126776197,3.589834,4911,4911,4911,data/processed/replay_plans/s2sf12j2/combined_plan.csv,600,1.0,1.0,1.0,1.0,1.0,0.5023416819385054
s4_s2sf12j2_high_frequency_redis_rep1_20260612,s2sf12j2,high_frequency,redis,120,10,2.0,0,0,4911,3009.762803,4231.639646,4328.6597875,4359.05709,3054.700041600489,692.556165566524,2021.858622,2017.8362,2164.652,2166.00094,2166.8071,2045.3021427815104,51.01755037995215,2012.2428,992.500903,2066.274473,2162.4227478,2191.89299,1008.8856342089188,670.599051828893,4.049667,4911,4911,4911,data/processed/replay_plans/s2sf12j2/combined_plan.csv,600,1.0,1.0,1.0,1.0,1.0,0.0
s4_s2sf12j2_high_speedup_kafka_rep1_20260612,s2sf12j2,high_speedup,kafka,240,50,2.0,0,0,4554,5246.140568000001,8037.165697349999,8284.66937486,8349.032345,5241.510605623847,1800.6020686967142,2014.45912,2006.19665,2006.387105,2006.592214,2007.637,2006.213393302591,0.1185216562709551,2005.6813,3238.643987,6029.641662349999,6276.97915986,6341.762145,3234.0130483115945,1800.6935951122582,5.89912,4554,4554,4554,data/processed/replay_plans/s2sf12j2/combined_plan.csv,600,1.0,1.0,1.0,1.0,1.0,0.5393061045234958
s4_s2sf12j2_high_speedup_redis_rep1_20260612,s2sf12j2,high_speedup,redis,240,50,2.0,0,0,4554,3174.336083,4239.3623307,4329.72500891,4354.313545,3177.988246928195,681.9187977558315,2026.322872,2014.3823,2031.53387,2035.811604,2037.84,2016.7500719148004,5.67975574178359,2009.625,1160.071583,2215.9073557,2311.18102334,2335.967645,1160.7428122773383,679.088493381284,2.970268,4554,4554,4554,data/processed/replay_plans/s2sf12j2/combined_plan.csv,600,1.0,1.0,1.0,1.0,1.0,0.0
s4_s2sf12j2_long_delay_kafka_rep1_20260612,s2sf12j2,long_delay,kafka,120,50,5.0,0,0,4554,5025.9033655,7757.77727605,7993.4595532,8055.62459,5034.390785092665,1740.1155419470954,1997.680522,2001.5577,2001.721505,2001.876739,2003.8303,2001.572949868248,0.1179226814016681,2001.0003,3022.7372155000003,5755.20277605,5990.7279878,6052.81629,3031.5460098401404,1740.1785302469568,-5.575578,4554,4554,4554,data/processed/replay_plans/s2sf12j2/combined_plan.csv,600,1.0,1.0,1.0,1.0,0.999560825647782,0.5041721563460694
s4_s2sf12j2_long_delay_redis_rep1_20260612,s2sf12j2,long_delay,redis,120,50,5.0,0,0,4554,3084.6542465,4074.279072,4161.055757300001,4188.82839,3091.77280865437,631.6831410646415,2002.283918,2018.02755,2019.789445,2021.408107,2025.68,2018.0819162274925,1.1418869633673066,2013.4971,1066.0852675,2055.6322627,2141.13702597,2168.35389,1073.1897453473869,631.7687911622075,-13.340382,4554,4554,4554,data/processed/replay_plans/s2sf12j2/combined_plan.csv,600,1.0,1.0,1.0,1.0,1.0,0.0
s4_s2sf12j2_low_frequency_kafka_rep1_20260612,s2sf12j2,low_frequency,kafka,120,100,2.0,0,0,4509,5092.999207,7758.518034799999,8001.82597284,8066.79809,5097.861338745399,1710.4239355664868,2021.596241,2010.7921,2010.96926,2011.112976,2017.568,2010.809437569306,0.1958597116848946,2010.2586,3080.855207,5746.5076948,5989.68650084,6055.00109,3085.7847369711685,1710.479015277084,9.258862,4509,4509,4509,data/processed/replay_plans/s2sf12j2/combined_plan.csv,600,1.0,1.0,1.0,1.0,1.0,0.5171878465291639
s4_s2sf12j2_low_frequency_redis_rep1_20260612,s2sf12j2,low_frequency,redis,120,100,2.0,0,0,4509,3100.870692,4056.2984384,4141.14865048,4168.80819,3099.967770348858,619.6921729934372,2020.632873,2017.8692,2023.89066,2025.94242,2027.0227,2018.4133280993567,2.2635316291996417,2012.5771,1082.586151,2035.1991228,2122.36942072,2150.59749,1081.055824285429,618.2175621911085,-1.083878,4509,4509,4509,data/processed/replay_plans/s2sf12j2/combined_plan.csv,600,1.0,1.0,1.0,1.0,1.0,0.0
s4_s2sf12j2_low_speedup_kafka_rep1_20260612,s2sf12j2,low_speedup,kafka,60,50,2.0,0,0,4554,4925.332831,7427.910154099999,7651.15048648,7717.02808,4924.630701503952,1612.197576760409,2011.449121,2015.7754,2015.93189,2016.049151,2024.8549,2015.7916449714537,0.2306608229922694,2015.1564,2908.359031,5410.778019099999,5634.09006048,5700.07088,2907.560015403821,1612.2641149344422,-6.361079,4554,4554,4554,data/processed/replay_plans/s2sf12j2/combined_plan.csv,600,1.0,1.0,1.0,1.0,1.0,0.4859464207290294
s4_s2sf12j2_low_speedup_redis_rep1_20260612,s2sf12j2,low_speedup,redis,60,50,2.0,0,0,4554,2909.49933,3698.4467102,3768.55583499,3801.224959,2907.623747200044,515.1122647025508,1999.301238,2011.2995,2016.23895,2017.501237,2019.5084,2011.9472731884057,2.0742988831039453,2006.769,897.229662,1682.1254007499997,1750.8115454400004,1783.81718,895.1705411613966,513.8720086098923,-12.785079,4554,4554,4554,data/processed/replay_plans/s2sf12j2/combined_plan.csv,600,1.0,1.0,1.0,1.0,0.9997804128238912,0.0
s4_s2sf12j2_short_delay_kafka_rep1_20260612,s2sf12j2,short_delay,kafka,120,50,0.5,0,0,4554,5154.332771,7840.39628395,8081.81583262,8147.37969,5152.351189286781,1726.1190954964875,2015.06854,2012.34145,2012.51924,2012.654768,2022.2399,2012.362988976724,0.2743612615221576,2011.6912,3140.776471,5826.81006395,6068.07748462,6133.58479,3138.7073157470354,1726.1928252573468,0.89714,4554,4554,4554,data/processed/replay_plans/s2sf12j2/combined_plan.csv,600,1.0,1.0,1.0,1.0,1.0,0.5252525252525253
s4_s2sf12j2_short_delay_redis_rep1_20260612,s2sf12j2,short_delay,redis,120,50,0.5,0,0,4554,3069.060183,4019.80565865,4105.6149195200005,4132.97219,3077.526495325428,607.1885134022117,2009.519263,2011.1167,2014.37274,2015.355353,2016.7365,2011.2693493631969,1.6436138908290785,2005.5578,1056.1818050000002,2009.06680765,2094.5458833,2122.12289,1065.7635269240227,607.345206070045,-6.18666,4554,4554,4554,data/processed/replay_plans/s2sf12j2/combined_plan.csv,600,1.0,1.0,1.0,1.0,1.0,0.0
s4_s2sf12_baseline_kafka_rep1_20260612,s2sf12,baseline,kafka,120,50,2.0,0,0,4554,5084.0738225000005,7782.303032249999,8027.49491,8086.510134,5094.900523764822,1726.593183120333,2013.958056,2012.22325,2012.4154,2012.562894,2014.2723,2012.233889657444,0.1149108182421039,2011.6793,3070.3207725,5768.540322249999,6014.026333000001,6072.780934,3081.39107877141,1726.6665076719703,0.312256,4554,4554,4554,data/processed/replay_plans/s2sf12/combined_plan.csv,600,1.0,1.0,1.0,1.0,1.0,0.5140535792709706
s4_s2sf12_baseline_redis_rep1_20260612,s2sf12,baseline,redis,120,50,2.0,0,0,4554,3070.715367,4044.42485875,4125.25988632,4145.984834,3076.2822572518667,620.2970077431272,2025.520945,2016.28485,2034.749705,2037.495683,2039.3761,2018.9498670399648,6.215862719806528,2011.4108,1054.905867,2007.97623375,2095.03987932,2117.031634,1056.8389966238472,616.8443689621661,2.278912,4554,4554,4554,data/processed/replay_plans/s2sf12/combined_plan.csv,600,1.0,1.0,1.0,1.0,1.0,0.0
s4_s2sf12_fast_corrections_kafka_rep1_20260612,s2sf12,fast_corrections,kafka,120,10,0.5,0,0,4911,5100.996623,7807.426012,8070.495186,8146.330334,5106.85643689493,1732.9336401119874,1992.3007,2001.4348,2001.6472,2001.75163,2002.1376,2001.44618629607,0.1042622268231155,2001.1035,3098.216923,5804.805512,6067.947616,6143.278134,3104.113139073712,1732.9937751549396,-10.939,4911,4911,4911,data/processed/replay_plans/s2sf12/combined_plan.csv,600,1.0,1.0,1.0,1.0,0.9989818774180412,0.5174098961514967
s4_s2sf12_fast_corrections_redis_rep1_20260612,s2sf12,fast_corrections,redis,120,10,0.5,0,0,4911,3118.200934,4106.709162,4201.643436,4226.848034,3111.2469880046838,638.6517104020404,2020.8898,2034.651,2054.10795,2055.54835,2056.6752,2035.1443792099367,12.247599883355548,2013.2639,1071.041234,2080.198362,2174.375256,2199.680834,1075.5825283019751,638.9640982017373,-2.914,4911,4911,4911,data/processed/replay_plans/s2sf12/combined_plan.csv,600,1.0,1.0,1.0,1.0,1.0,0.0
s4_s2sf12_high_frequency_kafka_rep1_20260612,s2sf12,high_frequency,kafka,120,10,2.0,0,0,4911,4976.936756,7820.775412,8098.734076,8165.767634,4999.587387108736,1774.5621848185806,2008.8228,2008.2942,2008.5184,2008.63869,2014.8238,2008.312326959886,0.1952330370087703,2007.8876,2967.248156,5810.953862,6089.191835999999,6156.358534,2989.9769446937485,1774.6160866635748,-1.2955,4911,4911,4911,data/processed/replay_plans/s2sf12/combined_plan.csv,600,1.0,1.0,1.0,1.0,1.0,0.4962329464467522
s4_s2sf12_high_frequency_redis_rep1_20260612,s2sf12,high_frequency,redis,120,10,2.0,0,0,4911,3008.044989,4217.665112000001,4310.384746,4335.169034,3044.4654838914685,695.3627683269278,2014.5744,2006.7854,2140.3755,2147.01915,2148.8013,2033.3094004479735,47.92710529335128,2002.9696,999.942389,2075.868662,2174.6343059999995,2199.532834,1010.6401170008144,674.7594951196578,1.3936,4911,4911,4911,data/processed/replay_plans/s2sf12/combined_plan.csv,600,1.0,1.0,1.0,1.0,1.0,0.0
s4_s2sf12_high_speedup_kafka_rep1_20260612,s2sf12,high_speedup,kafka,240,50,2.0,0,0,4554,5140.739439,7893.604338949999,8141.961293,8203.340067,5149.93074006939,1759.3504959531524,2011.542578,2002.0907,2002.27244,2002.477288,2009.0226,2002.107518972332,0.1842913155579308,2001.5662,3137.290339,5890.34634895,6138.907471,6199.730867,3146.5632374123848,1759.4206104265263,1.7785,4554,4554,4554,data/processed/replay_plans/s2sf12/combined_plan.csv,600,1.0,1.0,1.0,1.0,1.0,0.5230566534914362
s4_s2sf12_high_speedup_redis_rep1_20260612,s2sf12,high_speedup,redis,240,50,2.0,0,0,4554,3174.782334,4256.71347895,4351.812555,4376.526467,3182.572793956083,690.9203230808695,2008.079923,2011.34225,2024.27412,2029.502026,2031.6892,2012.765195827844,4.239570316351699,2007.2861,1162.261884,2243.81469395,2339.512366,2363.164167,1169.3076064725517,689.1715440856588,-11.173422,4554,4554,4554,data/processed/replay_plans/s2sf12/combined_plan.csv,600,1.0,1.0,1.0,1.0,1.0,0.0
s4_s2sf12_long_delay_kafka_rep1_20260612,s2sf12,long_delay,kafka,120,50,5.0,0,0,4554,5068.284116999999,7829.473307249999,8073.227861,8137.449934,5071.056401344971,1765.3612986271637,2006.2351,2003.6226,2003.778005,2003.890294,2009.8351,2003.6347831796224,0.1283711442780604,2003.1319,3063.388467,5824.72146225,6068.3752890000005,6132.564434,3066.131776092446,1765.4213541941358,0.8252,4554,4554,4554,data/processed/replay_plans/s2sf12/combined_plan.csv,600,1.0,1.0,1.0,1.0,1.0,0.51010101010101
s4_s2sf12_long_delay_redis_rep1_20260612,s2sf12,long_delay,redis,120,50,5.0,0,0,4554,3081.250767,4048.00535375,4141.07071332,4167.466434,3081.126801762187,626.7410204465721,1999.813745,2002.27735,2004.36054,2004.878047,2005.4427,2002.3811523935003,1.2019299665232726,1998.0857,1078.504917,2045.02460875,2137.3650810000004,2163.369534,1078.241469241326,626.5805580556423,-0.326955,4554,4554,4554,data/processed/replay_plans/s2sf12/combined_plan.csv,600,1.0,1.0,1.0,1.0,0.9997804128238912,0.0
s4_s2sf12_low_frequency_kafka_rep1_20260612,s2sf12,low_frequency,kafka,120,100,2.0,0,0,4509,5078.215589,7723.278857999999,7976.443316,8032.631334,5084.5815623823455,1695.6973280239672,2018.138145,2015.9276,2016.09354,2016.218988,2023.0329,2015.9431589265917,0.1887794026003112,2015.085,3061.046889,5706.292017999999,5959.185476,6015.755034,3067.3769896167664,1695.7520616144045,0.075845,4509,4509,4509,data/processed/replay_plans/s2sf12/combined_plan.csv,600,1.0,1.0,1.0,1.0,1.0,0.5143047238855623
s4_s2sf12_low_frequency_redis_rep1_20260612,s2sf12,low_frequency,redis,120,100,2.0,0,0,4509,3093.706778,4058.9592979999993,4142.37550352,4162.898234,3097.581366130406,619.6315291159852,2014.207045,2017.2108,2022.3296,2023.4754,2024.691,2017.7435438899977,1.911875212476624,2012.8222,1075.026078,2038.326718,2122.68644352,2143.704134,1079.3406844271458,618.5701361922663,-4.674655,4509,4509,4509,data/processed/replay_plans/s2sf12/combined_plan.csv,600,1.0,1.0,1.0,1.0,1.0,0.0
s4_s2sf12_low_speedup_kafka_rep1_20260612,s2sf12,low_speedup,kafka,60,50,2.0,0,0,4554,4941.490156,7450.06777715,7678.26691217,7737.186767,4933.04065486188,1629.034100166965,1996.8785,2001.1,2001.27425,2001.409564,2005.0857,2001.113250043917,0.1287169333952854,2000.3484,2938.468556,5447.74676715,5675.728947,5734.956767,2930.637806333113,1629.099440573868,-6.1853,4554,4554,4554,data/processed/replay_plans/s2sf12/combined_plan.csv,600,1.0,1.0,1.0,1.0,0.9991216512955644,0.4894598155467721
s4_s2sf12_low_speedup_redis_rep1_20260612,s2sf12,low_speedup,redis,60,50,2.0,0,0,4554,2910.639434,3689.18957385,3762.12878283,3781.268867,2909.2999412035574,513.2226315226384,2006.590234,2017.232,2022.024135,2022.864838,2023.3812,2017.6422650856389,1.6952354801202525,2012.8184,892.989834,1666.40759385,1738.70061783,1758.305767,891.1505548179622,512.5015849465234,-15.113,4554,4554,4554,data/processed/replay_plans/s2sf12/combined_plan.csv,600,1.0,1.0,1.0,1.0,1.0,0.0
s4_s2sf12_short_delay_kafka_rep1_20260612,s2sf12,short_delay,kafka,120,50,0.5,0,0,4554,5137.305745,7775.96691725,8019.946182000001,8083.293634,5123.364755517128,1707.6989179652255,2003.387912,2007.3106,2007.48497,2007.616529,2016.612,2007.333201427317,0.2859043574169009,2006.5853,3128.882745,5767.40904225,6011.441509,6074.762734,3114.759062961133,1707.7690966804432,-5.332488,4554,4554,4554,data/processed/replay_plans/s2sf12/combined_plan.csv,600,1.0,1.0,1.0,1.0,1.0,0.523276240667545
s4_s2sf12_short_delay_redis_rep1_20260612,s2sf12,short_delay,redis,120,50,0.5,0,0,4554,3077.2087505,4020.93930875,4112.72742132,4134.705834,3079.5831398605624,611.3559851219793,2009.538545,2004.3348,2007.15466,2008.944814,2009.74,2004.370651075977,1.4743473348223577,1999.3273,1074.4079615,2018.58656875,2106.88362132,2129.756734,1074.7145596673254,611.3666470506056,-0.841555,4554,4554,4554,data/processed/replay_plans/s2sf12/combined_plan.csv,600,1.0,1.0,1.0,1.0,1.0,0.0
