run_id,backend,stream,event_id,match_id,t_sim_seconds,t_cons_recv_ns,t_output_ns,redis_id
concurrency_n20_20260612_220313_redis_feed5_rep1,redis,sb:events:n20:feed5:rep1,69bb4fa7-f177-49a8-9b19-7c01cd9d9a9c,3895052,0,9900459000,9900519900,1781298207880-0
concurrency_n20_20260612_220313_redis_feed5_rep1,redis,sb:events:n20:feed5:rep1,207c41be-4905-457d-af38-e356b67981de,3895060,0,9912455700,9912488200,1781298207892-0
concurrency_n20_20260612_220313_redis_feed5_rep1,redis,sb:events:n20:feed5:rep1,7eb000ee-2ef0-462a-bd57-e4320f459c68,3895067,0,9928257300,9928286300,1781298207895-0
concurrency_n20_20260612_220313_redis_feed5_rep1,redis,sb:events:n20:feed5:rep1,664c81bb-315d-4de4-86d5-f326eebf0684,3895074,0,9940114600,9940142200,1781298207907-0
concurrency_n20_20260612_220313_redis_feed5_rep1,redis,sb:events:n20:feed5:rep1,6c9ebdf9-117f-4a31-8b52-ebcf3c35d0c6,3895086,0,9944506300,9944537100,1781298207915-0
concurrency_n20_20260612_220313_redis_feed5_rep1,redis,sb:events:n20:feed5:rep1,9103cd62-6a36-40c6-9f80-ab1f6d258133,3895095,0,9951775100,9951799700,1781298207923-0
concurrency_n20_20260612_220313_redis_feed5_rep1,redis,sb:events:n20:feed5:rep1,84fbca7e-c79e-4f67-8026-4c9578366292,3895107,0,9960704200,9960732700,1781298207930-0
concurrency_n20_20260612_220313_redis_feed5_rep1,redis,sb:events:n20:feed5:rep1,ea1e6876-4179-4750-8231-55c3d6ec8001,3895113,0,9962453600,9962483900,1781298207935-0
concurrency_n20_20260612_220313_redis_feed5_rep1,redis,sb:events:n20:feed5:rep1,16d29511-a5c7-4a18-a4b4-d40571e69bd4,3895121,0,9969899300,9969928500,1781298207942-0
concurrency_n20_20260612_220313_redis_feed5_rep1,redis,sb:events:n20:feed5:rep1,7f498384-e379-41b8-bdd2-8bf16412e8cc,3895134,0,9977937400,9977975600,1781298207946-0
concurrency_n20_20260612_220313_redis_feed5_rep1,redis,sb:events:n20:feed5:rep1,9790a466-9c56-42aa-96aa-a9ad1a6f8811,3895052,0,9984541600,9984566700,1781298207958-0
concurrency_n20_20260612_220313_redis_feed5_rep1,redis,sb:events:n20:feed5:rep1,fefef503-f3cc-4d41-9b3f-9ddc57b6a93b,3895060,0,9990404300,9990452900,1781298207962-0
concurrency_n20_20260612_220313_redis_feed5_rep1,redis,sb:events:n20:feed5:rep1,d593adb3-8980-46f6-b384-4a91f4ec01ba,3895067,0,9995502000,9995531900,1781298207969-0
concurrency_n20_20260612_220313_redis_feed5_rep1,redis,sb:events:n20:feed5:rep1,3dd463f6-b445-407d-8120-bf6aeab35526,3895074,0,9998352300,9998381200,1781298207973-0
concurrency_n20_20260612_220313_redis_feed5_rep1,redis,sb:events:n20:feed5:rep1,6755b1ac-4f37-4c35-b1ef-181d68375e7d,3895086,0,10005406900,10005433000,1781298207979-0
concurrency_n20_20260612_220313_redis_feed5_rep1,redis,sb:events:n20:feed5:rep1,73376ffb-3f9f-4570-9b3e-c51d44315ef3,3895095,0,10028740200,10028767600,1781298207982-0
concurrency_n20_20260612_220313_redis_feed5_rep1,redis,sb:events:n20:feed5:rep1,b4bd630b-4e82-4f31-8947-17beb238dc5a,3895107,0,10033645600,10034024900,1781298208007-0
concurrency_n20_20260612_220313_redis_feed5_rep1,redis,sb:events:n20:feed5:rep1,a88295ad-33e8-4427-872c-eba006d8a0ef,3895113,0,10044354800,10044384800,1781298208023-0
concurrency_n20_20260612_220313_redis_feed5_rep1,redis,sb:events:n20:feed5:rep1,27cf4ae2-0319-4fc6-9ace-9f960bb0e4e6,3895121,0,10049100600,10049125400,1781298208029-0
concurrency_n20_20260612_220313_redis_feed5_rep1,redis,sb:events:n20:feed5:rep1,4af6d17a-69ad-4bca-aece-f3be76c10138,3895134,0,10056492200,10056518400,1781298208034-0
concurrency_n20_20260612_220313_redis_feed5_rep1,redis,sb:events:n20:feed5:rep1,c6762724-3ad0-4ed1-b232-7f32ac192ec6,3895052,0,10061837200,10061862700,1781298208042-0
concurrency_n20_20260612_220313_redis_feed5_rep1,redis,sb:events:n20:feed5:rep1,2f46ad65-50a4-4834-9bd9-86a61f034234,3895060,0,10068793900,10068822000,1781298208046-0
concurrency_n20_20260612_220313_redis_feed5_rep1,redis,sb:events:n20:feed5:rep1,a40403c7-74d7-45e6-ba91-5ebd6c313d8e,3895067,0,10072654700,10072678900,1781298208050-0
concurrency_n20_20260612_220313_redis_feed5_rep1,redis,sb:events:n20:feed5:rep1,77f9b3e5-e0e4-4032-8228-089aa0dd578b,3895074,0,10078324000,10078352300,1781298208053-0
concurrency_n20_20260612_220313_redis_feed5_rep1,redis,sb:events:n20:feed5:rep1,8b3af8ba-e26c-40b0-8278-c3e4c7a925f8,3895086,0,10084448900,10084477100,1781298208057-0
concurrency_n20_20260612_220313_redis_feed5_rep1,redis,sb:events:n20:feed5:rep1,52a1e2ea-5b27-4cb1-9204-865583191956,3895095,0,10091392000,10091422400,1781298208064-0
concurrency_n20_20260612_220313_redis_feed5_rep1,redis,sb:events:n20:feed5:rep1,6810c39c-8726-412f-b831-62dfec867465,3895107,0,10096483100,10096520900,1781298208072-0
concurrency_n20_20260612_220313_redis_feed5_rep1,redis,sb:events:n20:feed5:rep1,6d6ab3f4-8136-407c-a92f-3f8a6549abdd,3895113,0,10102173300,10102200400,1781298208075-0
concurrency_n20_20260612_220313_redis_feed5_rep1,redis,sb:events:n20:feed5:rep1,92e52894-484a-48de-8051-469ea23d6aaa,3895121,0,10108451300,10108479100,1781298208079-0
concurrency_n20_20260612_220313_redis_feed5_rep1,redis,sb:events:n20:feed5:rep1,a281da9d-e3f4-43f1-ac2e-f46bbd04fed0,3895134,0,10110833000,10110858000,1781298208084-0
concurrency_n20_20260612_220313_redis_feed5_rep1,redis,sb:events:n20:feed5:rep1,ba22283a-c920-448c-804e-3737cccd9fff,3895052,0,10118994700,10119022600,1781298208089-0
concurrency_n20_20260612_220313_redis_feed5_rep1,redis,sb:events:n20:feed5:rep1,3b3a42a2-e2a1-49f8-9b77-5ec638303a06,3895060,0,10131806500,10131832500,1781298208106-0
concurrency_n20_20260612_220313_redis_feed5_rep1,redis,sb:events:n20:feed5:rep1,fae27a68-42f4-44cf-8fc0-8d4126407ae3,3895067,0,10141001500,10141029900,1781298208117-0
concurrency_n20_20260612_220313_redis_feed5_rep1,redis,sb:events:n20:feed5:rep1,e627413d-5de5-402a-9bb3-90c4cd3b65ec,3895074,0,10171360400,10171387500,1781298208143-0
concurrency_n20_20260612_220313_redis_feed5_rep1,redis,sb:events:n20:feed5:rep1,b795eae8-ba56-4343-8662-92a8da669bc5,3895086,0,10199617700,10199646900,1781298208171-0
concurrency_n20_20260612_220313_redis_feed5_rep1,redis,sb:events:n20:feed5:rep1,a7102458-910f-4583-b653-e3165351e124,3895095,0,10203409800,10203436500,1781298208178-0
concurrency_n20_20260612_220313_redis_feed5_rep1,redis,sb:events:n20:feed5:rep1,a549d56e-c626-419f-9244-ad813ec8e559,3895107,0,10227065900,10227099900,1781298208190-0
concurrency_n20_20260612_220313_redis_feed5_rep1,redis,sb:events:n20:feed5:rep1,51a7253e-31ed-49f5-9494-f5ab0d2ee039,3895113,0,10249770700,10249792900,1781298208220-0
concurrency_n20_20260612_220313_redis_feed5_rep1,redis,sb:events:n20:feed5:rep1,d16c061b-99fe-4266-ad73-d7f9c73482b0,3895121,0,10272672400,10272692600,1781298208231-0
concurrency_n20_20260612_220313_redis_feed5_rep1,redis,sb:events:n20:feed5:rep1,6d5e4ad7-9dd8-428b-97f9-5eee0ee14c17,3895134,0,10276312200,10276337600,1781298208250-0
concurrency_n20_20260612_220313_redis_feed5_rep1,redis,sb:events:n20:feed5:rep1,9a50295b-7f7a-449c-9ef3-87e60467e8e1,3895052,0,10306603000,10306636100,1781298208270-0
concurrency_n20_20260612_220313_redis_feed5_rep1,redis,sb:events:n20:feed5:rep1,69bdfb9b-ba46-41c8-814a-98f0a43c6501,3895060,0,10326218700,10326244500,1781298208295-0
concurrency_n20_20260612_220313_redis_feed5_rep1,redis,sb:events:n20:feed5:rep1,ad010a23-88fe-43af-8b5c-8cd1772842ac,3895067,0,10352881400,10352909300,1781298208327-0
concurrency_n20_20260612_220313_redis_feed5_rep1,redis,sb:events:n20:feed5:rep1,16252ec8-ab09-4119-bcf6-7fd6524f9128,3895074,0,10390682600,10390720800,1781298208360-0
concurrency_n20_20260612_220313_redis_feed5_rep1,redis,sb:events:n20:feed5:rep1,3aee3cdf-be11-4ee6-b4bb-828cb4edbe36,3895086,0,10406022900,10406045400,1781298208384-0
concurrency_n20_20260612_220313_redis_feed5_rep1,redis,sb:events:n20:feed5:rep1,4a13ba2d-59ad-43d3-b567-6aee81422367,3895095,0,10420884800,10420913000,1781298208400-0
concurrency_n20_20260612_220313_redis_feed5_rep1,redis,sb:events:n20:feed5:rep1,cc3b6a56-e194-4ce6-901d-a4f84177e81b,3895107,0,10430736700,10430757200,1781298208404-0
concurrency_n20_20260612_220313_redis_feed5_rep1,redis,sb:events:n20:feed5:rep1,ac5aac4c-5a0e-44c2-97ca-ec38bdb05917,3895113,0,10439236100,10439262900,1781298208417-0
concurrency_n20_20260612_220313_redis_feed5_rep1,redis,sb:events:n20:feed5:rep1,1cdd596e-bf1f-4096-848a-a2a5db4fd313,3895121,0,10451427900,10451449600,1781298208429-0
concurrency_n20_20260612_220313_redis_feed5_rep1,redis,sb:events:n20:feed5:rep1,1bed9ec9-1af9-4570-a620-8aab3469a6dd,3895134,0,10457121500,10457149000,1781298208436-0
concurrency_n20_20260612_220313_redis_feed5_rep1,redis,sb:events:n20:feed5:rep1,e03021cc-80c5-4ac6-909e-903dca845ee3,3895107,0,10463251600,10463280900,1781298208442-0
concurrency_n20_20260612_220313_redis_feed5_rep1,redis,sb:events:n20:feed5:rep1,f3dfb8ef-6678-493f-bbce-99f9678b7f75,3895107,0,10471116600,10471142400,1781298208449-0
concurrency_n20_20260612_220313_redis_feed5_rep1,redis,sb:events:n20:feed5:rep1,17c0df03-219a-4603-befe-8cd2f58d6d47,3895052,1,10478038200,10478070400,1781298208456-0
concurrency_n20_20260612_220313_redis_feed5_rep1,redis,sb:events:n20:feed5:rep1,b306ec30-5755-4017-861a-670617955a41,3895074,1,10484239200,10484268500,1781298208463-0
concurrency_n20_20260612_220313_redis_feed5_rep1,redis,sb:events:n20:feed5:rep1,6c4c62f2-7d95-4094-a714-50c0161ee2e6,3895052,1,10498604500,10498636000,1781298208475-0
concurrency_n20_20260612_220313_redis_feed5_rep1,redis,sb:events:n20:feed5:rep1,2b7eff06-8d56-4f2c-bab1-076d4077ed10,3895074,1,10516652200,10516685800,1781298208493-0
concurrency_n20_20260612_220313_redis_feed5_rep1,redis,sb:events:n20:feed5:rep1,8d4e66c1-7ddb-4e75-b89f-bdb0592be264,3895107,1,10555810900,10555838100,1781298208506-0
concurrency_n20_20260612_220313_redis_feed5_rep1,redis,sb:events:n20:feed5:rep1,ceaa47dd-e3bf-4016-ade0-ed3d54afe971,3895060,2,10569186700,10569299600,1781298208521-0
concurrency_n20_20260612_220313_redis_feed5_rep1,redis,sb:events:n20:feed5:rep1,0e2c9eac-6504-4dae-9939-5f2920e7102d,3895067,2,10586870400,10586896800,1781298208536-0
concurrency_n20_20260612_220313_redis_feed5_rep1,redis,sb:events:n20:feed5:rep1,40f9b6ab-32ab-47e8-8b92-9b97e90d4c4f,3895086,2,10601101000,10601134800,1781298208551-0
concurrency_n20_20260612_220313_redis_feed5_rep1,redis,sb:events:n20:feed5:rep1,f69d0d63-6ad0-41ea-bcec-f1b86b886a83,3895095,2,10610878400,10610906200,1781298208582-0
concurrency_n20_20260612_220313_redis_feed5_rep1,redis,sb:events:n20:feed5:rep1,d54cc444-c9f7-4e31-820a-28e0ad5d8ec4,3895113,2,10619177400,10619211300,1781298208583-0
concurrency_n20_20260612_220313_redis_feed5_rep1,redis,sb:events:n20:feed5:rep1,f8442e6f-3919-46bc-848a-5f545627cf82,3895121,2,10655856000,10655883800,1781298208599-0
concurrency_n20_20260612_220313_redis_feed5_rep1,redis,sb:events:n20:feed5:rep1,50dad646-a7c1-450b-8a63-2e2fd90b3cd1,3895134,2,10682215500,10682240600,1781298208650-0
concurrency_n20_20260612_220313_redis_feed5_rep1,redis,sb:events:n20:feed5:rep1,70432a35-52ff-429b-8a11-c47bba8fab19,3895060,2,10721626600,10721661800,1781298208697-0
concurrency_n20_20260612_220313_redis_feed5_rep1,redis,sb:events:n20:feed5:rep1,c04183cf-75d8-42b0-91fd-4a026dba10b4,3895067,2,10729599700,10729629400,1781298208707-0
concurrency_n20_20260612_220313_redis_feed5_rep1,redis,sb:events:n20:feed5:rep1,55321383-ae1f-407e-8f20-2524fd16d04a,3895086,2,10735205200,10735233200,1781298208714-0
concurrency_n20_20260612_220313_redis_feed5_rep1,redis,sb:events:n20:feed5:rep1,285e8e4a-7c84-4ca1-9688-d8b56d623cc2,3895095,2,10740947700,10740972800,1781298208720-0
concurrency_n20_20260612_220313_redis_feed5_rep1,redis,sb:events:n20:feed5:rep1,eb3fde27-a34b-42be-b262-d329e138fff2,3895113,2,10749477000,10749505600,1781298208723-0
concurrency_n20_20260612_220313_redis_feed5_rep1,redis,sb:events:n20:feed5:rep1,f296523f-5c17-4d25-8371-f7142523a057,3895121,2,10756132600,10756155200,1781298208733-0
concurrency_n20_20260612_220313_redis_feed5_rep1,redis,sb:events:n20:feed5:rep1,b293256b-d885-4135-98ca-8ecf12f9e5a6,3895134,2,10760021100,10760047600,1781298208738-0
concurrency_n20_20260612_220313_redis_feed5_rep1,redis,sb:events:n20:feed5:rep1,d6b118e9-dee4-4f3a-9046-2a086e85ca6b,3895074,2,10765140000,10765167200,1781298208743-0
concurrency_n20_20260612_220313_redis_feed5_rep1,redis,sb:events:n20:feed5:rep1,6acfcb07-7343-4821-aa28-a91f66140043,3895134,2,10771938200,10771966000,1781298208751-0
concurrency_n20_20260612_220313_redis_feed5_rep1,redis,sb:events:n20:feed5:rep1,080124d4-8c99-46a5-aaf3-9a935ccd1248,3895107,2,10788149800,10788222300,1781298208767-0
concurrency_n20_20260612_220313_redis_feed5_rep1,redis,sb:events:n20:feed5:rep1,f9a9b240-dc0d-49e8-b72a-ec081b4c2bf3,3895107,2,10794034400,10794060200,1781298208773-0
concurrency_n20_20260612_220313_redis_feed5_rep1,redis,sb:events:n20:feed5:rep1,e5f7cd6e-b6e9-4538-96f5-380ee1534325,3895107,2,10800729800,10800754100,1781298208780-0
concurrency_n20_20260612_220313_redis_feed5_rep1,redis,sb:events:n20:feed5:rep1,15bf07b2-c5b7-4074-8693-1d9e4a5b7153,3895052,3,10814590800,10814636300,1781298208786-0
concurrency_n20_20260612_220313_redis_feed5_rep1,redis,sb:events:n20:feed5:rep1,748f1afc-2300-4252-bc9b-f161b5e7c6ef,3895060,3,10819885100,10819909100,1781298208797-0
concurrency_n20_20260612_220313_redis_feed5_rep1,redis,sb:events:n20:feed5:rep1,28f3d343-a6db-4854-bae5-f3390857e90c,3895086,3,10828622600,10828648900,1781298208801-0
concurrency_n20_20260612_220313_redis_feed5_rep1,redis,sb:events:n20:feed5:rep1,494d25f1-83d3-4375-aa5c-29dfd26dfebd,3895095,3,10854156400,10854183500,1781298208816-0
concurrency_n20_20260612_220313_redis_feed5_rep1,redis,sb:events:n20:feed5:rep1,c5fa6ce0-df8d-42a2-8bdd-601d167d5ec1,3895121,3,10856759900,10856786000,1781298208829-0
concurrency_n20_20260612_220313_redis_feed5_rep1,redis,sb:events:n20:feed5:rep1,3c689040-9b59-4fad-8456-48b2ec8a2058,3895052,3,10863847900,10863870500,1781298208836-0
concurrency_n20_20260612_220313_redis_feed5_rep1,redis,sb:events:n20:feed5:rep1,c5dd24ba-9256-48e3-b852-121bc71914e3,3895107,3,10868663800,10868692500,1781298208843-0
concurrency_n20_20260612_220313_redis_feed5_rep1,redis,sb:events:n20:feed5:rep1,3114849f-6506-405c-bb4d-71ba30905d5e,3895107,3,10871880400,10871911200,1781298208847-0
concurrency_n20_20260612_220313_redis_feed5_rep1,redis,sb:events:n20:feed5:rep1,042f1fd2-3cd4-439a-97c4-9275f435f098,3895113,4,10877175900,10877199800,1781298208851-0
concurrency_n20_20260612_220313_redis_feed5_rep1,redis,sb:events:n20:feed5:rep1,4f14f36d-c3c1-45d5-9c94-a65f9489d40f,3895074,4,10881246900,10881270300,1781298208856-0
concurrency_n20_20260612_220313_redis_feed5_rep1,redis,sb:events:n20:feed5:rep1,980abd18-b5d2-49cd-b110-7f534fd23dfc,3895095,4,10885370400,10885440700,1781298208861-0
concurrency_n20_20260612_220313_redis_feed5_rep1,redis,sb:events:n20:feed5:rep1,0195cc34-10dc-41e9-ada9-e853f9c16f02,3895134,4,10889398800,10889421800,1781298208865-0
concurrency_n20_20260612_220313_redis_feed5_rep1,redis,sb:events:n20:feed5:rep1,88661240-834a-430d-8629-b37b64dbcddc,3895052,4,10900135400,10900162200,1781298208871-0
concurrency_n20_20260612_220313_redis_feed5_rep1,redis,sb:events:n20:feed5:rep1,2256b8d2-0b23-4080-9849-1553d0135c73,3895074,4,10912075100,10912101500,1781298208882-0
concurrency_n20_20260612_220313_redis_feed5_rep1,redis,sb:events:n20:feed5:rep1,df085776-1a71-4f2d-9b9a-d385914ac874,3895095,4,10914519700,10914547700,1781298208889-0
concurrency_n20_20260612_220313_redis_feed5_rep1,redis,sb:events:n20:feed5:rep1,5342ea84-0732-454a-9551-8bc9fbe70d05,3895134,4,10931342800,10931370200,1781298208905-0
concurrency_n20_20260612_220313_redis_feed5_rep1,redis,sb:events:n20:feed5:rep1,b8c2ef59-5a72-4382-8d37-ef532f1ba623,3895107,4,10936560100,10936586200,1781298208914-0
concurrency_n20_20260612_220313_redis_feed5_rep1,redis,sb:events:n20:feed5:rep1,aabb516d-6ede-4543-9394-967c0499af8a,3895067,5,10975448500,10975479100,1781298208938-0
concurrency_n20_20260612_220313_redis_feed5_rep1,redis,sb:events:n20:feed5:rep1,c93d7723-7a1c-4be8-97e1-0babb1be6f11,3895113,5,10985446700,10985472300,1781298208955-0
concurrency_n20_20260612_220313_redis_feed5_rep1,redis,sb:events:n20:feed5:rep1,3cb0c74e-75be-431c-917f-011efc184fdb,3895113,5,11006846800,11006878500,1781298208968-0
concurrency_n20_20260612_220313_redis_feed5_rep1,redis,sb:events:n20:feed5:rep1,3d52c020-9bad-49c3-8ae7-05c40e223268,3895113,5,11032752800,11032786700,1781298209001-0
concurrency_n20_20260612_220313_redis_feed5_rep1,redis,sb:events:n20:feed5:rep1,c744951c-c660-4c83-8083-049bf85c8cbd,3895060,6,11038102900,11038122500,1781298209015-0
concurrency_n20_20260612_220313_redis_feed5_rep1,redis,sb:events:n20:feed5:rep1,39ec53e3-9bd4-4411-814d-6e1ede254aac,3895086,6,11044564900,11044594700,1781298209020-0
concurrency_n20_20260612_220313_redis_feed5_rep1,redis,sb:events:n20:feed5:rep1,33fdf203-b847-4fa5-9021-5f1875717796,3895060,6,11051475200,11051498400,1781298209028-0
concurrency_n20_20260612_220313_redis_feed5_rep1,redis,sb:events:n20:feed5:rep1,98e575e4-0886-40e5-96a8-9c9f857ebcc1,3895052,6,11064849800,11064964500,1781298209033-0
concurrency_n20_20260612_220313_redis_feed5_rep1,redis,sb:events:n20:feed5:rep1,d4683bb7-cdad-4a7d-9851-743212fba939,3895074,6,11074979300,11075106800,1781298209041-0
concurrency_n20_20260612_220313_redis_feed5_rep1,redis,sb:events:n20:feed5:rep1,f019df08-0da5-48d9-a838-1da35f369c3c,3895052,6,11077703500,11077794300,1781298209051-0
concurrency_n20_20260612_220313_redis_feed5_rep1,redis,sb:events:n20:feed5:rep1,e8a7f299-6faa-4914-bcdf-2e44131ed85c,3895107,6,11104855200,11104916400,1781298209057-0
concurrency_n20_20260612_220313_redis_feed5_rep1,redis,sb:events:n20:feed5:rep1,7ddab21c-8faf-4fbc-a290-a2cdb40b7df7,3895107,6,11109106400,11109140100,1781298209066-0
concurrency_n20_20260612_220313_redis_feed5_rep1,redis,sb:events:n20:feed5:rep1,d6006eb1-3ef6-4955-a47a-7b2b9192b522,3895121,7,11112866800,11112898500,1781298209083-0
concurrency_n20_20260612_220313_redis_feed5_rep1,redis,sb:events:n20:feed5:rep1,d87f4aa7-4a9b-4319-8dd9-c5426dc81e34,3895121,7,11120316000,11120349100,1781298209095-0
concurrency_n20_20260612_220313_redis_feed5_rep1,redis,sb:events:n20:feed5:rep1,a88a8b7b-dab2-4a21-a85b-580af51a83d1,3895095,7,11127049100,11127073700,1781298209106-0
concurrency_n20_20260612_220313_redis_feed5_rep1,redis,sb:events:n20:feed5:rep1,a0313cd5-9822-48bf-8ca6-3c92789a7474,3895121,7,11132684400,11132719700,1781298209110-0
concurrency_n20_20260612_220313_redis_feed5_rep1,redis,sb:events:n20:feed5:rep1,39fe9846-f889-4790-956c-d8df633e77d5,3895074,7,11156680200,11156707400,1781298209131-0
concurrency_n20_20260612_220313_redis_feed5_rep1,redis,sb:events:n20:feed5:rep1,ff2841c0-d955-494b-a7a9-ac8bbb82ad73,3895113,7,11161545800,11161571600,1781298209140-0
concurrency_n20_20260612_220313_redis_feed5_rep1,redis,sb:events:n20:feed5:rep1,5550d825-5f3b-41f6-bba0-d4cf66c1438e,3895074,7,11165791000,11165816600,1781298209144-0
concurrency_n20_20260612_220313_redis_feed5_rep1,redis,sb:events:n20:feed5:rep1,5af66cb7-f6a6-47cb-a57d-696dcdbe6716,3895113,7,11170184700,11170210500,1781298209149-0
concurrency_n20_20260612_220313_redis_feed5_rep1,redis,sb:events:n20:feed5:rep1,e8aa6b61-931b-4bf8-b329-cb66ffbd4313,3895074,7,11175656600,11175684100,1781298209153-0
concurrency_n20_20260612_220313_redis_feed5_rep1,redis,sb:events:n20:feed5:rep1,45ee08ea-fdab-4a8e-8114-f0dec4a5e815,3895113,7,11182408400,11182442700,1781298209156-0
concurrency_n20_20260612_220313_redis_feed5_rep1,redis,sb:events:n20:feed5:rep1,b2d11f7f-8c0d-4533-b2a3-843e981238ad,3895067,8,11190976900,11191008000,1781298209160-0
concurrency_n20_20260612_220313_redis_feed5_rep1,redis,sb:events:n20:feed5:rep1,320e0bbb-8e37-429c-aa29-d58d9ae85075,3895067,8,11201398000,11201442500,1781298209166-0
concurrency_n20_20260612_220313_redis_feed5_rep1,redis,sb:events:n20:feed5:rep1,1739877d-1a9a-45a1-a72d-189cd19ce825,3895060,8,11205831800,11206062600,1781298209168-0
concurrency_n20_20260612_220313_redis_feed5_rep1,redis,sb:events:n20:feed5:rep1,2da5d3ff-deec-4d16-b866-8a7d1fbb93e9,3895060,8,11208414900,11208442600,1781298209175-0
concurrency_n20_20260612_220313_redis_feed5_rep1,redis,sb:events:n20:feed5:rep1,71c80fb5-ad88-4f1a-a7d4-fd63ed429bcd,3895095,8,11214228000,11214257800,1781298209188-0
concurrency_n20_20260612_220313_redis_feed5_rep1,redis,sb:events:n20:feed5:rep1,d8ec2ac3-0202-455a-8a5d-255e1e4cc473,3895121,8,11216561200,11216591400,1781298209193-0
concurrency_n20_20260612_220313_redis_feed5_rep1,redis,sb:events:n20:feed5:rep1,1d75ee1b-f1e8-43ab-a31d-cc0805acd5e2,3895052,8,11221092100,11221120900,1781298209198-0
concurrency_n20_20260612_220313_redis_feed5_rep1,redis,sb:events:n20:feed5:rep1,cc3655de-3632-4a2c-8a22-d670144485db,3895095,8,11224815300,11224841900,1781298209203-0
concurrency_n20_20260612_220313_redis_feed5_rep1,redis,sb:events:n20:feed5:rep1,38932aa9-ad68-4202-bc2b-cca968001831,3895113,8,11234836000,11234861300,1781298209213-0
concurrency_n20_20260612_220313_redis_feed5_rep1,redis,sb:events:n20:feed5:rep1,5ff692af-8337-40bf-bf94-3357c44a9765,3895113,8,11255529900,11255558300,1781298209228-0
concurrency_n20_20260612_220313_redis_feed5_rep1,redis,sb:events:n20:feed5:rep1,dd059ddd-697b-4957-a691-f20eec306ea5,3895121,9,11261274900,11261302300,1781298209236-0
concurrency_n20_20260612_220313_redis_feed5_rep1,redis,sb:events:n20:feed5:rep1,8f1fbe41-034b-43eb-9585-edbb0aadb7ba,3895052,9,11267058600,11267096700,1781298209243-0
concurrency_n20_20260612_220313_redis_feed5_rep1,redis,sb:events:n20:feed5:rep1,99c1964f-2b9c-4442-b485-f7e6ce554c84,3895095,9,11291416600,11291443100,1781298209271-0
concurrency_n20_20260612_220313_redis_feed5_rep1,redis,sb:events:n20:feed5:rep1,629bf2a1-ed9d-4d49-a2d8-cfd7a59e6e3e,3895121,9,11298987700,11299012900,1781298209277-0
concurrency_n20_20260612_220313_redis_feed5_rep1,redis,sb:events:n20:feed5:rep1,4127d02c-6da9-47dc-b26f-40da7d121a92,3895052,9,11303521000,11303543100,1781298209282-0
concurrency_n20_20260612_220313_redis_feed5_rep1,redis,sb:events:n20:feed5:rep1,9d075ad4-9f9f-4e6f-a093-5919a1a920b3,3895074,9,11335289600,11335318700,1781298209299-0
concurrency_n20_20260612_220313_redis_feed5_rep1,redis,sb:events:n20:feed5:rep1,0427f1ec-ddae-4698-ab55-cc0403e01b74,3895095,9,11348044600,11348075900,1781298209322-0
concurrency_n20_20260612_220313_redis_feed5_rep1,redis,sb:events:n20:feed5:rep1,43c3670a-83aa-427e-b4db-68d69ea6f60a,3895074,9,11357144300,11357167200,1781298209331-0
concurrency_n20_20260612_220313_redis_feed5_rep1,redis,sb:events:n20:feed5:rep1,31528025-7c8a-4a3c-abf4-a6b496204f3f,3895074,9,11362410900,11362435000,1781298209336-0
concurrency_n20_20260612_220313_redis_feed5_rep1,redis,sb:events:n20:feed5:rep1,08b17ce3-0fb5-45ee-b37f-1dff007b694a,3895067,10,11366378000,11366402300,1781298209342-0
concurrency_n20_20260612_220313_redis_feed5_rep1,redis,sb:events:n20:feed5:rep1,174d1bd5-23b1-403b-b417-fc59eab9339c,3895134,10,11432147700,11432529400,1781298209380-0
concurrency_n20_20260612_220313_redis_feed5_rep1,redis,sb:events:n20:feed5:rep1,7cba4468-f2eb-4352-94e8-2474e078f085,3895067,10,11439240300,11439276500,1781298209412-0
concurrency_n20_20260612_220313_redis_feed5_rep1,redis,sb:events:n20:feed5:rep1,7604592e-b68b-4f0b-a7ff-eca7a0e2440b,3895134,10,11444338500,11444364300,1781298209420-0
concurrency_n20_20260612_220313_redis_feed5_rep1,redis,sb:events:n20:feed5:rep1,ed38d77f-8234-4921-88d2-52ae89331fc2,3895060,10,11450997100,11451052700,1781298209427-0
concurrency_n20_20260612_220313_redis_feed5_rep1,redis,sb:events:n20:feed5:rep1,3a82e4ae-0527-4391-a6c1-23c5e4ace661,3895067,10,11456759800,11456784000,1781298209434-0
concurrency_n20_20260612_220313_redis_feed5_rep1,redis,sb:events:n20:feed5:rep1,55773380-38a7-49a4-b73a-a688f19444c1,3895134,10,11461356600,11461388700,1781298209442-0
concurrency_n20_20260612_220313_redis_feed5_rep1,redis,sb:events:n20:feed5:rep1,7aa7a387-f694-48d3-9239-56af7324dae2,3895060,10,11470818100,11470850000,1781298209450-0
concurrency_n20_20260612_220313_redis_feed5_rep1,redis,sb:events:n20:feed5:rep1,74e102e0-b7bc-4d69-a21b-fe814eb02b6e,3895134,10,11512214600,11512243100,1781298209492-0
concurrency_n20_20260612_220313_redis_feed5_rep1,redis,sb:events:n20:feed5:rep1,2fdcfc97-4f53-46be-ae4a-a5b67c508cf9,3895121,10,11518543300,11518569300,1781298209497-0
concurrency_n20_20260612_220313_redis_feed5_rep1,redis,sb:events:n20:feed5:rep1,897c5f7a-b611-400d-a4bd-546cbba4e897,3895134,10,11522700400,11522724300,1781298209501-0
concurrency_n20_20260612_220313_redis_feed5_rep1,redis,sb:events:n20:feed5:rep1,fac6763f-5f80-4b02-94e3-799bd452abc8,3895113,10,11528137200,11528159600,1781298209507-0
concurrency_n20_20260612_220313_redis_feed5_rep1,redis,sb:events:n20:feed5:rep1,d5a131da-001e-451d-94a2-16c8fddf1ae0,3895086,11,11532648100,11532672300,1781298209511-0
concurrency_n20_20260612_220313_redis_feed5_rep1,redis,sb:events:n20:feed5:rep1,43134fef-e6aa-4650-9198-9da79f955c83,3895067,11,11546452900,11546483700,1781298209515-0
concurrency_n20_20260612_220313_redis_feed5_rep1,redis,sb:events:n20:feed5:rep1,b767f8cf-4d2d-45c2-befd-2acd1c356621,3895060,11,11551212200,11551570500,1781298209524-0
concurrency_n20_20260612_220313_redis_feed5_rep1,redis,sb:events:n20:feed5:rep1,e62a0339-6478-4758-9dda-9c3a672cda2b,3895067,11,11573347500,11573375000,1781298209531-0
concurrency_n20_20260612_220313_redis_feed5_rep1,redis,sb:events:n20:feed5:rep1,6fcdcd6a-f032-47d6-8ab5-40021f4c097d,3895095,11,11575469000,11575494500,1781298209536-0
concurrency_n20_20260612_220313_redis_feed5_rep1,redis,sb:events:n20:feed5:rep1,b2a1e34b-f362-4be7-abc3-7d5015d54850,3895121,11,11577181300,11577206900,1781298209542-0
concurrency_n20_20260612_220313_redis_feed5_rep1,redis,sb:events:n20:feed5:rep1,635f9e3a-22a3-4328-aa0d-299e2244750f,3895134,11,11578277400,11578302000,1781298209547-0
concurrency_n20_20260612_220313_redis_feed5_rep1,redis,sb:events:n20:feed5:rep1,523c9836-c56d-469f-a9b2-b2cccef6dab7,3895095,11,11581933200,11581981400,1781298209553-0
concurrency_n20_20260612_220313_redis_feed5_rep1,redis,sb:events:n20:feed5:rep1,480e7b02-6900-48ff-a092-84edfe968c1e,3895121,11,11583895000,11583926300,1781298209558-0
concurrency_n20_20260612_220313_redis_feed5_rep1,redis,sb:events:n20:feed5:rep1,177cc6d8-cc4d-4509-9a20-021f81a25de5,3895134,11,11588091300,11588118300,1781298209562-0
concurrency_n20_20260612_220313_redis_feed5_rep1,redis,sb:events:n20:feed5:rep1,7962ad90-9dc3-435e-b10a-9bbfa62c5d21,3895074,11,11593443900,11593468300,1781298209567-0
concurrency_n20_20260612_220313_redis_feed5_rep1,redis,sb:events:n20:feed5:rep1,429856a9-3da6-4b26-b2c7-bffd25ab0c19,3895113,11,11595314000,11595339600,1781298209571-0
concurrency_n20_20260612_220313_redis_feed5_rep1,redis,sb:events:n20:feed5:rep1,7913f543-9fcd-488e-84d6-8a14f0455694,3895074,11,11600138900,11600161000,1781298209577-0
concurrency_n20_20260612_220313_redis_feed5_rep1,redis,sb:events:n20:feed5:rep1,8847c801-2b00-4bf3-9bb8-88f92ab95fa1,3895074,11,11610107600,11610133000,1781298209582-0
concurrency_n20_20260612_220313_redis_feed5_rep1,redis,sb:events:n20:feed5:rep1,5b924c30-ccff-4008-a917-fda9ba37cba4,3895074,11,11619639000,11619680900,1781298209585-0
concurrency_n20_20260612_220313_redis_feed5_rep1,redis,sb:events:n20:feed5:rep1,1e2eb1e6-7441-4fcb-b532-b7e4ff107657,3895086,12,11627722000,11627751600,1781298209602-0
concurrency_n20_20260612_220313_redis_feed5_rep1,redis,sb:events:n20:feed5:rep1,a03fa6b0-0944-4d90-9881-9d2b47418d86,3895086,12,11633049600,11633077800,1781298209610-0
concurrency_n20_20260612_220313_redis_feed5_rep1,redis,sb:events:n20:feed5:rep1,e7281523-4786-460c-a9a4-c25b2828a783,3895086,12,11637517600,11637542300,1781298209614-0
concurrency_n20_20260612_220313_redis_feed5_rep1,redis,sb:events:n20:feed5:rep1,585a8685-12a2-418f-91a6-4d2a02ad8430,3895052,12,11641819100,11641846500,1781298209618-0
concurrency_n20_20260612_220313_redis_feed5_rep1,redis,sb:events:n20:feed5:rep1,316981db-6e7f-44a0-999e-b56d5da36fd6,3895060,12,11645740400,11645767600,1781298209621-0
concurrency_n20_20260612_220313_redis_feed5_rep1,redis,sb:events:n20:feed5:rep1,86c3a258-b8ca-4ec4-955d-05e4a45f4053,3895067,12,11661787300,11661813000,1781298209638-0
concurrency_n20_20260612_220313_redis_feed5_rep1,redis,sb:events:n20:feed5:rep1,e7b35a27-1240-4696-9680-00347a4fd4ab,3895067,12,11688018200,11688048100,1781298209663-0
concurrency_n20_20260612_220313_redis_feed5_rep1,redis,sb:events:n20:feed5:rep1,66cebf02-2ea6-4c35-a551-862b09130220,3895107,12,11693926400,11693980900,1781298209668-0
concurrency_n20_20260612_220313_redis_feed5_rep1,redis,sb:events:n20:feed5:rep1,817e0fb2-07b1-470b-9ad7-0bba4767e247,3895095,12,11746631200,11746657500,1781298209703-0
concurrency_n20_20260612_220313_redis_feed5_rep1,redis,sb:events:n20:feed5:rep1,5bdb34eb-55f0-4afa-b200-3172dc49c743,3895121,12,11753402700,11753424900,1781298209727-0
concurrency_n20_20260612_220313_redis_feed5_rep1,redis,sb:events:n20:feed5:rep1,01867a27-4aa7-42ac-ab96-6d7f49d8dcb8,3895134,12,11759264200,11759299100,1781298209731-0
concurrency_n20_20260612_220313_redis_feed5_rep1,redis,sb:events:n20:feed5:rep1,ba2de37d-ee65-4feb-a5ea-b54fc0236494,3895113,12,11761873600,11761898100,1781298209736-0
concurrency_n20_20260612_220313_redis_feed5_rep1,redis,sb:events:n20:feed5:rep1,c55ee278-e7d5-4f2f-aaf9-1d7e71c7ee6f,3895134,12,11766716000,11766739200,1781298209742-0
concurrency_n20_20260612_220313_redis_feed5_rep1,redis,sb:events:n20:feed5:rep1,51fb02b5-26e7-43ac-8165-4ca01a5c46d6,3895113,12,11771515400,11771537600,1781298209746-0
concurrency_n20_20260612_220313_redis_feed5_rep1,redis,sb:events:n20:feed5:rep1,da7c4c87-47cc-43e4-abc7-ed5153ccd953,3895086,13,11775406100,11775429300,1781298209751-0
concurrency_n20_20260612_220313_redis_feed5_rep1,redis,sb:events:n20:feed5:rep1,2d158032-d266-417c-b308-7988ff8c3ffc,3895086,13,11782668700,11782701700,1781298209755-0
concurrency_n20_20260612_220313_redis_feed5_rep1,redis,sb:events:n20:feed5:rep1,54f1c83c-f7c4-4413-8a2a-69aaac9bec05,3895052,13,11788175500,11788201700,1781298209762-0
concurrency_n20_20260612_220313_redis_feed5_rep1,redis,sb:events:n20:feed5:rep1,4c6fb264-6641-4514-9dfb-96a0f17f3899,3895060,13,11790929100,11790967500,1781298209765-0
concurrency_n20_20260612_220313_redis_feed5_rep1,redis,sb:events:n20:feed5:rep1,50fa5c47-ce69-41d3-bf4a-29b4f86d02fd,3895052,13,11797806000,11797833500,1781298209771-0
concurrency_n20_20260612_220313_redis_feed5_rep1,redis,sb:events:n20:feed5:rep1,fe1233fa-d40a-4e0c-8b0d-55809b7d774b,3895060,13,11817025700,11817047900,1781298209794-0
concurrency_n20_20260612_220313_redis_feed5_rep1,redis,sb:events:n20:feed5:rep1,e295f3e0-e0cc-4adc-91fa-062599b27d25,3895107,13,11823337000,11823385700,1781298209802-0
concurrency_n20_20260612_220313_redis_feed5_rep1,redis,sb:events:n20:feed5:rep1,d79cf0c7-e0cd-4718-a96e-2b06b1cb0bed,3895107,13,11838295000,11838319200,1781298209815-0
concurrency_n20_20260612_220313_redis_feed5_rep1,redis,sb:events:n20:feed5:rep1,d46689a3-08bd-4188-bc0d-6a6bace1f531,3895086,14,11862174600,11862205000,1781298209841-0
concurrency_n20_20260612_220313_redis_feed5_rep1,redis,sb:events:n20:feed5:rep1,93753357-15d4-4424-9899-669adf6f34ea,3895052,14,11867615400,11867768000,1781298209845-0
concurrency_n20_20260612_220313_redis_feed5_rep1,redis,sb:events:n20:feed5:rep1,1615450f-4d55-4fef-91d6-ab9f981c6185,3895095,14,11881968700,11882003800,1781298209861-0
concurrency_n20_20260612_220313_redis_feed5_rep1,redis,sb:events:n20:feed5:rep1,9dcf795d-a1b5-4b33-b421-af35da8f1708,3895095,14,11887395700,11887451100,1781298209867-0
concurrency_n20_20260612_220313_redis_feed5_rep1,redis,sb:events:n20:feed5:rep1,bd76ea17-62ca-436b-b60f-ebbce8df5a58,3895074,14,11892155800,11892184400,1781298209872-0
concurrency_n20_20260612_220313_redis_feed5_rep1,redis,sb:events:n20:feed5:rep1,d0309ed5-a714-4866-9594-2806ec7f3053,3895074,14,11898785000,11898809200,1781298209876-0
concurrency_n20_20260612_220313_redis_feed5_rep1,redis,sb:events:n20:feed5:rep1,59d5f7d4-b2c8-4777-ad5d-f682a5be2482,3895074,14,11903804800,11905217400,1781298209880-0
concurrency_n20_20260612_220313_redis_feed5_rep1,redis,sb:events:n20:feed5:rep1,7b8d5bb4-4ed6-4983-806a-c8ca1feeef81,3895121,15,11910545600,11910572200,1781298209887-0
concurrency_n20_20260612_220313_redis_feed5_rep1,redis,sb:events:n20:feed5:rep1,bf8ecf65-adbc-42d1-99f7-c48a6ef2ec06,3895052,15,11915974300,11915999400,1781298209894-0
concurrency_n20_20260612_220313_redis_feed5_rep1,redis,sb:events:n20:feed5:rep1,8d671e50-4b4d-4fcc-be94-351d53828756,3895107,15,11922365100,11922389500,1781298209897-0
concurrency_n20_20260612_220313_redis_feed5_rep1,redis,sb:events:n20:feed5:rep1,4cf23b83-c0d3-4df1-bdef-c5caded9cc07,3895121,15,11926740700,11926774100,1781298209902-0
concurrency_n20_20260612_220313_redis_feed5_rep1,redis,sb:events:n20:feed5:rep1,67f9bdbc-8feb-49b2-b7fe-705375aac0db,3895052,15,11947456300,11947481700,1781298209922-0
concurrency_n20_20260612_220313_redis_feed5_rep1,redis,sb:events:n20:feed5:rep1,5891ef4b-5571-4b46-961f-60fcb3d5029b,3895095,15,11960374900,11960402400,1781298209924-0
concurrency_n20_20260612_220313_redis_feed5_rep1,redis,sb:events:n20:feed5:rep1,a6fdb7f7-8cbe-4f00-a6bc-68733f24f18c,3895121,15,11975969100,11975994000,1781298209939-0
concurrency_n20_20260612_220313_redis_feed5_rep1,redis,sb:events:n20:feed5:rep1,0ae08622-c5d6-4f51-ac0a-85c965101887,3895095,15,11977758300,11977784800,1781298209942-0
concurrency_n20_20260612_220313_redis_feed5_rep1,redis,sb:events:n20:feed5:rep1,b2aa3ef3-18c5-47bb-8d2b-ae0489efea39,3895134,16,12000873700,12000907500,1781298209956-0
concurrency_n20_20260612_220313_redis_feed5_rep1,redis,sb:events:n20:feed5:rep1,923309c9-3dcf-4141-a48f-e3208bd1f952,3895113,16,12005477400,12005507200,1781298209960-0
concurrency_n20_20260612_220313_redis_feed5_rep1,redis,sb:events:n20:feed5:rep1,e8f5cb79-b270-408d-8a30-991d50c8bccd,3895095,16,12011145800,12011170300,1781298209982-0
concurrency_n20_20260612_220313_redis_feed5_rep1,redis,sb:events:n20:feed5:rep1,740e3759-e2fa-4c08-bb5e-ac9ff7760fce,3895074,16,12013396000,12013426300,1781298209987-0
concurrency_n20_20260612_220313_redis_feed5_rep1,redis,sb:events:n20:feed5:rep1,3f1b90e5-46c3-4832-b386-a774f9ef7762,3895074,16,12018402600,12018429600,1781298209990-0
concurrency_n20_20260612_220313_redis_feed5_rep1,redis,sb:events:n20:feed5:rep1,4453ce7d-4348-41a1-a86f-beae68288f76,3895074,16,12020570000,12020601200,1781298209996-0
concurrency_n20_20260612_220313_redis_feed5_rep1,redis,sb:events:n20:feed5:rep1,8eadb67c-5080-4a27-836f-922f5a6eeeb6,3895074,16,12025468500,12025602200,1781298209999-0
concurrency_n20_20260612_220313_redis_feed5_rep1,redis,sb:events:n20:feed5:rep1,4917b4e0-e17c-4412-bec0-734319e40d03,3895074,16,12027477300,12027502700,1781298210004-0
concurrency_n20_20260612_220313_redis_feed5_rep1,redis,sb:events:n20:feed5:rep1,6bae2646-95ef-4ae3-808b-79fa5756e3a0,3895086,17,12032821400,12032852200,1781298210010-0
concurrency_n20_20260612_220313_redis_feed5_rep1,redis,sb:events:n20:feed5:rep1,86a2db30-3020-4a3a-af2f-3b1d59b73adc,3895052,17,12036134600,12036159700,1781298210014-0
concurrency_n20_20260612_220313_redis_feed5_rep1,redis,sb:events:n20:feed5:rep1,6099cc29-0d11-4fee-9d00-ce786f36eca9,3895113,17,12039835900,12039861700,1781298210019-0
concurrency_n20_20260612_220313_redis_feed5_rep1,redis,sb:events:n20:feed5:rep1,da8b4ee3-3079-4353-ac9d-451a47100b52,3895121,17,12060502700,12060530400,1781298210039-0
concurrency_n20_20260612_220313_redis_feed5_rep1,redis,sb:events:n20:feed5:rep1,238ccd63-a906-4647-a994-0b592cedbb4d,3895113,17,12070036100,12070085000,1781298210044-0
concurrency_n20_20260612_220313_redis_feed5_rep1,redis,sb:events:n20:feed5:rep1,5f5f1bfd-17e6-4a75-a48d-23c004391ca0,3895121,17,12090183300,12090213300,1781298210067-0
concurrency_n20_20260612_220313_redis_feed5_rep1,redis,sb:events:n20:feed5:rep1,f56d4891-5044-48bc-98bd-2714de02c555,3895095,17,12094730200,12094758100,1781298210073-0
concurrency_n20_20260612_220313_redis_feed5_rep1,redis,sb:events:n20:feed5:rep1,74fb2011-216f-43aa-8c61-587989c3083d,3895095,17,12099090600,12099117800,1781298210078-0
concurrency_n20_20260612_220313_redis_feed5_rep1,redis,sb:events:n20:feed5:rep1,c4f630f3-cffd-4397-a545-146b8ed79cba,3895095,17,12104909800,12104935400,1781298210083-0
concurrency_n20_20260612_220313_redis_feed5_rep1,redis,sb:events:n20:feed5:rep1,a2d472e0-2844-401d-94b3-333c820b3d2d,3895086,18,12124672600,12124699100,1781298210104-0
concurrency_n20_20260612_220313_redis_feed5_rep1,redis,sb:events:n20:feed5:rep1,a3d8c0c0-3e97-47d3-8bee-8eba75a19ae8,3895086,18,12144079800,12144113100,1781298210107-0
concurrency_n20_20260612_220313_redis_feed5_rep1,redis,sb:events:n20:feed5:rep1,e1464657-428c-47db-b28c-41c44d976b21,3895086,18,12148881500,12148934600,1781298210126-0
concurrency_n20_20260612_220313_redis_feed5_rep1,redis,sb:events:n20:feed5:rep1,f3cf7038-cbb0-4e2b-be0e-87d31d2aa135,3895086,18,12153158900,12153187300,1781298210131-0
concurrency_n20_20260612_220313_redis_feed5_rep1,redis,sb:events:n20:feed5:rep1,c6cba519-72a4-4c6a-a204-27bb2809348d,3895107,18,12158513100,12158537700,1781298210137-0
concurrency_n20_20260612_220313_redis_feed5_rep1,redis,sb:events:n20:feed5:rep1,415243ce-3849-4896-9be1-75365ad90b78,3895134,18,12164016200,12164042000,1781298210144-0
concurrency_n20_20260612_220313_redis_feed5_rep1,redis,sb:events:n20:feed5:rep1,b4c2c8e7-ca1b-4d18-863e-e58021f75654,3895086,18,12174566900,12174596200,1781298210152-0
concurrency_n20_20260612_220313_redis_feed5_rep1,redis,sb:events:n20:feed5:rep1,0419e708-847b-4ff2-a6f7-50031b3683e4,3895107,18,12186795300,12186821200,1781298210156-0
concurrency_n20_20260612_220313_redis_feed5_rep1,redis,sb:events:n20:feed5:rep1,f9096f10-3921-40be-bcaa-d7439f4bef6c,3895134,18,12235788100,12235808400,1781298210197-0
concurrency_n20_20260612_220313_redis_feed5_rep1,redis,sb:events:n20:feed5:rep1,da618d2e-27e6-47f5-ba91-a32d880fc3f3,3895052,18,12238559900,12238589000,1781298210213-0
concurrency_n20_20260612_220313_redis_feed5_rep1,redis,sb:events:n20:feed5:rep1,c6085c22-483f-4a4b-a3a7-27fbee22ae65,3895052,18,12242567700,12242595900,1781298210221-0
concurrency_n20_20260612_220313_redis_feed5_rep1,redis,sb:events:n20:feed5:rep1,3211acd7-830e-4b57-9d44-ffc087f09783,3895121,18,12263130000,12263178700,1781298210242-0
concurrency_n20_20260612_220313_redis_feed5_rep1,redis,sb:events:n20:feed5:rep1,5ecff428-f7e5-4098-a070-003bae61d520,3895052,18,12272017300,12272044200,1781298210246-0
concurrency_n20_20260612_220313_redis_feed5_rep1,redis,sb:events:n20:feed5:rep1,08a00791-17e3-4e67-acbb-494c7c518e23,3895095,18,12278129700,12278154500,1781298210253-0
concurrency_n20_20260612_220313_redis_feed5_rep1,redis,sb:events:n20:feed5:rep1,4acda0ae-ebda-4589-806c-c3233063335e,3895107,19,12287929800,12287954500,1781298210263-0
concurrency_n20_20260612_220313_redis_feed5_rep1,redis,sb:events:n20:feed5:rep1,61c008f9-cf5c-4ebe-ae27-f5ee5b22c150,3895134,19,12297445900,12297692200,1781298210274-0
concurrency_n20_20260612_220313_redis_feed5_rep1,redis,sb:events:n20:feed5:rep1,95573a25-89e1-4453-899f-9231016295df,3895107,19,12311186100,12311210800,1781298210279-0
concurrency_n20_20260612_220313_redis_feed5_rep1,redis,sb:events:n20:feed5:rep1,7d098e93-c4a3-4d21-94e1-ee7f39346658,3895113,19,12316585600,12316621000,1781298210292-0
concurrency_n20_20260612_220313_redis_feed5_rep1,redis,sb:events:n20:feed5:rep1,f6afab09-dd54-41b0-9eab-2f54641f6cc7,3895134,19,12367727100,12367751200,1781298210315-0
concurrency_n20_20260612_220313_redis_feed5_rep1,redis,sb:events:n20:feed5:rep1,82b43325-f1c1-48f8-8a96-f447e73e0014,3895107,19,12371854800,12371881000,1781298210336-0
concurrency_n20_20260612_220313_redis_feed5_rep1,redis,sb:events:n20:feed5:rep1,babaa5b7-7d2a-455f-9d53-09929055b994,3895121,19,12379798400,12379828100,1781298210341-0
concurrency_n20_20260612_220313_redis_feed5_rep1,redis,sb:events:n20:feed5:rep1,fbeffccf-f6ec-4792-812e-6aa5f8535b6c,3895134,19,12387607100,12387695900,1781298210343-0
concurrency_n20_20260612_220313_redis_feed5_rep1,redis,sb:events:n20:feed5:rep1,31656a86-ac6f-48e7-8588-664d49470dcf,3895121,19,12393102200,12393127800,1781298210351-0
concurrency_n20_20260612_220313_redis_feed5_rep1,redis,sb:events:n20:feed5:rep1,c1fd3b58-ecc8-4b74-baf6-d706324c0a37,3895095,19,12395294000,12395319700,1781298210366-0
concurrency_n20_20260612_220313_redis_feed5_rep1,redis,sb:events:n20:feed5:rep1,34a68da4-a761-418e-a94a-29bb8fd8e96e,3895095,19,12397426400,12397598600,1781298210368-0
concurrency_n20_20260612_220313_redis_feed5_rep1,redis,sb:events:n20:feed5:rep1,5ea481e0-e6e1-4897-b6e0-78445211ad3d,3895060,20,12400009400,12400033400,1781298210372-0
concurrency_n20_20260612_220313_redis_feed5_rep1,redis,sb:events:n20:feed5:rep1,58a678fb-10ef-4114-9bbb-099466db1636,3895086,20,12419391900,12419467500,1781298210379-0
concurrency_n20_20260612_220313_redis_feed5_rep1,redis,sb:events:n20:feed5:rep1,5e0455ba-95d7-4dc9-92d6-c8b777a5c7b6,3895086,20,12421684300,12421757900,1781298210397-0
concurrency_n20_20260612_220313_redis_feed5_rep1,redis,sb:events:n20:feed5:rep1,9adb3957-42ed-4d0a-80fc-38ad27500ee0,3895113,20,12468313700,12468343800,1781298210447-0
concurrency_n20_20260612_220313_redis_feed5_rep1,redis,sb:events:n20:feed5:rep1,a6f33202-5449-458f-8473-9c4274528e11,3895052,20,12508286300,12508309500,1781298210486-0
concurrency_n20_20260612_220313_redis_feed5_rep1,redis,sb:events:n20:feed5:rep1,91c869e1-262b-4223-89b4-903cf7e9b527,3895107,20,12519785700,12519809200,1781298210494-0
concurrency_n20_20260612_220313_redis_feed5_rep1,redis,sb:events:n20:feed5:rep1,8e9c5a9a-0084-457b-93be-2ba84bbe4fcb,3895113,20,12534686000,12534712500,1781298210497-0
concurrency_n20_20260612_220313_redis_feed5_rep1,redis,sb:events:n20:feed5:rep1,91e88312-848a-47f2-8871-b71be8bb172c,3895107,20,12551167000,12551191500,1781298210512-0
concurrency_n20_20260612_220313_redis_feed5_rep1,redis,sb:events:n20:feed5:rep1,20d4b309-2546-439a-96d6-c362fb3ecb2d,3895113,20,12555134700,12555170400,1781298210520-0
concurrency_n20_20260612_220313_redis_feed5_rep1,redis,sb:events:n20:feed5:rep1,04f7f325-bfc0-4731-a32f-7f8232c8296e,3895121,20,12560253400,12560281600,1781298210529-0
concurrency_n20_20260612_220313_redis_feed5_rep1,redis,sb:events:n20:feed5:rep1,5bd4ec7d-4d90-4a2d-bcea-2fe45009e3e5,3895113,20,12563862500,12563912900,1781298210535-0
concurrency_n20_20260612_220313_redis_feed5_rep1,redis,sb:events:n20:feed5:rep1,90ec0daf-d61f-4501-ab28-c24d33c3ac5f,3895060,21,12569885300,12569958300,1781298210540-0
concurrency_n20_20260612_220313_redis_feed5_rep1,redis,sb:events:n20:feed5:rep1,948f6c30-084e-4ef6-a45d-90557e5552d8,3895060,21,12588966900,12588991400,1781298210546-0
concurrency_n20_20260612_220313_redis_feed5_rep1,redis,sb:events:n20:feed5:rep1,a4cf9a70-b481-4b49-9ce1-ca29ff7c506e,3895134,21,12608711500,12608736900,1781298210577-0
concurrency_n20_20260612_220313_redis_feed5_rep1,redis,sb:events:n20:feed5:rep1,ce0cff7d-de0c-4e19-8496-2dd948d69413,3895052,21,12616233800,12616263900,1781298210585-0
concurrency_n20_20260612_220313_redis_feed5_rep1,redis,sb:events:n20:feed5:rep1,d2616640-d066-4175-a00a-35d3db6e7ef0,3895134,21,12625772300,12625807200,1781298210595-0
concurrency_n20_20260612_220313_redis_feed5_rep1,redis,sb:events:n20:feed5:rep1,ebaf6e35-461e-411b-a4c6-bd8c8807ed4b,3895052,21,12629295600,12629320800,1781298210601-0
concurrency_n20_20260612_220313_redis_feed5_rep1,redis,sb:events:n20:feed5:rep1,377feb38-fa03-4b29-bb7f-2cfbb3baf194,3895107,21,12634687100,12634720900,1781298210605-0
concurrency_n20_20260612_220313_redis_feed5_rep1,redis,sb:events:n20:feed5:rep1,a5317761-7d6b-4332-832c-56edfbce761f,3895121,21,12649668700,12649695800,1781298210609-0
concurrency_n20_20260612_220313_redis_feed5_rep1,redis,sb:events:n20:feed5:rep1,d0a1094c-65af-4a38-8aa7-a18ff8210a8e,3895107,21,12652277300,12652307400,1781298210615-0
concurrency_n20_20260612_220313_redis_feed5_rep1,redis,sb:events:n20:feed5:rep1,6824686d-4590-42ed-bcb5-84522be6958f,3895113,21,12656049600,12656510900,1781298210624-0
concurrency_n20_20260612_220313_redis_feed5_rep1,redis,sb:events:n20:feed5:rep1,7b952b7f-319c-4b59-9887-322eb909afae,3895121,21,12676863000,12676893700,1781298210630-0
concurrency_n20_20260612_220313_redis_feed5_rep1,redis,sb:events:n20:feed5:rep1,13cdffc6-1a64-46ed-9d46-9d52584911eb,3895095,21,12680087200,12680116200,1781298210636-0
concurrency_n20_20260612_220313_redis_feed5_rep1,redis,sb:events:n20:feed5:rep1,4c5afbe4-b097-4acf-8087-c15c6b876bb2,3895113,21,12686996700,12687030400,1781298210656-0
concurrency_n20_20260612_220313_redis_feed5_rep1,redis,sb:events:n20:feed5:rep1,d7d57b8f-e679-4a01-9112-8c67d14816da,3895121,21,12689097500,12689125000,1781298210663-0
concurrency_n20_20260612_220313_redis_feed5_rep1,redis,sb:events:n20:feed5:rep1,380b0b2e-41af-476d-bb8d-683c2c4bc624,3895134,22,12694911300,12694941600,1781298210668-0
concurrency_n20_20260612_220313_redis_feed5_rep1,redis,sb:events:n20:feed5:rep1,9a40ee6a-81c2-48c1-b86d-7b611f1cbad9,3895052,22,12700816500,12700840300,1781298210675-0
concurrency_n20_20260612_220313_redis_feed5_rep1,redis,sb:events:n20:feed5:rep1,064b72e5-2907-4fec-ae0a-2108f5e8524f,3895052,22,12707431000,12707464400,1781298210682-0
concurrency_n20_20260612_220313_redis_feed5_rep1,redis,sb:events:n20:feed5:rep1,13033282-511b-44a2-bdfb-112ad4f2cbe2,3895107,22,12716830400,12716855500,1781298210691-0
concurrency_n20_20260612_220313_redis_feed5_rep1,redis,sb:events:n20:feed5:rep1,6d76d333-ddbe-4dd4-b0e0-f04bace0d42c,3895121,22,12723461000,12723494900,1781298210702-0
concurrency_n20_20260612_220313_redis_feed5_rep1,redis,sb:events:n20:feed5:rep1,b718de1e-9955-427d-a714-9612b515b37f,3895060,23,12772759600,12772781500,1781298210716-0
concurrency_n20_20260612_220313_redis_feed5_rep1,redis,sb:events:n20:feed5:rep1,5d1189db-89e2-4f3a-9fe7-9ca309a9180b,3895086,23,12776274400,12776304100,1781298210748-0
concurrency_n20_20260612_220313_redis_feed5_rep1,redis,sb:events:n20:feed5:rep1,bf131dfc-aa54-477b-aa3a-fe427e0f5a4d,3895052,23,12784267100,12784293400,1781298210755-0
concurrency_n20_20260612_220313_redis_feed5_rep1,redis,sb:events:n20:feed5:rep1,f436fba2-fe86-4de4-81a8-6f0ade75bb37,3895095,23,12786396400,12786427800,1781298210757-0
concurrency_n20_20260612_220313_redis_feed5_rep1,redis,sb:events:n20:feed5:rep1,0ff21259-8e4f-4ca9-b2f0-eeca108eaf72,3895107,23,12790491400,12790515900,1781298210765-0
concurrency_n20_20260612_220313_redis_feed5_rep1,redis,sb:events:n20:feed5:rep1,cb77e8ab-344f-468f-81fa-a6da694d993e,3895095,23,12792208300,12792275200,1781298210769-0
concurrency_n20_20260612_220313_redis_feed5_rep1,redis,sb:events:n20:feed5:rep1,0330715d-3ebb-4144-b556-11d9aea021f7,3895107,23,12796018300,12796040500,1781298210773-0
concurrency_n20_20260612_220313_redis_feed5_rep1,redis,sb:events:n20:feed5:rep1,13f2f67e-ce8a-45c1-91d1-965bd994230e,3895107,23,12799732700,12799757300,1781298210776-0
concurrency_n20_20260612_220313_redis_feed5_rep1,redis,sb:events:n20:feed5:rep1,30439125-dd53-46d2-95b0-e188be25443c,3895067,24,12808319000,12808349100,1781298210780-0
concurrency_n20_20260612_220313_redis_feed5_rep1,redis,sb:events:n20:feed5:rep1,11e909cf-1292-4ff6-877b-047271284066,3895060,24,12810524300,12810610800,1781298210786-0
concurrency_n20_20260612_220313_redis_feed5_rep1,redis,sb:events:n20:feed5:rep1,43d00079-b73c-4617-aa1a-2d5d3d54ba34,3895086,24,12815445800,12815476500,1781298210792-0
concurrency_n20_20260612_220313_redis_feed5_rep1,redis,sb:events:n20:feed5:rep1,a332d835-268e-4498-8bfb-67085f324c46,3895086,24,12823885800,12823915100,1781298210796-0
concurrency_n20_20260612_220313_redis_feed5_rep1,redis,sb:events:n20:feed5:rep1,cf31353b-8f9d-4a5e-9fbe-b74bcc381264,3895121,24,12828643200,12828691300,1781298210805-0
concurrency_n20_20260612_220313_redis_feed5_rep1,redis,sb:events:n20:feed5:rep1,e8f164f5-a160-4c46-a82c-abe4e89677d9,3895121,24,12832004000,12832053700,1781298210810-0
concurrency_n20_20260612_220313_redis_feed5_rep1,redis,sb:events:n20:feed5:rep1,dcc91b79-7910-496f-853c-e3a279361c9c,3895107,24,12835595000,12835617500,1781298210814-0
concurrency_n20_20260612_220313_redis_feed5_rep1,redis,sb:events:n20:feed5:rep1,a815f844-803f-46d0-98ef-cb7d3aca3c8b,3895067,25,12839739000,12839766900,1781298210818-0
concurrency_n20_20260612_220313_redis_feed5_rep1,redis,sb:events:n20:feed5:rep1,ead699aa-f13c-4cdf-8423-f658ad925cb5,3895067,25,12844033800,12844059800,1781298210823-0
concurrency_n20_20260612_220313_redis_feed5_rep1,redis,sb:events:n20:feed5:rep1,9f680d72-f947-4b6e-a483-04e6cb981cf5,3895060,25,12863093800,12863199300,1781298210843-0
concurrency_n20_20260612_220313_redis_feed5_rep1,redis,sb:events:n20:feed5:rep1,84c01004-f3ae-4fda-bcdd-31980eb13196,3895060,25,12867695300,12867720800,1781298210846-0
concurrency_n20_20260612_220313_redis_feed5_rep1,redis,sb:events:n20:feed5:rep1,2b8248b7-ca1e-4b25-8019-43dcd354312b,3895134,25,12871266700,12871295300,1781298210851-0
concurrency_n20_20260612_220313_redis_feed5_rep1,redis,sb:events:n20:feed5:rep1,07087bbe-871b-46b9-af20-4c074da4a10d,3895113,25,12875116300,12875144800,1781298210854-0
concurrency_n20_20260612_220313_redis_feed5_rep1,redis,sb:events:n20:feed5:rep1,24fa959e-ad78-4dfb-9cf7-ff352947271c,3895052,25,12879390500,12879413300,1781298210859-0
concurrency_n20_20260612_220313_redis_feed5_rep1,redis,sb:events:n20:feed5:rep1,03f103fa-f1fc-463e-87d9-cd3db62d4291,3895052,25,12883136500,12883162300,1781298210862-0
concurrency_n20_20260612_220313_redis_feed5_rep1,redis,sb:events:n20:feed5:rep1,da6d72e8-314a-4232-892f-7f2b7aa233da,3895052,25,12893308000,12893338400,1781298210869-0
concurrency_n20_20260612_220313_redis_feed5_rep1,redis,sb:events:n20:feed5:rep1,197edbf9-491f-48e7-b569-16790aa29662,3895107,25,12922092900,12922146500,1781298210873-0
concurrency_n20_20260612_220313_redis_feed5_rep1,redis,sb:events:n20:feed5:rep1,8cbf25e7-f76d-430e-b1c7-4b5c77f460f1,3895107,25,12923777000,12923902100,1781298210899-0
concurrency_n20_20260612_220313_redis_feed5_rep1,redis,sb:events:n20:feed5:rep1,e1f2d0bd-aeb0-42b2-867d-f5e407986d61,3895086,26,12927499300,12927523500,1781298210903-0
concurrency_n20_20260612_220313_redis_feed5_rep1,redis,sb:events:n20:feed5:rep1,1cfdd0b2-0f61-4520-8329-c24d895696b1,3895113,26,12932010700,12932033400,1781298210908-0
concurrency_n20_20260612_220313_redis_feed5_rep1,redis,sb:events:n20:feed5:rep1,4a4a7e44-43c5-44e2-bf4c-ca1637daea87,3895107,26,12935318100,12935346600,1781298210912-0
concurrency_n20_20260612_220313_redis_feed5_rep1,redis,sb:events:n20:feed5:rep1,b812268f-ce7d-4b17-9ad2-f38e50908694,3895107,26,12939930400,12939953700,1781298210917-0
concurrency_n20_20260612_220313_redis_feed5_rep1,redis,sb:events:n20:feed5:rep1,984ac2c7-33e7-43ac-8152-f88bdf9bcb40,3895107,26,12943248900,12943279000,1781298210921-0
concurrency_n20_20260612_220313_redis_feed5_rep1,redis,sb:events:n20:feed5:rep1,2c82e5ca-792d-4700-8f46-ad27ebbb3545,3895107,26,12953750100,12953775800,1781298210925-0
concurrency_n20_20260612_220313_redis_feed5_rep1,redis,sb:events:n20:feed5:rep1,d109e813-a171-4eab-bd01-20c8e0a2d54b,3895067,27,12960225400,12960253200,1781298210936-0
concurrency_n20_20260612_220313_redis_feed5_rep1,redis,sb:events:n20:feed5:rep1,4dbc35f7-4520-4c1d-a0c1-81c1760b2c40,3895067,27,12963731400,12963753000,1781298210940-0
concurrency_n20_20260612_220313_redis_feed5_rep1,redis,sb:events:n20:feed5:rep1,10df0432-33a1-4c21-9b36-dc9a9488ba69,3895067,27,12966370800,12966581800,1781298210945-0
concurrency_n20_20260612_220313_redis_feed5_rep1,redis,sb:events:n20:feed5:rep1,1ada5a52-ccdd-47d6-bfae-a3c6cfe6695c,3895086,27,12986821400,12986858800,1781298210949-0
concurrency_n20_20260612_220313_redis_feed5_rep1,redis,sb:events:n20:feed5:rep1,49b31666-46f5-4aa7-a2b1-869d05a27d90,3895086,27,12991588200,12991632000,1781298210966-0
concurrency_n20_20260612_220313_redis_feed5_rep1,redis,sb:events:n20:feed5:rep1,3e22029c-1ffc-479a-8824-66a065a2fdf6,3895134,27,13006686400,13006711800,1781298210972-0
concurrency_n20_20260612_220313_redis_feed5_rep1,redis,sb:events:n20:feed5:rep1,c3ae126d-34d6-421c-813d-3e3179428b05,3895086,27,13008779100,13008808500,1781298210985-0
concurrency_n20_20260612_220313_redis_feed5_rep1,redis,sb:events:n20:feed5:rep1,3ef9a433-6ad8-4533-b8c7-8465064ae209,3895134,27,13013199100,13013229500,1781298210991-0
concurrency_n20_20260612_220313_redis_feed5_rep1,redis,sb:events:n20:feed5:rep1,cfe9b540-ca3b-4aad-b553-0674713203bb,3895113,27,13016937900,13016997000,1781298210995-0
concurrency_n20_20260612_220313_redis_feed5_rep1,redis,sb:events:n20:feed5:rep1,6a8269d2-5ce9-4921-9502-03ae5b27b8b6,3895113,27,13038348200,13038374500,1781298211007-0
concurrency_n20_20260612_220313_redis_feed5_rep1,redis,sb:events:n20:feed5:rep1,87c20b3f-2fe3-4696-b387-5997a79262eb,3895052,27,13040433000,13040462400,1781298211009-0
concurrency_n20_20260612_220313_redis_feed5_rep1,redis,sb:events:n20:feed5:rep1,ce148b24-1185-48a7-bc22-d593e8115f3c,3895052,27,13042870800,13042898600,1781298211011-0
concurrency_n20_20260612_220313_redis_feed5_rep1,redis,sb:events:n20:feed5:rep1,12eedca2-420b-4b01-a81d-12b847d2f8a6,3895107,27,13076858900,13076929200,1781298211012-0
concurrency_n20_20260612_220313_redis_feed5_rep1,redis,sb:events:n20:feed5:rep1,b343f95e-f220-4957-afda-b760c0859784,3895107,27,13081131000,13081163900,1781298211013-0
concurrency_n20_20260612_220313_redis_feed5_rep1,redis,sb:events:n20:feed5:rep1,d4611d70-d895-41fc-95ab-a1c65347c86b,3895095,28,13082823200,13082851400,1781298211014-0
concurrency_n20_20260612_220313_redis_feed5_rep1,redis,sb:events:n20:feed5:rep1,e3e1f7c7-4932-4722-9f8c-b801ec0f3eb9,3895113,28,13085008700,13085036400,1781298211015-0
concurrency_n20_20260612_220313_redis_feed5_rep1,redis,sb:events:n20:feed5:rep1,f2148745-955f-4ae6-99fc-7eea72344f5c,3895052,28,13086090300,13086117100,1781298211017-0
concurrency_n20_20260612_220313_redis_feed5_rep1,redis,sb:events:n20:feed5:rep1,2e41f9b8-5553-4025-bfb2-90dc50a9013a,3895107,28,13107766600,13107794100,1781298211020-0
concurrency_n20_20260612_220313_redis_feed5_rep1,redis,sb:events:n20:feed5:rep1,78f5f9b2-8e23-4ed5-bc21-6cb65b4bfecd,3895107,28,13111039700,13111072500,1781298211056-0
concurrency_n20_20260612_220313_redis_feed5_rep1,redis,sb:events:n20:feed5:rep1,d0c9136b-fb00-4bfe-bd7f-3b3dbdc6992c,3895107,28,13112891900,13112918900,1781298211060-0
concurrency_n20_20260612_220313_redis_feed5_rep1,redis,sb:events:n20:feed5:rep1,9279e24a-1872-4df5-9f01-bb6acffcaaf3,3895107,28,13125992800,13126077500,1781298211066-0
concurrency_n20_20260612_220313_redis_feed5_rep1,redis,sb:events:n20:feed5:rep1,79692146-523d-48d7-bb97-a2bfe9215a4c,3895107,28,13129380600,13129509200,1781298211071-0
concurrency_n20_20260612_220313_redis_feed5_rep1,redis,sb:events:n20:feed5:rep1,447b0a0c-05be-471b-aaf1-2bc3a39574a6,3895067,29,13143879300,13143908800,1781298211089-0
concurrency_n20_20260612_220313_redis_feed5_rep1,redis,sb:events:n20:feed5:rep1,5a772691-1265-464f-aabd-c573e8a0ab8c,3895074,29,13146174700,13146233700,1781298211104-0
concurrency_n20_20260612_220313_redis_feed5_rep1,redis,sb:events:n20:feed5:rep1,6b3357d7-8b5b-4068-944b-8abb2b0458ff,3895086,29,13148487800,13148513000,1781298211109-0
concurrency_n20_20260612_220313_redis_feed5_rep1,redis,sb:events:n20:feed5:rep1,263393dd-6b86-4b3d-b4d4-08e19a071251,3895134,29,13150530300,13150558800,1781298211121-0
concurrency_n20_20260612_220313_redis_feed5_rep1,redis,sb:events:n20:feed5:rep1,8ecf55aa-b2b4-4325-87ae-b9773d146ca4,3895086,29,13169765400,13169797200,1781298211124-0
concurrency_n20_20260612_220313_redis_feed5_rep1,redis,sb:events:n20:feed5:rep1,dcdc9caf-542f-4fed-b166-7702a8293952,3895086,29,13172937100,13172964600,1781298211128-0
concurrency_n20_20260612_220313_redis_feed5_rep1,redis,sb:events:n20:feed5:rep1,ae5bee75-9e2e-4cae-8851-9bc9f0cc7b5a,3895095,29,13175218700,13175246500,1781298211130-0
concurrency_n20_20260612_220313_redis_feed5_rep1,redis,sb:events:n20:feed5:rep1,aa1a96f4-8527-46a3-acd2-83312ccc9a0e,3895095,29,13187271900,13187296400,1781298211150-0
concurrency_n20_20260612_220313_redis_feed5_rep1,redis,sb:events:n20:feed5:rep1,ee3252c0-e79b-495e-ae80-583351179971,3895113,29,13189962000,13190073000,1781298211153-0
concurrency_n20_20260612_220313_redis_feed5_rep1,redis,sb:events:n20:feed5:rep1,19f46068-5944-4812-bfac-1e1aa46413fb,3895113,29,13192572200,13192637800,1781298211166-0
concurrency_n20_20260612_220313_redis_feed5_rep1,redis,sb:events:n20:feed5:rep1,914c3940-48b4-4246-bd08-2b34e8349649,3895052,29,13198113500,13198141600,1781298211170-0
concurrency_n20_20260612_220313_redis_feed5_rep1,redis,sb:events:n20:feed5:rep1,45e61b15-c483-49fa-8a40-525424f6f0fd,3895107,29,13199702200,13199734600,1781298211176-0
concurrency_n20_20260612_220313_redis_feed5_rep1,redis,sb:events:n20:feed5:rep1,15787cdd-9935-4bff-b68c-760a497af7cc,3895107,29,13207794400,13207843400,1781298211181-0
concurrency_n20_20260612_220313_redis_feed5_rep1,redis,sb:events:n20:feed5:rep1,71b87a61-6e42-47b4-b6be-ca855a10d871,3895074,30,13210580300,13210606200,1781298211185-0
concurrency_n20_20260612_220313_redis_feed5_rep1,redis,sb:events:n20:feed5:rep1,627a9ff5-4a44-4ca1-a183-ed241303d231,3895074,30,13221150000,13221258400,1781298211199-0
concurrency_n20_20260612_220313_redis_feed5_rep1,redis,sb:events:n20:feed5:rep1,0eb76ef4-ed2e-4a58-b18f-6a3f6722f9e1,3895074,30,13267502100,13267532200,1781298211217-0
concurrency_n20_20260612_220313_redis_feed5_rep1,redis,sb:events:n20:feed5:rep1,9351a75c-1c91-4205-b38c-4875eb4ab288,3895134,30,13269600800,13269627400,1781298211221-0
concurrency_n20_20260612_220313_redis_feed5_rep1,redis,sb:events:n20:feed5:rep1,b1ebe5e7-8980-4421-b068-c1b1a36c650d,3895134,30,13271625200,13271656600,1781298211223-0
concurrency_n20_20260612_220313_redis_feed5_rep1,redis,sb:events:n20:feed5:rep1,f1851ae9-876d-42a8-8c1c-9d39b58512ef,3895134,30,13273316200,13273365100,1781298211225-0
concurrency_n20_20260612_220313_redis_feed5_rep1,redis,sb:events:n20:feed5:rep1,296e5f1d-e535-4774-b97f-5a38164d4b8f,3895095,30,13275268800,13275292000,1781298211227-0
concurrency_n20_20260612_220313_redis_feed5_rep1,redis,sb:events:n20:feed5:rep1,b3acab4e-f147-4ab7-8b84-8d90f00ed126,3895067,31,13276814200,13276837700,1781298211230-0
concurrency_n20_20260612_220313_redis_feed5_rep1,redis,sb:events:n20:feed5:rep1,e06cfc4c-9c3c-4733-a711-b3d88fad8f32,3895086,31,13278439300,13278464800,1781298211232-0
concurrency_n20_20260612_220313_redis_feed5_rep1,redis,sb:events:n20:feed5:rep1,f7644a7f-0ac8-482f-9ec0-f722e6b7f072,3895086,31,13279801000,13279821900,1781298211236-0
concurrency_n20_20260612_220313_redis_feed5_rep1,redis,sb:events:n20:feed5:rep1,10ccacd2-12e9-4f5f-907e-988c1c25c90e,3895086,31,13281321000,13281344100,1781298211239-0
concurrency_n20_20260612_220313_redis_feed5_rep1,redis,sb:events:n20:feed5:rep1,5139bbac-6a19-4cef-956b-a1a6c0e36dbc,3895095,31,13283329600,13283359900,1781298211245-0
concurrency_n20_20260612_220313_redis_feed5_rep1,redis,sb:events:n20:feed5:rep1,2122e986-fc97-4fb7-82e7-52bbebd90352,3895095,31,13286602900,13286640900,1781298211248-0
concurrency_n20_20260612_220313_redis_feed5_rep1,redis,sb:events:n20:feed5:rep1,7ec1b841-0000-48ef-8b63-277239da3299,3895067,32,13287717400,13287737600,1781298211253-0
concurrency_n20_20260612_220313_redis_feed5_rep1,redis,sb:events:n20:feed5:rep1,8dd23275-eba9-4971-bce5-da81859b6b2e,3895121,32,13288922600,13288944500,1781298211257-0
concurrency_n20_20260612_220313_redis_feed5_rep1,redis,sb:events:n20:feed5:rep1,2c6c5867-a9c6-45c0-b53b-8f50c49f7e92,3895113,32,13290572700,13290601600,1781298211260-0
concurrency_n20_20260612_220313_redis_feed5_rep1,redis,sb:events:n20:feed5:rep1,b858f0f4-ba17-4962-b947-b84799009462,3895113,32,13317472200,13317500800,1781298211263-0
concurrency_n20_20260612_220313_redis_feed5_rep1,redis,sb:events:n20:feed5:rep1,bab99ff3-3588-4401-a890-bdf6608b9a48,3895107,32,13322753200,13322790000,1781298211266-0
concurrency_n20_20260612_220313_redis_feed5_rep1,redis,sb:events:n20:feed5:rep1,c1ae8433-3128-4a28-aae7-22525204f668,3895067,33,13331828700,13331853300,1781298211269-0
concurrency_n20_20260612_220313_redis_feed5_rep1,redis,sb:events:n20:feed5:rep1,3eaad870-8b07-4e98-b321-069674f3f82b,3895074,33,13334654900,13334680800,1781298211272-0
concurrency_n20_20260612_220313_redis_feed5_rep1,redis,sb:events:n20:feed5:rep1,4bdb4956-a093-46d2-98fe-109bb1fb1765,3895121,33,13377403100,13377455100,1781298211299-0
concurrency_n20_20260612_220313_redis_feed5_rep1,redis,sb:events:n20:feed5:rep1,592d4541-7545-4895-bb90-16cd88fd6bf2,3895121,33,13379546200,13379573800,1781298211303-0
concurrency_n20_20260612_220313_redis_feed5_rep1,redis,sb:events:n20:feed5:rep1,a5ee5014-88eb-46e6-994c-e1ba365efbb1,3895121,33,13385605100,13385635200,1781298211307-0
concurrency_n20_20260612_220313_redis_feed5_rep1,redis,sb:events:n20:feed5:rep1,85016910-7a46-41d7-9daa-e67ae1f50e97,3895086,33,13390489800,13390519000,1781298211356-0
concurrency_n20_20260612_220313_redis_feed5_rep1,redis,sb:events:n20:feed5:rep1,4dd4ac95-4164-4d15-8e70-836f84f12a8a,3895121,33,13391960100,13391986400,1781298211360-0
concurrency_n20_20260612_220313_redis_feed5_rep1,redis,sb:events:n20:feed5:rep1,02c211e4-b3bf-4022-be9f-fc5e3d0f59b6,3895086,33,13393806700,13393831700,1781298211363-0
concurrency_n20_20260612_220313_redis_feed5_rep1,redis,sb:events:n20:feed5:rep1,b1f40782-0844-4ca7-8a99-20694926c324,3895121,33,13395728100,13395789000,1781298211368-0
concurrency_n20_20260612_220313_redis_feed5_rep1,redis,sb:events:n20:feed5:rep1,d9e6bd9b-89d4-45ee-85fc-00900e577173,3895121,33,13400578100,13400606300,1781298211374-0
concurrency_n20_20260612_220313_redis_feed5_rep1,redis,sb:events:n20:feed5:rep1,5452081a-96f0-4852-86c5-8e0190c4ce6c,3895107,33,13402045100,13402068300,1781298211377-0
concurrency_n20_20260612_220313_redis_feed5_rep1,redis,sb:events:n20:feed5:rep1,db85ec6b-1a44-4182-96fb-36516fe277aa,3895107,33,13405156200,13405226300,1781298211382-0
concurrency_n20_20260612_220313_redis_feed5_rep1,redis,sb:events:n20:feed5:rep1,92c1b7bb-eaee-47f1-bb28-3688ba247c98,3895060,34,13406935200,13406964600,1781298211385-0
concurrency_n20_20260612_220313_redis_feed5_rep1,redis,sb:events:n20:feed5:rep1,3d40db80-19ae-4784-9115-8a64c8382f1f,3895074,34,13410709600,13410737500,1781298211388-0
concurrency_n20_20260612_220313_redis_feed5_rep1,redis,sb:events:n20:feed5:rep1,f7ccc18b-f57d-473d-aef2-7b018211ff13,3895074,34,13414917900,13414951200,1781298211392-0
concurrency_n20_20260612_220313_redis_feed5_rep1,redis,sb:events:n20:feed5:rep1,343cc444-e0ab-43f0-a93f-66266b9dbea8,3895113,34,13418922600,13418956100,1781298211397-0
concurrency_n20_20260612_220313_redis_feed5_rep1,redis,sb:events:n20:feed5:rep1,1286483f-b0bf-4d49-9a2f-2233368aaa37,3895113,34,13424550400,13424575300,1781298211402-0
concurrency_n20_20260612_220313_redis_feed5_rep1,redis,sb:events:n20:feed5:rep1,35c75d8f-f13e-4940-8843-96202930c58c,3895121,34,13428140000,13428164800,1781298211404-0
concurrency_n20_20260612_220313_redis_feed5_rep1,redis,sb:events:n20:feed5:rep1,d97ce31d-b6bd-454f-b4f3-583b06b5b821,3895113,34,13429754100,13429781900,1781298211407-0
concurrency_n20_20260612_220313_redis_feed5_rep1,redis,sb:events:n20:feed5:rep1,db104f0b-4bee-4708-8598-d5233acbfd34,3895107,34,13432937100,13432980600,1781298211409-0
concurrency_n20_20260612_220313_redis_feed5_rep1,redis,sb:events:n20:feed5:rep1,d8bafa86-623c-428c-b507-6da8d83df984,3895060,35,13436857100,13436909500,1781298211413-0
concurrency_n20_20260612_220313_redis_feed5_rep1,redis,sb:events:n20:feed5:rep1,8a9895c6-a43d-4488-b3c3-826e7813c15e,3895060,35,13441996900,13442019400,1781298211417-0
concurrency_n20_20260612_220313_redis_feed5_rep1,redis,sb:events:n20:feed5:rep1,38e6d097-a9de-49da-b6cf-d57ea1fbdfa9,3895121,35,13443659500,13443680100,1781298211420-0
concurrency_n20_20260612_220313_redis_feed5_rep1,redis,sb:events:n20:feed5:rep1,5e8cf1bd-a044-4542-b2bf-cac8667f4322,3895113,35,13448679200,13448704400,1781298211423-0
concurrency_n20_20260612_220313_redis_feed5_rep1,redis,sb:events:n20:feed5:rep1,90d289d6-4046-4fdb-9ea5-387717cb297d,3895113,35,13454556000,13454587700,1781298211428-0
concurrency_n20_20260612_220313_redis_feed5_rep1,redis,sb:events:n20:feed5:rep1,edd5ce07-d5a1-480e-b4b3-d3cfe453d008,3895113,35,13456831900,13456864200,1781298211432-0
concurrency_n20_20260612_220313_redis_feed5_rep1,redis,sb:events:n20:feed5:rep1,d5f49005-e164-4a56-b36c-8e788d813b4c,3895086,36,13459637600,13459662600,1781298211436-0
concurrency_n20_20260612_220313_redis_feed5_rep1,redis,sb:events:n20:feed5:rep1,42c600fd-1ba8-4635-888b-d1c43e4642ca,3895121,36,13461543300,13461571000,1781298211438-0
concurrency_n20_20260612_220313_redis_feed5_rep1,redis,sb:events:n20:feed5:rep1,32090cac-d662-4ecc-99e0-ac0e4575877f,3895113,36,13464455800,13464487600,1781298211440-0
concurrency_n20_20260612_220313_redis_feed5_rep1,redis,sb:events:n20:feed5:rep1,c375c660-a042-4e1d-9377-a3d8e9137b77,3895113,36,13466742500,13466801500,1781298211443-0
concurrency_n20_20260612_220313_redis_feed5_rep1,redis,sb:events:n20:feed5:rep1,956dc981-5c22-41fc-800c-123fe8ce5e4a,3895113,36,13470507900,13470529500,1781298211446-0
concurrency_n20_20260612_220313_redis_feed5_rep1,redis,sb:events:n20:feed5:rep1,2385fdd1-5767-4de2-9c4b-54ed4e9d1e43,3895067,37,13471961700,13471990500,1781298211450-0
concurrency_n20_20260612_220313_redis_feed5_rep1,redis,sb:events:n20:feed5:rep1,68b68600-4736-4bb8-96f4-4648b096d2ad,3895074,37,13483647900,13483673700,1781298211452-0
concurrency_n20_20260612_220313_redis_feed5_rep1,redis,sb:events:n20:feed5:rep1,06029eea-1721-442f-b067-5ea6dc7b0631,3895074,37,13487010100,13487113000,1781298211456-0
concurrency_n20_20260612_220313_redis_feed5_rep1,redis,sb:events:n20:feed5:rep1,345213be-58bb-4752-82aa-82a0cd026971,3895121,37,13489048800,13489073800,1781298211467-0
concurrency_n20_20260612_220313_redis_feed5_rep1,redis,sb:events:n20:feed5:rep1,26e2822c-be09-429f-b5e1-9478a147e355,3895121,37,13492235200,13492266300,1781298211470-0
concurrency_n20_20260612_220313_redis_feed5_rep1,redis,sb:events:n20:feed5:rep1,6fa24066-9ea3-4e9f-83cb-2c9bf05e6167,3895121,37,13495980100,13496003500,1781298211473-0
concurrency_n20_20260612_220313_redis_feed5_rep1,redis,sb:events:n20:feed5:rep1,325e9b33-e862-4822-88ad-25bff06d2c07,3895121,37,13502488500,13502565200,1781298211476-0
concurrency_n20_20260612_220313_redis_feed5_rep1,redis,sb:events:n20:feed5:rep1,acb76887-5356-44c9-bc8e-16b40dea5fdd,3895113,37,13503869600,13503897000,1781298211479-0
concurrency_n20_20260612_220313_redis_feed5_rep1,redis,sb:events:n20:feed5:rep1,26deaac5-4c1c-429d-bc3b-a714e513cc0c,3895060,38,13507023500,13507047100,1781298211484-0
concurrency_n20_20260612_220313_redis_feed5_rep1,redis,sb:events:n20:feed5:rep1,5647da51-88db-4e25-a864-8610b7aaea93,3895067,38,13508419600,13508444900,1781298211487-0
concurrency_n20_20260612_220313_redis_feed5_rep1,redis,sb:events:n20:feed5:rep1,12a36da3-d1f7-4490-a4f8-f4be3907a880,3895067,38,13511480500,13511527600,1781298211488-0
concurrency_n20_20260612_220313_redis_feed5_rep1,redis,sb:events:n20:feed5:rep1,bb7d9289-4044-46d8-8558-4f23cc40f18b,3895095,38,13513143500,13513167400,1781298211491-0
concurrency_n20_20260612_220313_redis_feed5_rep1,redis,sb:events:n20:feed5:rep1,191352f4-b6b1-4676-bb29-03561c51730b,3895107,38,13515879300,13515904800,1781298211493-0
concurrency_n20_20260612_220313_redis_feed5_rep1,redis,sb:events:n20:feed5:rep1,90e3b280-77a2-42f8-80a1-789498a383d1,3895060,39,13517583400,13517609600,1781298211495-0
concurrency_n20_20260612_220313_redis_feed5_rep1,redis,sb:events:n20:feed5:rep1,cea8c7fe-1b2f-4beb-9b6b-0c11f999b909,3895060,39,13520481800,13520504800,1781298211498-0
concurrency_n20_20260612_220313_redis_feed5_rep1,redis,sb:events:n20:feed5:rep1,59f60e75-1337-46d7-bc7c-676bad3acc07,3895060,39,13524158800,13524206500,1781298211501-0
concurrency_n20_20260612_220313_redis_feed5_rep1,redis,sb:events:n20:feed5:rep1,00da8b93-dab3-460e-b1e5-1ee467331388,3895095,39,13526342300,13526592400,1781298211504-0
concurrency_n20_20260612_220313_redis_feed5_rep1,redis,sb:events:n20:feed5:rep1,91c32868-e70e-4b6a-a7ce-6723528ed7e8,3895095,39,13530629600,13530658200,1781298211508-0
concurrency_n20_20260612_220313_redis_feed5_rep1,redis,sb:events:n20:feed5:rep1,58ddef64-ed5b-4758-911b-9cc6f9bc3ab0,3895121,39,13534509600,13534536000,1781298211511-0
concurrency_n20_20260612_220313_redis_feed5_rep1,redis,sb:events:n20:feed5:rep1,bfd7ab2d-8af5-4ae1-a8a2-c438e0ecf01d,3895121,39,13536307800,13536331400,1781298211514-0
concurrency_n20_20260612_220313_redis_feed5_rep1,redis,sb:events:n20:feed5:rep1,220cb931-5cd7-4c7b-8fc0-6550c89e4b6b,3895113,39,13539937500,13539961200,1781298211519-0
concurrency_n20_20260612_220313_redis_feed5_rep1,redis,sb:events:n20:feed5:rep1,fb37f522-69f3-458c-96f4-574410785219,3895121,39,13542810800,13542916400,1781298211522-0
concurrency_n20_20260612_220313_redis_feed5_rep1,redis,sb:events:n20:feed5:rep1,4b550bc1-31ac-4914-8a11-29a4cecb6380,3895113,39,13550536700,13550568400,1781298211529-0
concurrency_n20_20260612_220313_redis_feed5_rep1,redis,sb:events:n20:feed5:rep1,f85aeff4-b9ad-4127-9dd6-ee22d8df6683,3895107,39,13553500200,13553521100,1781298211532-0
concurrency_n20_20260612_220313_redis_feed5_rep1,redis,sb:events:n20:feed5:rep1,e435a0b9-4c8a-4470-b59a-5ec58d706789,3895060,40,13555674600,13555698100,1781298211534-0
concurrency_n20_20260612_220313_redis_feed5_rep1,redis,sb:events:n20:feed5:rep1,22e32209-bb97-4c30-9b3b-beee02261e71,3895074,40,13567675000,13567700800,1781298211536-0
concurrency_n20_20260612_220313_redis_feed5_rep1,redis,sb:events:n20:feed5:rep1,42c834c5-484a-4ac0-8d9f-0bd7f0b4ae95,3895086,40,13569477000,13569512900,1781298211538-0
concurrency_n20_20260612_220313_redis_feed5_rep1,redis,sb:events:n20:feed5:rep1,dc60fe07-6cc5-473b-8ccf-9bf00e152a49,3895086,40,13570711700,13570737700,1781298211545-0
concurrency_n20_20260612_220313_redis_feed5_rep1,redis,sb:events:n20:feed5:rep1,75b3f799-6706-436e-bad8-445ccd64f4e2,3895095,40,13582815900,13582848900,1781298211548-0
concurrency_n20_20260612_220313_redis_feed5_rep1,redis,sb:events:n20:feed5:rep1,846dfbba-d9ca-4a4e-9f80-b12670b4085e,3895067,41,13598345600,13598411600,1781298211552-0
concurrency_n20_20260612_220313_redis_feed5_rep1,redis,sb:events:n20:feed5:rep1,b20d045a-73cb-4eab-8dfc-bc07269ce986,3895060,41,13600016700,13600153000,1781298211561-0
concurrency_n20_20260612_220313_redis_feed5_rep1,redis,sb:events:n20:feed5:rep1,998ca3a4-a5cc-4a15-9c36-122431d2f843,3895060,41,13602462700,13602485900,1781298211577-0
concurrency_n20_20260612_220313_redis_feed5_rep1,redis,sb:events:n20:feed5:rep1,61c32a5d-7d5c-4b88-a59b-8e5ebed5e25c,3895060,41,13603298400,13603320400,1781298211581-0
concurrency_n20_20260612_220313_redis_feed5_rep1,redis,sb:events:n20:feed5:rep1,d4bf08dc-9205-4261-8876-566102e23931,3895060,41,13606489900,13606522200,1781298211583-0
concurrency_n20_20260612_220313_redis_feed5_rep1,redis,sb:events:n20:feed5:rep1,932cd718-07b8-4f43-843a-040ea138a086,3895095,41,13613034500,13613073800,1781298211586-0
concurrency_n20_20260612_220313_redis_feed5_rep1,redis,sb:events:n20:feed5:rep1,d63c807a-8016-408b-8ede-1c8b62314bd2,3895095,41,13615660500,13615689500,1781298211592-0
concurrency_n20_20260612_220313_redis_feed5_rep1,redis,sb:events:n20:feed5:rep1,b6b79bd5-83a0-45aa-ae80-3d1d5e30a83f,3895095,41,13617880600,13618048500,1781298211596-0
concurrency_n20_20260612_220313_redis_feed5_rep1,redis,sb:events:n20:feed5:rep1,f9d31109-d4a2-4fbf-b479-d10ce5b80123,3895095,41,13619008300,13619040700,1781298211598-0
concurrency_n20_20260612_220313_redis_feed5_rep1,redis,sb:events:n20:feed5:rep1,0bcbb10c-b3c8-406b-be58-ce0986f273ae,3895095,41,13621328000,13621353300,1781298211600-0
concurrency_n20_20260612_220313_redis_feed5_rep1,redis,sb:events:n20:feed5:rep1,92b772f2-c273-4ec4-a7e2-3d09c1452965,3895107,41,13623591900,13623618300,1781298211601-0
concurrency_n20_20260612_220313_redis_feed5_rep1,redis,sb:events:n20:feed5:rep1,e2fec3bf-0acb-49b9-9afa-4d4a4ecce0c1,3895107,41,13624467500,13624488100,1781298211603-0
concurrency_n20_20260612_220313_redis_feed5_rep1,redis,sb:events:n20:feed5:rep1,5ec55ad0-1494-4ad7-9fdd-7226078bb2db,3895067,42,13627093300,13627122900,1781298211605-0
concurrency_n20_20260612_220313_redis_feed5_rep1,redis,sb:events:n20:feed5:rep1,e04b6836-a1e8-4472-b5ef-4f602b2c983e,3895067,42,13628254600,13628281500,1781298211606-0
concurrency_n20_20260612_220313_redis_feed5_rep1,redis,sb:events:n20:feed5:rep1,13e3148f-e1f5-46b5-929a-d4dc6755ebf6,3895067,42,13630622900,13630887700,1781298211609-0
concurrency_n20_20260612_220313_redis_feed5_rep1,redis,sb:events:n20:feed5:rep1,468623e8-7e76-4b78-b553-f607b9fb4b07,3895067,42,13638809500,13638850900,1781298211610-0
concurrency_n20_20260612_220313_redis_feed5_rep1,redis,sb:events:n20:feed5:rep1,65a00927-90a1-4c33-a35c-363da5bcaaeb,3895060,42,13641419500,13641463800,1781298211618-0
concurrency_n20_20260612_220313_redis_feed5_rep1,redis,sb:events:n20:feed5:rep1,747510a6-98ed-4a69-9400-5617988abdfa,3895060,42,13642241200,13642261800,1781298211621-0
concurrency_n20_20260612_220313_redis_feed5_rep1,redis,sb:events:n20:feed5:rep1,f5acbdd4-0316-4e8d-b8d1-48c192aba5ba,3895060,42,13644238700,13644258700,1781298211622-0
concurrency_n20_20260612_220313_redis_feed5_rep1,redis,sb:events:n20:feed5:rep1,244fd2c8-b53e-4e9e-8f15-a3d4fc996e95,3895060,42,13645165200,13645193400,1781298211624-0
concurrency_n20_20260612_220313_redis_feed5_rep1,redis,sb:events:n20:feed5:rep1,4bbe9045-17fc-4dd4-b422-1b2c0b7f7c2d,3895086,42,13647140000,13647161900,1781298211625-0
concurrency_n20_20260612_220313_redis_feed5_rep1,redis,sb:events:n20:feed5:rep1,ee5e44ed-cec3-40a9-b760-3312d3d02746,3895086,42,13686446700,13686479700,1781298211627-0
concurrency_n20_20260612_220313_redis_feed5_rep1,redis,sb:events:n20:feed5:rep1,b7857dd2-503f-47c6-a8b4-71291a3e9b6c,3895121,42,13688567300,13688589600,1781298211666-0
concurrency_n20_20260612_220313_redis_feed5_rep1,redis,sb:events:n20:feed5:rep1,02d38453-def0-4dfb-8f41-809f0d0ee531,3895113,42,13690687600,13690803600,1781298211669-0
concurrency_n20_20260612_220313_redis_feed5_rep1,redis,sb:events:n20:feed5:rep1,88b6503f-b7ef-4671-8e00-5ce2fc49c9f7,3895107,42,13691726400,13691748800,1781298211670-0
concurrency_n20_20260612_220313_redis_feed5_rep1,redis,sb:events:n20:feed5:rep1,0ada3c93-0dea-44b3-838b-308d7032cb53,3895134,43,13693688200,13693719300,1781298211672-0
concurrency_n20_20260612_220313_redis_feed5_rep1,redis,sb:events:n20:feed5:rep1,490ee852-fb5c-4bc5-9ad4-60c7fa3aeb35,3895060,43,13694536400,13694560700,1781298211673-0
concurrency_n20_20260612_220313_redis_feed5_rep1,redis,sb:events:n20:feed5:rep1,e2b37f00-81ce-493d-9f04-3b60b2d08ff3,3895060,43,13696552400,13696573500,1781298211674-0
concurrency_n20_20260612_220313_redis_feed5_rep1,redis,sb:events:n20:feed5:rep1,33f17635-b8f6-4118-a3df-72500fc4136b,3895060,43,13698096800,13698145400,1781298211675-0
concurrency_n20_20260612_220313_redis_feed5_rep1,redis,sb:events:n20:feed5:rep1,e04ea77c-949a-42c1-a58b-9b2cd5ec3f86,3895086,43,13701175900,13701207800,1781298211677-0
concurrency_n20_20260612_220313_redis_feed5_rep1,redis,sb:events:n20:feed5:rep1,ea294bae-9cde-4a49-ba92-8de0e5558724,3895086,43,13702983600,13703002300,1781298211678-0
concurrency_n20_20260612_220313_redis_feed5_rep1,redis,sb:events:n20:feed5:rep1,bf7dd8ff-3505-484f-b34a-1cfbd05f5203,3895086,43,13703989800,13704012000,1781298211681-0
concurrency_n20_20260612_220313_redis_feed5_rep1,redis,sb:events:n20:feed5:rep1,7e09cb25-daea-481e-a291-444a2e190a68,3895113,43,13705115300,13705138200,1781298211683-0
concurrency_n20_20260612_220313_redis_feed5_rep1,redis,sb:events:n20:feed5:rep1,4334c761-3d76-4734-89ce-0d25fd4d1d5c,3895067,44,13707701700,13707726000,1781298211685-0
concurrency_n20_20260612_220313_redis_feed5_rep1,redis,sb:events:n20:feed5:rep1,de2f5dd9-8866-4731-8ba6-b62075693025,3895067,44,13708599200,13708627400,1781298211687-0
concurrency_n20_20260612_220313_redis_feed5_rep1,redis,sb:events:n20:feed5:rep1,e607fbaf-57c6-46a5-9065-cd6ef1483ee7,3895060,44,13710763700,13710783900,1781298211688-0
concurrency_n20_20260612_220313_redis_feed5_rep1,redis,sb:events:n20:feed5:rep1,b081c486-1265-44bc-9b1e-bdbab86027bc,3895060,44,13711829000,13711850800,1781298211690-0
concurrency_n20_20260612_220313_redis_feed5_rep1,redis,sb:events:n20:feed5:rep1,1294206e-9663-4a6b-9df5-c439b597a356,3895086,44,13716016700,13716044300,1781298211691-0
concurrency_n20_20260612_220313_redis_feed5_rep1,redis,sb:events:n20:feed5:rep1,6e6d3a04-3b2d-4594-912c-ef552bb70b66,3895121,44,13716854300,13716876600,1781298211692-0
concurrency_n20_20260612_220313_redis_feed5_rep1,redis,sb:events:n20:feed5:rep1,b7d0f261-5334-4d69-96af-25ae011560ca,3895121,44,13717738800,13717755700,1781298211694-0
concurrency_n20_20260612_220313_redis_feed5_rep1,redis,sb:events:n20:feed5:rep1,6bfc5905-fd3d-4a0f-8dd4-e66a22373576,3895134,45,13718565700,13718584900,1781298211696-0
concurrency_n20_20260612_220313_redis_feed5_rep1,redis,sb:events:n20:feed5:rep1,2083aef2-6d41-4a34-8a5a-4a3775a71852,3895134,45,13720759000,13720782500,1781298211697-0
concurrency_n20_20260612_220313_redis_feed5_rep1,redis,sb:events:n20:feed5:rep1,e7838e3a-3874-4ca3-b660-ea74ef2c384d,3895060,45,13722104800,13722129600,1781298211699-0
concurrency_n20_20260612_220313_redis_feed5_rep1,redis,sb:events:n20:feed5:rep1,58cdc1d1-788b-4e0b-a07b-84d6db9ad04b,3895086,45,13723104400,13723129200,1781298211700-0
concurrency_n20_20260612_220313_redis_feed5_rep1,redis,sb:events:n20:feed5:rep1,959b2e5b-016f-4594-9d72-537819b03bd8,3895086,45,13724616500,13724635000,1781298211702-0
concurrency_n20_20260612_220313_redis_feed5_rep1,redis,sb:events:n20:feed5:rep1,43d448f5-3161-4484-a1e9-7ead8dbb8df2,3895113,45,13725321500,13725341700,1781298211704-0
concurrency_n20_20260612_220313_redis_feed5_rep1,redis,sb:events:n20:feed5:rep1,7baac0c7-203d-4e43-89f7-7d482a26ee0d,3895121,45,13727226500,13727247100,1781298211705-0
concurrency_n20_20260612_220313_redis_feed5_rep1,redis,sb:events:n20:feed5:rep1,31bf416b-2f8b-436b-a233-07d16a05f948,3895113,45,13728285700,13728310600,1781298211707-0
concurrency_n20_20260612_220313_redis_feed5_rep1,redis,sb:events:n20:feed5:rep1,84b5ba76-8141-4875-82aa-039802b7b1e9,3895113,45,13730465400,13730486200,1781298211708-0
concurrency_n20_20260612_220313_redis_feed5_rep1,redis,sb:events:n20:feed5:rep1,87666b3c-fae0-4ec8-a71d-c2d3be7beb84,3895052,46,13732031200,13732059300,1781298211709-0
concurrency_n20_20260612_220313_redis_feed5_rep1,redis,sb:events:n20:feed5:rep1,89e0e216-29e0-4bad-b415-358338ffc09f,3895121,46,13733180000,13733200100,1781298211711-0
concurrency_n20_20260612_220313_redis_feed5_rep1,redis,sb:events:n20:feed5:rep1,533800e7-a633-4c16-989e-88d349c01143,3895113,46,13735392500,13735425400,1781298211712-0
concurrency_n20_20260612_220313_redis_feed5_rep1,redis,sb:events:n20:feed5:rep1,351f7fc6-14b7-46ba-9fb9-04f41961ded3,3895052,47,13737051300,13737075800,1781298211714-0
concurrency_n20_20260612_220313_redis_feed5_rep1,redis,sb:events:n20:feed5:rep1,fdc51a4b-28c8-4fce-84e7-171fe7b1d4b6,3895052,47,13738635400,13738664200,1781298211715-0
concurrency_n20_20260612_220313_redis_feed5_rep1,redis,sb:events:n20:feed5:rep1,f2ada232-d480-4ba1-abd7-75e39f0030a3,3895060,47,13740629000,13740651400,1781298211717-0
concurrency_n20_20260612_220313_redis_feed5_rep1,redis,sb:events:n20:feed5:rep1,79dceb5a-d57a-4e48-9857-49a39de9e10c,3895060,47,13742785200,13742805300,1781298211721-0
concurrency_n20_20260612_220313_redis_feed5_rep1,redis,sb:events:n20:feed5:rep1,0c0f4cd0-cd24-4049-a9c1-842b9ce36562,3895060,47,13743920300,13743941800,1781298211722-0
concurrency_n20_20260612_220313_redis_feed5_rep1,redis,sb:events:n20:feed5:rep1,04713f82-6bc1-4e6b-904b-eb4fd56d5eb3,3895067,48,13745741700,13745761500,1781298211723-0
concurrency_n20_20260612_220313_redis_feed5_rep1,redis,sb:events:n20:feed5:rep1,5f268cd7-74fc-4aea-9caa-8cdf9d717648,3895067,48,13746421000,13746439000,1781298211724-0
concurrency_n20_20260612_220313_redis_feed5_rep1,redis,sb:events:n20:feed5:rep1,76fa657c-52d9-444e-8432-b36a4d76771f,3895067,48,13747058000,13747073700,1781298211725-0
concurrency_n20_20260612_220313_redis_feed5_rep1,redis,sb:events:n20:feed5:rep1,96bd8297-91b0-47fc-a7b2-2c433ec2e694,3895052,48,13748800300,13748823000,1781298211727-0
concurrency_n20_20260612_220313_redis_feed5_rep1,redis,sb:events:n20:feed5:rep1,8d0349fb-568c-440c-9069-42adbf1f9c3a,3895052,48,13749616400,13749633500,1781298211728-0
concurrency_n20_20260612_220313_redis_feed5_rep1,redis,sb:events:n20:feed5:rep1,f5c259e0-c5c7-49b0-9c59-02585ab58986,3895086,48,13751207200,13751227800,1781298211729-0
concurrency_n20_20260612_220313_redis_feed5_rep1,redis,sb:events:n20:feed5:rep1,e008a8be-aa49-49e9-bd13-a93552b5c052,3895113,48,13752218800,13752236700,1781298211731-0
concurrency_n20_20260612_220313_redis_feed5_rep1,redis,sb:events:n20:feed5:rep1,cda89eb4-2a08-49d3-b303-e8d036641f46,3895134,49,13754224400,13754247200,1781298211732-0
concurrency_n20_20260612_220313_redis_feed5_rep1,redis,sb:events:n20:feed5:rep1,dc5c5cf4-f423-403a-b51c-979540ef7622,3895060,49,13754999200,13755035900,1781298211734-0
concurrency_n20_20260612_220313_redis_feed5_rep1,redis,sb:events:n20:feed5:rep1,1a55229e-3379-44ed-a2d0-4c24a2d6169a,3895060,49,13758540300,13758565900,1781298211735-0
concurrency_n20_20260612_220313_redis_feed5_rep1,redis,sb:events:n20:feed5:rep1,fac5aea2-5596-489a-968e-56f16712940d,3895107,49,13759553000,13759621100,1781298211737-0
concurrency_n20_20260612_220313_redis_feed5_rep1,redis,sb:events:n20:feed5:rep1,efcf17d5-c042-4aaf-b0d7-93d7c93295e4,3895067,50,13760540800,13760564000,1781298211738-0
concurrency_n20_20260612_220313_redis_feed5_rep1,redis,sb:events:n20:feed5:rep1,47018dac-e300-4c82-be64-a8bc5b624fe0,3895052,50,13762140800,13762159900,1781298211739-0
concurrency_n20_20260612_220313_redis_feed5_rep1,redis,sb:events:n20:feed5:rep1,e3fd3a05-da3c-47a0-a92c-2719348c579e,3895052,50,13762846900,13762869500,1781298211741-0
concurrency_n20_20260612_220313_redis_feed5_rep1,redis,sb:events:n20:feed5:rep1,2128811a-aed8-4767-93e5-6b8c8d052321,3895086,50,13763735100,13763757400,1781298211742-0
concurrency_n20_20260612_220313_redis_feed5_rep1,redis,sb:events:n20:feed5:rep1,3aac7306-7a20-48a5-899a-01fd2c81174c,3895086,50,13765432200,13765454800,1781298211744-0
concurrency_n20_20260612_220313_redis_feed5_rep1,redis,sb:events:n20:feed5:rep1,2776e660-6018-41ee-a851-c1d3110acce6,3895107,50,13766271500,13766291300,1781298211745-0
concurrency_n20_20260612_220313_redis_feed5_rep1,redis,sb:events:n20:feed5:rep1,fd3aeff8-4268-476c-9189-7980aa44e693,3895107,50,13768159400,13768181900,1781298211746-0
concurrency_n20_20260612_220313_redis_feed5_rep1,redis,sb:events:n20:feed5:rep1,868c8013-7306-466b-93e7-217812448fd5,3895134,51,13768929100,13768967800,1781298211747-0
concurrency_n20_20260612_220313_redis_feed5_rep1,redis,sb:events:n20:feed5:rep1,3001fadd-127b-4ce2-8879-42a84e9d6d18,3895134,51,13769800900,13769822300,1781298211748-0
concurrency_n20_20260612_220313_redis_feed5_rep1,redis,sb:events:n20:feed5:rep1,671975c8-652d-4d37-a960-34ea283e6839,3895067,51,13771473600,13771497300,1781298211749-0
concurrency_n20_20260612_220313_redis_feed5_rep1,redis,sb:events:n20:feed5:rep1,e6696fb9-60bc-4c61-804c-d5089d51dbfc,3895134,51,13772228200,13772247900,1781298211750-0
concurrency_n20_20260612_220313_redis_feed5_rep1,redis,sb:events:n20:feed5:rep1,dd68b07e-7dda-40cd-be54-f8f588fb2d65,3895067,51,13773659100,13773682700,1781298211751-0
concurrency_n20_20260612_220313_redis_feed5_rep1,redis,sb:events:n20:feed5:rep1,a204aa5b-dd2a-4419-b242-75fb830e408a,3895067,51,13775209400,13775232900,1781298211753-0
concurrency_n20_20260612_220313_redis_feed5_rep1,redis,sb:events:n20:feed5:rep1,6a0f8b8e-4e1b-42ee-b523-30b9a57b096e,3895052,51,13776103600,13776125700,1781298211754-0
concurrency_n20_20260612_220313_redis_feed5_rep1,redis,sb:events:n20:feed5:rep1,cbe82ece-02bd-4fb5-9e40-ca8251b72ec7,3895086,51,13777056100,13777077200,1781298211755-0
concurrency_n20_20260612_220313_redis_feed5_rep1,redis,sb:events:n20:feed5:rep1,77377af1-c630-4e85-8bdb-0ca5557b3287,3895107,51,13778870900,13778889500,1781298211756-0
concurrency_n20_20260612_220313_redis_feed5_rep1,redis,sb:events:n20:feed5:rep1,ee90bada-1c6b-428a-aacb-049c3b7d8627,3895107,51,13779686800,13779728600,1781298211757-0
concurrency_n20_20260612_220313_redis_feed5_rep1,redis,sb:events:n20:feed5:rep1,43d10675-f46f-4529-b68d-2cb72e3bc959,3895107,51,13780549800,13780574200,1781298211759-0
concurrency_n20_20260612_220313_redis_feed5_rep1,redis,sb:events:n20:feed5:rep1,098845c7-c0d6-49d4-a7e8-62ad71df1740,3895107,51,13782262500,13782281300,1781298211760-0
concurrency_n20_20260612_220313_redis_feed5_rep1,redis,sb:events:n20:feed5:rep1,7b0bb4e0-11e8-47ec-b963-780b060ecd67,3895107,51,13783429000,13783452200,1781298211761-0
concurrency_n20_20260612_220313_redis_feed5_rep1,redis,sb:events:n20:feed5:rep1,0138382f-c7f1-453f-a804-e83d80388701,3895134,52,13784271000,13784352300,1781298211762-0
concurrency_n20_20260612_220313_redis_feed5_rep1,redis,sb:events:n20:feed5:rep1,b6598ae5-294f-495f-8871-3ed5da30a210,3895067,52,13786451000,13786473600,1781298211764-0
concurrency_n20_20260612_220313_redis_feed5_rep1,redis,sb:events:n20:feed5:rep1,6258c422-389a-4b00-9a65-a893eb7f7fbd,3895067,52,13787198700,13787220000,1781298211765-0
concurrency_n20_20260612_220313_redis_feed5_rep1,redis,sb:events:n20:feed5:rep1,43b4b6c3-f7eb-4660-9535-85090ee4a9c7,3895086,52,13788210100,13788233000,1781298211766-0
concurrency_n20_20260612_220313_redis_feed5_rep1,redis,sb:events:n20:feed5:rep1,0824066b-6377-4f4d-b9d6-b892e16165cf,3895086,52,13790040300,13790063600,1781298211767-0
concurrency_n20_20260612_220313_redis_feed5_rep1,redis,sb:events:n20:feed5:rep1,c45e4c17-d965-492f-bf68-f2cc34aea3c6,3895107,52,13790777400,13790812900,1781298211768-0
concurrency_n20_20260612_220313_redis_feed5_rep1,redis,sb:events:n20:feed5:rep1,3ff1967f-6e9f-4711-9f48-702eea0b78d3,3895107,52,13791652400,13791674000,1781298211769-0
concurrency_n20_20260612_220313_redis_feed5_rep1,redis,sb:events:n20:feed5:rep1,7773b9fa-34dc-44fc-95f0-80ebcf280e8c,3895074,53,13793293400,13793355100,1781298211770-0
concurrency_n20_20260612_220313_redis_feed5_rep1,redis,sb:events:n20:feed5:rep1,439b5ce9-bc81-47ba-8976-7bcd6b7de738,3895052,53,13794860500,13794887300,1781298211772-0
concurrency_n20_20260612_220313_redis_feed5_rep1,redis,sb:events:n20:feed5:rep1,e9064962-a3ad-4469-be2a-58f85fcc0a21,3895067,53,13797042000,13797069900,1781298211773-0
concurrency_n20_20260612_220313_redis_feed5_rep1,redis,sb:events:n20:feed5:rep1,65bd167c-af9e-4117-a832-2bd3eab41c47,3895052,53,13797940400,13797963100,1781298211773-1
concurrency_n20_20260612_220313_redis_feed5_rep1,redis,sb:events:n20:feed5:rep1,f410a2e4-a20a-4740-9789-df374ad99354,3895134,54,13799931200,13799955300,1781298211775-0
concurrency_n20_20260612_220313_redis_feed5_rep1,redis,sb:events:n20:feed5:rep1,ded4b97c-05de-492d-afdf-293ace2b3224,3895134,54,13800866200,13800887700,1781298211777-0
concurrency_n20_20260612_220313_redis_feed5_rep1,redis,sb:events:n20:feed5:rep1,4e0d3771-4b3b-409c-98fd-b89277a436ea,3895067,54,13801663100,13801723400,1781298211779-0
concurrency_n20_20260612_220313_redis_feed5_rep1,redis,sb:events:n20:feed5:rep1,424b5613-2a63-4bf4-8cfe-75e394f8c6df,3895095,54,13804031200,13804056200,1781298211780-0
concurrency_n20_20260612_220313_redis_feed5_rep1,redis,sb:events:n20:feed5:rep1,d626a450-651a-452f-8bd2-40bd73e5570f,3895052,54,13804910100,13804949200,1781298211782-0
concurrency_n20_20260612_220313_redis_feed5_rep1,redis,sb:events:n20:feed5:rep1,a2f0fa0d-a8be-4dae-886f-c4f1e40c1b23,3895060,54,13805600700,13805621800,1781298211783-0
concurrency_n20_20260612_220313_redis_feed5_rep1,redis,sb:events:n20:feed5:rep1,b9207043-5322-448b-9124-e5f49b7edaf7,3895086,54,13807409100,13807428500,1781298211784-0
concurrency_n20_20260612_220313_redis_feed5_rep1,redis,sb:events:n20:feed5:rep1,f39a69f5-2e2b-496a-9f94-591e8b152d22,3895067,55,13808312000,13808335000,1781298211786-0
concurrency_n20_20260612_220313_redis_feed5_rep1,redis,sb:events:n20:feed5:rep1,437f9130-077f-43ac-81f2-d1c218161259,3895052,55,13809066800,13809176300,1781298211787-0
concurrency_n20_20260612_220313_redis_feed5_rep1,redis,sb:events:n20:feed5:rep1,c96ef0ba-2909-41e9-a9b0-43407092a108,3895067,55,13811035100,13811060400,1781298211788-0
concurrency_n20_20260612_220313_redis_feed5_rep1,redis,sb:events:n20:feed5:rep1,def5f329-5561-402c-a454-962f20833a5e,3895052,55,13811756600,13811776100,1781298211789-0
concurrency_n20_20260612_220313_redis_feed5_rep1,redis,sb:events:n20:feed5:rep1,d1da2207-3155-4079-bbef-e54815cde0d4,3895067,55,13812990200,13813052100,1781298211790-0
concurrency_n20_20260612_220313_redis_feed5_rep1,redis,sb:events:n20:feed5:rep1,edf8e33e-3227-4baf-8b1e-c9798a4bffb1,3895060,55,13813956800,13813982400,1781298211791-0
concurrency_n20_20260612_220313_redis_feed5_rep1,redis,sb:events:n20:feed5:rep1,afda6e2d-5673-419e-946e-2a513db81b5e,3895060,55,13815696200,13815721100,1781298211792-0
concurrency_n20_20260612_220313_redis_feed5_rep1,redis,sb:events:n20:feed5:rep1,86442978-c9ac-4f8b-a277-3c2aea80938f,3895086,55,13816603900,13816625900,1781298211793-0
concurrency_n20_20260612_220313_redis_feed5_rep1,redis,sb:events:n20:feed5:rep1,ac9f8882-ceb0-433a-a7ce-42572013a74e,3895086,55,13817366200,13817417800,1781298211794-0
concurrency_n20_20260612_220313_redis_feed5_rep1,redis,sb:events:n20:feed5:rep1,db2260b8-339c-4012-80d4-af54e4fefdb1,3895107,55,13818151900,13818170500,1781298211796-0
concurrency_n20_20260612_220313_redis_feed5_rep1,redis,sb:events:n20:feed5:rep1,6fa9e978-a06d-4ccb-856f-d1582b5abd82,3895107,55,13819787300,13819810400,1781298211797-0
concurrency_n20_20260612_220313_redis_feed5_rep1,redis,sb:events:n20:feed5:rep1,e7e4cb72-ce69-4bab-b7d1-1bfaf6e47af1,3895107,55,13820583400,13820608900,1781298211798-0
concurrency_n20_20260612_220313_redis_feed5_rep1,redis,sb:events:n20:feed5:rep1,4ee5d31d-6e7c-4942-8760-1f2e13c7ba9c,3895074,56,13821205000,13821222300,1781298211799-0
concurrency_n20_20260612_220313_redis_feed5_rep1,redis,sb:events:n20:feed5:rep1,592ec0c8-e456-449d-a137-235f6bfd6017,3895074,56,13822941200,13822964000,1781298211800-0
concurrency_n20_20260612_220313_redis_feed5_rep1,redis,sb:events:n20:feed5:rep1,437249ff-c7a3-4486-836a-2c9089708413,3895074,56,13823696400,13823721400,1781298211802-0
concurrency_n20_20260612_220313_redis_feed5_rep1,redis,sb:events:n20:feed5:rep1,f90ccdda-1623-4c46-83d7-a93b10bbb095,3895134,56,13824533200,13824553800,1781298211803-0
concurrency_n20_20260612_220313_redis_feed5_rep1,redis,sb:events:n20:feed5:rep1,d38e730e-330c-42a9-8889-f2b613aae2a5,3895134,56,13830484100,13830515400,1781298211804-0
concurrency_n20_20260612_220313_redis_feed5_rep1,redis,sb:events:n20:feed5:rep1,c0a6ff18-bef9-4da4-a93d-df405de515ca,3895134,56,13831461300,13831483600,1781298211805-0
concurrency_n20_20260612_220313_redis_feed5_rep1,redis,sb:events:n20:feed5:rep1,842b2425-b726-4944-88b7-6e59c5144f28,3895052,56,13832322600,13832343300,1781298211807-0
concurrency_n20_20260612_220313_redis_feed5_rep1,redis,sb:events:n20:feed5:rep1,6260cbb1-d2f6-4026-baaa-31ce8297fc11,3895060,56,13834145000,13834171200,1781298211810-0
concurrency_n20_20260612_220313_redis_feed5_rep1,redis,sb:events:n20:feed5:rep1,597f312d-75ca-4d9d-bba8-27ea4be07ca1,3895086,56,13835018100,13835038100,1781298211812-0
concurrency_n20_20260612_220313_redis_feed5_rep1,redis,sb:events:n20:feed5:rep1,425f41d2-7da1-4c10-b0f5-cc89c05ea4fe,3895086,56,13835719500,13835739000,1781298211813-0
concurrency_n20_20260612_220313_redis_feed5_rep1,redis,sb:events:n20:feed5:rep1,a38a5179-ed61-4c45-ab30-f6e861acd9a8,3895086,56,13836344300,13836363800,1781298211814-0
concurrency_n20_20260612_220313_redis_feed5_rep1,redis,sb:events:n20:feed5:rep1,e2de8d47-cc41-49eb-a56e-8da9b62c1102,3895086,56,13838021300,13838040400,1781298211816-0
concurrency_n20_20260612_220313_redis_feed5_rep1,redis,sb:events:n20:feed5:rep1,b608a12f-beb4-4db1-9424-437a6d8b6ff1,3895107,56,13838866100,13838887300,1781298211817-0
concurrency_n20_20260612_220313_redis_feed5_rep1,redis,sb:events:n20:feed5:rep1,38a429db-494a-4c85-9245-e989a3f81915,3895107,56,13839740900,13839761800,1781298211818-0
concurrency_n20_20260612_220313_redis_feed5_rep1,redis,sb:events:n20:feed5:rep1,129e9e4c-4a52-491d-89a9-fb8b711d3de0,3895095,57,13841695100,13841714300,1781298211819-0
concurrency_n20_20260612_220313_redis_feed5_rep1,redis,sb:events:n20:feed5:rep1,cf6f40da-1c9d-4066-80cc-915eb4f227de,3895134,57,13842412500,13842433100,1781298211821-0
concurrency_n20_20260612_220313_redis_feed5_rep1,redis,sb:events:n20:feed5:rep1,43c4c705-3da0-414e-b853-cb075fc6bc69,3895134,57,13844109800,13844134600,1781298211822-0
concurrency_n20_20260612_220313_redis_feed5_rep1,redis,sb:events:n20:feed5:rep1,0b9a69ba-96cd-4641-b931-eff7dce3a2f8,3895134,57,13845231100,13845253100,1781298211823-0
concurrency_n20_20260612_220313_redis_feed5_rep1,redis,sb:events:n20:feed5:rep1,d377d77b-8a2f-4385-b85e-ff34ae6fc979,3895067,57,13846126200,13846161800,1781298211824-0
concurrency_n20_20260612_220313_redis_feed5_rep1,redis,sb:events:n20:feed5:rep1,df30aec4-f392-4ae8-8617-ebfbcfafc297,3895052,57,13847875200,13847895900,1781298211825-0
concurrency_n20_20260612_220313_redis_feed5_rep1,redis,sb:events:n20:feed5:rep1,18d94d6f-1440-4daa-80a9-47f19ee5186b,3895067,57,13848865600,13848910400,1781298211826-0
concurrency_n20_20260612_220313_redis_feed5_rep1,redis,sb:events:n20:feed5:rep1,47099e16-f149-4698-ab0f-18dd33415330,3895052,57,13849622900,13849665500,1781298211828-0
concurrency_n20_20260612_220313_redis_feed5_rep1,redis,sb:events:n20:feed5:rep1,909fb80b-31ba-4530-924f-36e24598500e,3895060,57,13852350800,13852375400,1781298211829-0
concurrency_n20_20260612_220313_redis_feed5_rep1,redis,sb:events:n20:feed5:rep1,f5b43151-5fdf-4d15-a30b-4ff7b695c61f,3895060,57,13853344600,13853370900,1781298211830-0
concurrency_n20_20260612_220313_redis_feed5_rep1,redis,sb:events:n20:feed5:rep1,f75fcf2d-b54f-4930-8863-1a48eba0ad9b,3895086,57,13854450000,13854469100,1781298211832-0
concurrency_n20_20260612_220313_redis_feed5_rep1,redis,sb:events:n20:feed5:rep1,0050f3cf-d991-464f-9340-a30c01c082d8,3895086,57,13856070000,13856093100,1781298211834-0
concurrency_n20_20260612_220313_redis_feed5_rep1,redis,sb:events:n20:feed5:rep1,0c14b70a-ac75-4bf6-b4df-53b669c54b6c,3895074,58,13856848600,13856871500,1781298211835-0
concurrency_n20_20260612_220313_redis_feed5_rep1,redis,sb:events:n20:feed5:rep1,9f945bf8-24a8-4f64-9dd4-5a1c5c201981,3895095,58,13858005000,13858029800,1781298211836-0
concurrency_n20_20260612_220313_redis_feed5_rep1,redis,sb:events:n20:feed5:rep1,36a42e6a-c56b-4d28-9ed5-75fef386b165,3895052,58,13859980500,13860002000,1781298211837-0
concurrency_n20_20260612_220313_redis_feed5_rep1,redis,sb:events:n20:feed5:rep1,4ef419c9-5ff0-444e-86a6-50a703b1769f,3895107,58,13860664400,13860682800,1781298211838-0
concurrency_n20_20260612_220313_redis_feed5_rep1,redis,sb:events:n20:feed5:rep1,41969f07-3af9-4753-98e8-69fbd27d21a4,3895095,59,13861520300,13861540700,1781298211840-0
concurrency_n20_20260612_220313_redis_feed5_rep1,redis,sb:events:n20:feed5:rep1,5674247a-ead4-4a96-bd38-ef2319eecf34,3895134,59,13863180100,13863203300,1781298211841-0
concurrency_n20_20260612_220313_redis_feed5_rep1,redis,sb:events:n20:feed5:rep1,8be02bf7-5395-4605-b57b-8f501e04d189,3895067,59,13864033800,13864053600,1781298211842-0
concurrency_n20_20260612_220313_redis_feed5_rep1,redis,sb:events:n20:feed5:rep1,b7b039ca-bac1-4467-af8e-0fd8796bb6c9,3895052,59,13864913000,13864934400,1781298211843-0
concurrency_n20_20260612_220313_redis_feed5_rep1,redis,sb:events:n20:feed5:rep1,5ba85175-4aee-426a-bece-2a16c73e89b7,3895052,59,13866407800,13866431200,1781298211844-0
concurrency_n20_20260612_220313_redis_feed5_rep1,redis,sb:events:n20:feed5:rep1,73b4ab23-4ab4-4983-91d2-d8e21f5270f8,3895060,59,13867086400,13867104500,1781298211846-0
concurrency_n20_20260612_220313_redis_feed5_rep1,redis,sb:events:n20:feed5:rep1,d89d3340-d2ef-47db-9827-7d447bae5b2d,3895086,59,13867973600,13867993800,1781298211847-0
concurrency_n20_20260612_220313_redis_feed5_rep1,redis,sb:events:n20:feed5:rep1,ea520500-8ba0-47a7-ac12-b4c9c0a92146,3895074,60,13873324100,13873348700,1781298211847-1
concurrency_n20_20260612_220313_redis_feed5_rep1,redis,sb:events:n20:feed5:rep1,dd8d63c4-feb8-4523-ab68-826a6480eefd,3895074,60,13873945200,13873966400,1781298211849-0
concurrency_n20_20260612_220313_redis_feed5_rep1,redis,sb:events:n20:feed5:rep1,a8bd1431-210e-4840-8d05-60ce4a7de877,3895095,60,13874811500,13874831400,1781298211853-0
concurrency_n20_20260612_220313_redis_feed5_rep1,redis,sb:events:n20:feed5:rep1,14bd2c1c-b359-4192-a0ae-90ad860f3371,3895067,60,13876628100,13876652100,1781298211854-0
concurrency_n20_20260612_220313_redis_feed5_rep1,redis,sb:events:n20:feed5:rep1,7ccea271-b2cf-40d9-8e25-30ed33e37625,3895067,60,13877772200,13877795100,1781298211855-0
concurrency_n20_20260612_220313_redis_feed5_rep1,redis,sb:events:n20:feed5:rep1,50b41d81-f36f-4161-a4d2-36ba1befc4be,3895060,60,13878766700,13878789700,1781298211857-0
concurrency_n20_20260612_220313_redis_feed5_rep1,redis,sb:events:n20:feed5:rep1,ff19107a-4ba4-4822-ac3e-e71716667059,3895060,60,13880658700,13880681700,1781298211858-0
concurrency_n20_20260612_220313_redis_feed5_rep1,redis,sb:events:n20:feed5:rep1,9ff39e51-5a18-4e88-bd18-76090587a988,3895086,60,13881538100,13881556200,1781298211859-0
concurrency_n20_20260612_220313_redis_feed5_rep1,redis,sb:events:n20:feed5:rep1,0fef3645-2465-4dbf-8266-c2a35ee8293c,3895086,60,13882345100,13882365300,1781298211861-0
concurrency_n20_20260612_220313_redis_feed5_rep1,redis,sb:events:n20:feed5:rep1,015fcb4f-7419-4731-84a0-81b3fd422ff7,3895086,60,13884066400,13884088800,1781298211862-0
concurrency_n20_20260612_220313_redis_feed5_rep1,redis,sb:events:n20:feed5:rep1,166ea076-01d6-49a4-87eb-ff7908834a7f,3895086,60,13885070000,13885089800,1781298211863-0
concurrency_n20_20260612_220313_redis_feed5_rep1,redis,sb:events:n20:feed5:rep1,b0d138df-c84d-4eeb-a19e-0550afb12c63,3895086,60,13885983800,13886002500,1781298211864-0
concurrency_n20_20260612_220313_redis_feed5_rep1,redis,sb:events:n20:feed5:rep1,d1f3d4f7-aeb6-4d26-95e1-37c7df992845,3895107,60,13887766700,13887795800,1781298211865-0
concurrency_n20_20260612_220313_redis_feed5_rep1,redis,sb:events:n20:feed5:rep1,09e0176e-01c2-4e75-8d19-c75cbac22a53,3895107,60,13888496500,13888520600,1781298211866-0
