run_id,backend,stream,redis_id,t_consume_ns,event_id,match_id,t_sim_seconds,t_emit_offset_s,t_emit_planned_ns,s3_uid,s3_rev,s3_is_correction
concurrency_n20_20260612_220524_redis_feed14_rep1,redis,sb:events:n20:feed14:rep1,1781298336965-0,8637943800,69bb4fa7-f177-49a8-9b19-7c01cd9d9a9c,3895052,0,0.0,6201972300,3895052:69bb4fa7-f177-49a8-9b19-7c01cd9d9a9c,1,False
concurrency_n20_20260612_220524_redis_feed14_rep1,redis,sb:events:n20:feed14:rep1,1781298336966-0,8639540800,207c41be-4905-457d-af38-e356b67981de,3895060,0,0.0,6201972300,3895060:207c41be-4905-457d-af38-e356b67981de,1,False
concurrency_n20_20260612_220524_redis_feed14_rep1,redis,sb:events:n20:feed14:rep1,1781298336969-0,8644014800,7eb000ee-2ef0-462a-bd57-e4320f459c68,3895067,0,0.0,6201972300,3895067:7eb000ee-2ef0-462a-bd57-e4320f459c68,1,False
concurrency_n20_20260612_220524_redis_feed14_rep1,redis,sb:events:n20:feed14:rep1,1781298336970-0,8647030100,664c81bb-315d-4de4-86d5-f326eebf0684,3895074,0,0.0,6201972300,3895074:664c81bb-315d-4de4-86d5-f326eebf0684,1,False
concurrency_n20_20260612_220524_redis_feed14_rep1,redis,sb:events:n20:feed14:rep1,1781298336974-0,8659526300,6c9ebdf9-117f-4a31-8b52-ebcf3c35d0c6,3895086,0,0.0,6201972300,3895086:6c9ebdf9-117f-4a31-8b52-ebcf3c35d0c6,1,False
concurrency_n20_20260612_220524_redis_feed14_rep1,redis,sb:events:n20:feed14:rep1,1781298336978-0,8660074700,9103cd62-6a36-40c6-9f80-ab1f6d258133,3895095,0,0.0,6201972300,3895095:9103cd62-6a36-40c6-9f80-ab1f6d258133,1,False
concurrency_n20_20260612_220524_redis_feed14_rep1,redis,sb:events:n20:feed14:rep1,1781298336987-0,8661455900,84fbca7e-c79e-4f67-8026-4c9578366292,3895107,0,0.0,6201972300,3895107:84fbca7e-c79e-4f67-8026-4c9578366292,1,False
concurrency_n20_20260612_220524_redis_feed14_rep1,redis,sb:events:n20:feed14:rep1,1781298336988-0,8662187400,ea1e6876-4179-4750-8231-55c3d6ec8001,3895113,0,0.0,6201972300,3895113:ea1e6876-4179-4750-8231-55c3d6ec8001,1,False
concurrency_n20_20260612_220524_redis_feed14_rep1,redis,sb:events:n20:feed14:rep1,1781298336989-0,8663485800,16d29511-a5c7-4a18-a4b4-d40571e69bd4,3895121,0,0.0,6201972300,3895121:16d29511-a5c7-4a18-a4b4-d40571e69bd4,1,False
concurrency_n20_20260612_220524_redis_feed14_rep1,redis,sb:events:n20:feed14:rep1,1781298336990-0,8664597000,7f498384-e379-41b8-bdd2-8bf16412e8cc,3895134,0,0.0,6201972300,3895134:7f498384-e379-41b8-bdd2-8bf16412e8cc,1,False
concurrency_n20_20260612_220524_redis_feed14_rep1,redis,sb:events:n20:feed14:rep1,1781298336991-0,8665963900,9790a466-9c56-42aa-96aa-a9ad1a6f8811,3895052,0,0.0,6201972300,3895052:9790a466-9c56-42aa-96aa-a9ad1a6f8811,1,False
concurrency_n20_20260612_220524_redis_feed14_rep1,redis,sb:events:n20:feed14:rep1,1781298336992-0,8667597200,fefef503-f3cc-4d41-9b3f-9ddc57b6a93b,3895060,0,0.0,6201972300,3895060:fefef503-f3cc-4d41-9b3f-9ddc57b6a93b,1,False
concurrency_n20_20260612_220524_redis_feed14_rep1,redis,sb:events:n20:feed14:rep1,1781298336993-0,8672887000,d593adb3-8980-46f6-b384-4a91f4ec01ba,3895067,0,0.0,6201972300,3895067:d593adb3-8980-46f6-b384-4a91f4ec01ba,1,False
concurrency_n20_20260612_220524_redis_feed14_rep1,redis,sb:events:n20:feed14:rep1,1781298336994-0,8675689800,3dd463f6-b445-407d-8120-bf6aeab35526,3895074,0,0.0,6201972300,3895074:3dd463f6-b445-407d-8120-bf6aeab35526,1,False
concurrency_n20_20260612_220524_redis_feed14_rep1,redis,sb:events:n20:feed14:rep1,1781298336999-0,8676686600,6755b1ac-4f37-4c35-b1ef-181d68375e7d,3895086,0,0.0,6201972300,3895086:6755b1ac-4f37-4c35-b1ef-181d68375e7d,1,False
concurrency_n20_20260612_220524_redis_feed14_rep1,redis,sb:events:n20:feed14:rep1,1781298337001-0,8678345400,73376ffb-3f9f-4570-9b3e-c51d44315ef3,3895095,0,0.0,6201972300,3895095:73376ffb-3f9f-4570-9b3e-c51d44315ef3,1,False
concurrency_n20_20260612_220524_redis_feed14_rep1,redis,sb:events:n20:feed14:rep1,1781298337003-0,8679795100,b4bd630b-4e82-4f31-8947-17beb238dc5a,3895107,0,0.0,6201972300,3895107:b4bd630b-4e82-4f31-8947-17beb238dc5a,1,False
concurrency_n20_20260612_220524_redis_feed14_rep1,redis,sb:events:n20:feed14:rep1,1781298337004-0,8680992300,a88295ad-33e8-4427-872c-eba006d8a0ef,3895113,0,0.0,6201972300,3895113:a88295ad-33e8-4427-872c-eba006d8a0ef,1,False
concurrency_n20_20260612_220524_redis_feed14_rep1,redis,sb:events:n20:feed14:rep1,1781298337005-0,8683715500,27cf4ae2-0319-4fc6-9ace-9f960bb0e4e6,3895121,0,0.0,6201972300,3895121:27cf4ae2-0319-4fc6-9ace-9f960bb0e4e6,1,False
concurrency_n20_20260612_220524_redis_feed14_rep1,redis,sb:events:n20:feed14:rep1,1781298337007-0,8684591000,4af6d17a-69ad-4bca-aece-f3be76c10138,3895134,0,0.0,6201972300,3895134:4af6d17a-69ad-4bca-aece-f3be76c10138,1,False
concurrency_n20_20260612_220524_redis_feed14_rep1,redis,sb:events:n20:feed14:rep1,1781298337009-0,8691258800,c6762724-3ad0-4ed1-b232-7f32ac192ec6,3895052,0,0.0,6201972300,3895052:c6762724-3ad0-4ed1-b232-7f32ac192ec6,1,False
concurrency_n20_20260612_220524_redis_feed14_rep1,redis,sb:events:n20:feed14:rep1,1781298337010-0,8692069400,2f46ad65-50a4-4834-9bd9-86a61f034234,3895060,0,0.0,6201972300,3895060:2f46ad65-50a4-4834-9bd9-86a61f034234,1,False
concurrency_n20_20260612_220524_redis_feed14_rep1,redis,sb:events:n20:feed14:rep1,1781298337011-0,8695640500,a40403c7-74d7-45e6-ba91-5ebd6c313d8e,3895067,0,0.0,6201972300,3895067:a40403c7-74d7-45e6-ba91-5ebd6c313d8e,1,False
concurrency_n20_20260612_220524_redis_feed14_rep1,redis,sb:events:n20:feed14:rep1,1781298337018-0,8696660100,77f9b3e5-e0e4-4032-8228-089aa0dd578b,3895074,0,0.0,6201972300,3895074:77f9b3e5-e0e4-4032-8228-089aa0dd578b,1,False
concurrency_n20_20260612_220524_redis_feed14_rep1,redis,sb:events:n20:feed14:rep1,1781298337021-0,8697589900,8b3af8ba-e26c-40b0-8278-c3e4c7a925f8,3895086,0,0.0,6201972300,3895086:8b3af8ba-e26c-40b0-8278-c3e4c7a925f8,1,False
concurrency_n20_20260612_220524_redis_feed14_rep1,redis,sb:events:n20:feed14:rep1,1781298337023-0,8700158200,52a1e2ea-5b27-4cb1-9204-865583191956,3895095,0,0.0,6201972300,3895095:52a1e2ea-5b27-4cb1-9204-865583191956,1,False
concurrency_n20_20260612_220524_redis_feed14_rep1,redis,sb:events:n20:feed14:rep1,1781298337025-0,8701024800,6810c39c-8726-412f-b831-62dfec867465,3895107,0,0.0,6201972300,3895107:6810c39c-8726-412f-b831-62dfec867465,1,False
concurrency_n20_20260612_220524_redis_feed14_rep1,redis,sb:events:n20:feed14:rep1,1781298337027-0,8702030700,6d6ab3f4-8136-407c-a92f-3f8a6549abdd,3895113,0,0.0,6201972300,3895113:6d6ab3f4-8136-407c-a92f-3f8a6549abdd,1,False
concurrency_n20_20260612_220524_redis_feed14_rep1,redis,sb:events:n20:feed14:rep1,1781298337028-0,8704386700,92e52894-484a-48de-8051-469ea23d6aaa,3895121,0,0.0,6201972300,3895121:92e52894-484a-48de-8051-469ea23d6aaa,1,False
concurrency_n20_20260612_220524_redis_feed14_rep1,redis,sb:events:n20:feed14:rep1,1781298337029-0,8711008200,a281da9d-e3f4-43f1-ac2e-f46bbd04fed0,3895134,0,0.0,6201972300,3895134:a281da9d-e3f4-43f1-ac2e-f46bbd04fed0,1,False
concurrency_n20_20260612_220524_redis_feed14_rep1,redis,sb:events:n20:feed14:rep1,1781298337030-0,8714290000,ba22283a-c920-448c-804e-3737cccd9fff,3895052,0,0.0,6201972300,3895052:ba22283a-c920-448c-804e-3737cccd9fff,1,False
concurrency_n20_20260612_220524_redis_feed14_rep1,redis,sb:events:n20:feed14:rep1,1781298337032-0,8716413600,3b3a42a2-e2a1-49f8-9b77-5ec638303a06,3895060,0,0.0,6201972300,3895060:3b3a42a2-e2a1-49f8-9b77-5ec638303a06,1,False
concurrency_n20_20260612_220524_redis_feed14_rep1,redis,sb:events:n20:feed14:rep1,1781298337037-0,8717462800,fae27a68-42f4-44cf-8fc0-8d4126407ae3,3895067,0,0.0,6201972300,3895067:fae27a68-42f4-44cf-8fc0-8d4126407ae3,1,False
concurrency_n20_20260612_220524_redis_feed14_rep1,redis,sb:events:n20:feed14:rep1,1781298337040-0,8718110400,e627413d-5de5-402a-9bb3-90c4cd3b65ec,3895074,0,0.0,6201972300,3895074:e627413d-5de5-402a-9bb3-90c4cd3b65ec,1,False
concurrency_n20_20260612_220524_redis_feed14_rep1,redis,sb:events:n20:feed14:rep1,1781298337042-0,8719548900,b795eae8-ba56-4343-8662-92a8da669bc5,3895086,0,0.0,6201972300,3895086:b795eae8-ba56-4343-8662-92a8da669bc5,1,False
concurrency_n20_20260612_220524_redis_feed14_rep1,redis,sb:events:n20:feed14:rep1,1781298337043-0,8720877300,a7102458-910f-4583-b653-e3165351e124,3895095,0,0.0,6201972300,3895095:a7102458-910f-4583-b653-e3165351e124,1,False
concurrency_n20_20260612_220524_redis_feed14_rep1,redis,sb:events:n20:feed14:rep1,1781298337044-0,8731824000,a549d56e-c626-419f-9244-ad813ec8e559,3895107,0,0.0,6201972300,3895107:a549d56e-c626-419f-9244-ad813ec8e559,1,False
concurrency_n20_20260612_220524_redis_feed14_rep1,redis,sb:events:n20:feed14:rep1,1781298337046-0,8738318500,51a7253e-31ed-49f5-9494-f5ab0d2ee039,3895113,0,0.0,6201972300,3895113:51a7253e-31ed-49f5-9494-f5ab0d2ee039,1,False
concurrency_n20_20260612_220524_redis_feed14_rep1,redis,sb:events:n20:feed14:rep1,1781298337048-0,8741801100,d16c061b-99fe-4266-ad73-d7f9c73482b0,3895121,0,0.0,6201972300,3895121:d16c061b-99fe-4266-ad73-d7f9c73482b0,1,False
concurrency_n20_20260612_220524_redis_feed14_rep1,redis,sb:events:n20:feed14:rep1,1781298337049-0,8743154600,6d5e4ad7-9dd8-428b-97f9-5eee0ee14c17,3895134,0,0.0,6201972300,3895134:6d5e4ad7-9dd8-428b-97f9-5eee0ee14c17,1,False
concurrency_n20_20260612_220524_redis_feed14_rep1,redis,sb:events:n20:feed14:rep1,1781298337052-0,8746677900,9a50295b-7f7a-449c-9ef3-87e60467e8e1,3895052,0,0.0,6201972300,3895052:9a50295b-7f7a-449c-9ef3-87e60467e8e1,1,False
concurrency_n20_20260612_220524_redis_feed14_rep1,redis,sb:events:n20:feed14:rep1,1781298337063-0,8749760900,69bdfb9b-ba46-41c8-814a-98f0a43c6501,3895060,0,0.0,6201972300,3895060:69bdfb9b-ba46-41c8-814a-98f0a43c6501,1,False
concurrency_n20_20260612_220524_redis_feed14_rep1,redis,sb:events:n20:feed14:rep1,1781298337066-0,8753397800,ad010a23-88fe-43af-8b5c-8cd1772842ac,3895067,0,0.0,6201972300,3895067:ad010a23-88fe-43af-8b5c-8cd1772842ac,1,False
concurrency_n20_20260612_220524_redis_feed14_rep1,redis,sb:events:n20:feed14:rep1,1781298337069-0,8754644800,16252ec8-ab09-4119-bcf6-7fd6524f9128,3895074,0,0.0,6201972300,3895074:16252ec8-ab09-4119-bcf6-7fd6524f9128,1,False
concurrency_n20_20260612_220524_redis_feed14_rep1,redis,sb:events:n20:feed14:rep1,1781298337070-0,8755519700,3aee3cdf-be11-4ee6-b4bb-828cb4edbe36,3895086,0,0.0,6201972300,3895086:3aee3cdf-be11-4ee6-b4bb-828cb4edbe36,1,False
concurrency_n20_20260612_220524_redis_feed14_rep1,redis,sb:events:n20:feed14:rep1,1781298337072-0,8756573800,4a13ba2d-59ad-43d3-b567-6aee81422367,3895095,0,0.0,6201972300,3895095:4a13ba2d-59ad-43d3-b567-6aee81422367,1,False
concurrency_n20_20260612_220524_redis_feed14_rep1,redis,sb:events:n20:feed14:rep1,1781298337080-0,8762044300,cc3b6a56-e194-4ce6-901d-a4f84177e81b,3895107,0,0.0,6201972300,3895107:cc3b6a56-e194-4ce6-901d-a4f84177e81b,1,False
concurrency_n20_20260612_220524_redis_feed14_rep1,redis,sb:events:n20:feed14:rep1,1781298337082-0,8763982200,ac5aac4c-5a0e-44c2-97ca-ec38bdb05917,3895113,0,0.0,6201972300,3895113:ac5aac4c-5a0e-44c2-97ca-ec38bdb05917,1,False
concurrency_n20_20260612_220524_redis_feed14_rep1,redis,sb:events:n20:feed14:rep1,1781298337085-0,8765266800,1cdd596e-bf1f-4096-848a-a2a5db4fd313,3895121,0,0.0,6201972300,3895121:1cdd596e-bf1f-4096-848a-a2a5db4fd313,1,False
concurrency_n20_20260612_220524_redis_feed14_rep1,redis,sb:events:n20:feed14:rep1,1781298337088-0,8777404900,1bed9ec9-1af9-4570-a620-8aab3469a6dd,3895134,0,0.0,6201972300,3895134:1bed9ec9-1af9-4570-a620-8aab3469a6dd,1,False
concurrency_n20_20260612_220524_redis_feed14_rep1,redis,sb:events:n20:feed14:rep1,1781298337089-0,8781062500,e03021cc-80c5-4ac6-909e-903dca845ee3,3895107,0,0.0,6201972300,3895107:e03021cc-80c5-4ac6-909e-903dca845ee3,1,False
concurrency_n20_20260612_220524_redis_feed14_rep1,redis,sb:events:n20:feed14:rep1,1781298337092-0,8783673700,f3dfb8ef-6678-493f-bbce-99f9678b7f75,3895107,0,0.0,6201972300,3895107:f3dfb8ef-6678-493f-bbce-99f9678b7f75,1,False
concurrency_n20_20260612_220524_redis_feed14_rep1,redis,sb:events:n20:feed14:rep1,1781298337098-0,8785017300,17c0df03-219a-4603-befe-8cd2f58d6d47,3895052,1,0.0833333333333333,6202666744,3895052:17c0df03-219a-4603-befe-8cd2f58d6d47,1,False
concurrency_n20_20260612_220524_redis_feed14_rep1,redis,sb:events:n20:feed14:rep1,1781298337107-0,8795793600,b306ec30-5755-4017-861a-670617955a41,3895074,1,0.0833333333333333,6202666744,3895074:b306ec30-5755-4017-861a-670617955a41,1,False
concurrency_n20_20260612_220524_redis_feed14_rep1,redis,sb:events:n20:feed14:rep1,1781298337108-0,8800080700,6c4c62f2-7d95-4094-a714-50c0161ee2e6,3895052,1,0.0833333333333333,6202666744,3895052:6c4c62f2-7d95-4094-a714-50c0161ee2e6,1,False
concurrency_n20_20260612_220524_redis_feed14_rep1,redis,sb:events:n20:feed14:rep1,1781298337111-0,8801502000,2b7eff06-8d56-4f2c-bab1-076d4077ed10,3895074,1,0.0833333333333333,6202666744,3895074:2b7eff06-8d56-4f2c-bab1-076d4077ed10,1,False
concurrency_n20_20260612_220524_redis_feed14_rep1,redis,sb:events:n20:feed14:rep1,1781298337113-0,8803531100,8d4e66c1-7ddb-4e75-b89f-bdb0592be264,3895107,1,0.0833333333333333,6202666744,3895107:8d4e66c1-7ddb-4e75-b89f-bdb0592be264,1,False
concurrency_n20_20260612_220524_redis_feed14_rep1,redis,sb:events:n20:feed14:rep1,1781298337114-0,8806360900,ceaa47dd-e3bf-4016-ade0-ed3d54afe971,3895060,2,0.1666666666666666,6203361188,3895060:ceaa47dd-e3bf-4016-ade0-ed3d54afe971,1,False
concurrency_n20_20260612_220524_redis_feed14_rep1,redis,sb:events:n20:feed14:rep1,1781298337116-0,8807346900,0e2c9eac-6504-4dae-9939-5f2920e7102d,3895067,2,0.1666666666666666,6203361188,3895067:0e2c9eac-6504-4dae-9939-5f2920e7102d,1,False
concurrency_n20_20260612_220524_redis_feed14_rep1,redis,sb:events:n20:feed14:rep1,1781298337118-0,8808580700,40f9b6ab-32ab-47e8-8b92-9b97e90d4c4f,3895086,2,0.1666666666666666,6203361188,3895086:40f9b6ab-32ab-47e8-8b92-9b97e90d4c4f,1,False
concurrency_n20_20260612_220524_redis_feed14_rep1,redis,sb:events:n20:feed14:rep1,1781298337119-0,8809618500,f69d0d63-6ad0-41ea-bcec-f1b86b886a83,3895095,2,0.1666666666666666,6203361188,3895095:f69d0d63-6ad0-41ea-bcec-f1b86b886a83,1,False
concurrency_n20_20260612_220524_redis_feed14_rep1,redis,sb:events:n20:feed14:rep1,1781298337121-0,8810357800,d54cc444-c9f7-4e31-820a-28e0ad5d8ec4,3895113,2,0.1666666666666666,6203361188,3895113:d54cc444-c9f7-4e31-820a-28e0ad5d8ec4,1,False
concurrency_n20_20260612_220524_redis_feed14_rep1,redis,sb:events:n20:feed14:rep1,1781298337122-0,8811563900,f8442e6f-3919-46bc-848a-5f545627cf82,3895121,2,0.1666666666666666,6203361188,3895121:f8442e6f-3919-46bc-848a-5f545627cf82,1,False
concurrency_n20_20260612_220524_redis_feed14_rep1,redis,sb:events:n20:feed14:rep1,1781298337124-0,8812189100,50dad646-a7c1-450b-8a63-2e2fd90b3cd1,3895134,2,0.1666666666666666,6203361188,3895134:50dad646-a7c1-450b-8a63-2e2fd90b3cd1,1,False
concurrency_n20_20260612_220524_redis_feed14_rep1,redis,sb:events:n20:feed14:rep1,1781298337127-0,8813977600,70432a35-52ff-429b-8a11-c47bba8fab19,3895060,2,0.1666666666666666,6203361188,3895060:70432a35-52ff-429b-8a11-c47bba8fab19,1,False
concurrency_n20_20260612_220524_redis_feed14_rep1,redis,sb:events:n20:feed14:rep1,1781298337129-0,8815127700,c04183cf-75d8-42b0-91fd-4a026dba10b4,3895067,2,0.1666666666666666,6203361188,3895067:c04183cf-75d8-42b0-91fd-4a026dba10b4,1,False
concurrency_n20_20260612_220524_redis_feed14_rep1,redis,sb:events:n20:feed14:rep1,1781298337130-0,8815781500,55321383-ae1f-407e-8f20-2524fd16d04a,3895086,2,0.1666666666666666,6203361188,3895086:55321383-ae1f-407e-8f20-2524fd16d04a,1,False
concurrency_n20_20260612_220524_redis_feed14_rep1,redis,sb:events:n20:feed14:rep1,1781298337133-0,8816653700,285e8e4a-7c84-4ca1-9688-d8b56d623cc2,3895095,2,0.1666666666666666,6203361188,3895095:285e8e4a-7c84-4ca1-9688-d8b56d623cc2,1,False
concurrency_n20_20260612_220524_redis_feed14_rep1,redis,sb:events:n20:feed14:rep1,1781298337135-0,8817275700,eb3fde27-a34b-42be-b262-d329e138fff2,3895113,2,0.1666666666666666,6203361188,3895113:eb3fde27-a34b-42be-b262-d329e138fff2,1,False
concurrency_n20_20260612_220524_redis_feed14_rep1,redis,sb:events:n20:feed14:rep1,1781298337136-0,8818878500,f296523f-5c17-4d25-8371-f7142523a057,3895121,2,0.1666666666666666,6203361188,3895121:f296523f-5c17-4d25-8371-f7142523a057,1,False
concurrency_n20_20260612_220524_redis_feed14_rep1,redis,sb:events:n20:feed14:rep1,1781298337137-0,8820215600,b293256b-d885-4135-98ca-8ecf12f9e5a6,3895134,2,0.1666666666666666,6203361188,3895134:b293256b-d885-4135-98ca-8ecf12f9e5a6,1,False
concurrency_n20_20260612_220524_redis_feed14_rep1,redis,sb:events:n20:feed14:rep1,1781298337138-0,8822795700,d6b118e9-dee4-4f3a-9046-2a086e85ca6b,3895074,2,0.1666666666666666,6203361188,3895074:d6b118e9-dee4-4f3a-9046-2a086e85ca6b,1,False
concurrency_n20_20260612_220524_redis_feed14_rep1,redis,sb:events:n20:feed14:rep1,1781298337139-0,8823694900,6acfcb07-7343-4821-aa28-a91f66140043,3895134,2,0.1666666666666666,6203361188,3895134:6acfcb07-7343-4821-aa28-a91f66140043,1,False
concurrency_n20_20260612_220524_redis_feed14_rep1,redis,sb:events:n20:feed14:rep1,1781298337140-0,8825770200,080124d4-8c99-46a5-aaf3-9a935ccd1248,3895107,2,0.1666666666666666,6203361188,3895107:080124d4-8c99-46a5-aaf3-9a935ccd1248,1,False
concurrency_n20_20260612_220524_redis_feed14_rep1,redis,sb:events:n20:feed14:rep1,1781298337142-0,8830527600,f9a9b240-dc0d-49e8-b72a-ec081b4c2bf3,3895107,2,0.1666666666666666,6203361188,3895107:f9a9b240-dc0d-49e8-b72a-ec081b4c2bf3,1,False
concurrency_n20_20260612_220524_redis_feed14_rep1,redis,sb:events:n20:feed14:rep1,1781298337143-0,8831241400,e5f7cd6e-b6e9-4538-96f5-380ee1534325,3895107,2,0.1666666666666666,6203361188,3895107:e5f7cd6e-b6e9-4538-96f5-380ee1534325,1,False
concurrency_n20_20260612_220524_redis_feed14_rep1,redis,sb:events:n20:feed14:rep1,1781298337144-0,8831823300,15bf07b2-c5b7-4074-8693-1d9e4a5b7153,3895052,3,0.25,6204055633,3895052:15bf07b2-c5b7-4074-8693-1d9e4a5b7153,1,False
concurrency_n20_20260612_220524_redis_feed14_rep1,redis,sb:events:n20:feed14:rep1,1781298337144-1,8832557700,748f1afc-2300-4252-bc9b-f161b5e7c6ef,3895060,3,0.25,6204055633,3895060:748f1afc-2300-4252-bc9b-f161b5e7c6ef,1,False
concurrency_n20_20260612_220524_redis_feed14_rep1,redis,sb:events:n20:feed14:rep1,1781298337146-0,8833208800,28f3d343-a6db-4854-bae5-f3390857e90c,3895086,3,0.25,6204055633,3895086:28f3d343-a6db-4854-bae5-f3390857e90c,1,False
concurrency_n20_20260612_220524_redis_feed14_rep1,redis,sb:events:n20:feed14:rep1,1781298337149-0,8844072400,494d25f1-83d3-4375-aa5c-29dfd26dfebd,3895095,3,0.25,6204055633,3895095:494d25f1-83d3-4375-aa5c-29dfd26dfebd,1,False
concurrency_n20_20260612_220524_redis_feed14_rep1,redis,sb:events:n20:feed14:rep1,1781298337151-0,8848027900,c5fa6ce0-df8d-42a2-8bdd-601d167d5ec1,3895121,3,0.25,6204055633,3895121:c5fa6ce0-df8d-42a2-8bdd-601d167d5ec1,1,False
concurrency_n20_20260612_220524_redis_feed14_rep1,redis,sb:events:n20:feed14:rep1,1781298337153-0,8849559400,3c689040-9b59-4fad-8456-48b2ec8a2058,3895052,3,0.25,6204055633,3895052:3c689040-9b59-4fad-8456-48b2ec8a2058,1,False
concurrency_n20_20260612_220524_redis_feed14_rep1,redis,sb:events:n20:feed14:rep1,1781298337155-0,8854785800,c5dd24ba-9256-48e3-b852-121bc71914e3,3895107,3,0.25,6204055633,3895107:c5dd24ba-9256-48e3-b852-121bc71914e3,1,False
concurrency_n20_20260612_220524_redis_feed14_rep1,redis,sb:events:n20:feed14:rep1,1781298337157-0,8859786500,3114849f-6506-405c-bb4d-71ba30905d5e,3895107,3,0.25,6204055633,3895107:3114849f-6506-405c-bb4d-71ba30905d5e,1,False
concurrency_n20_20260612_220524_redis_feed14_rep1,redis,sb:events:n20:feed14:rep1,1781298337158-0,8862006400,042f1fd2-3cd4-439a-97c4-9275f435f098,3895113,4,0.3333333333333333,6204750077,3895113:042f1fd2-3cd4-439a-97c4-9275f435f098,1,False
concurrency_n20_20260612_220524_redis_feed14_rep1,redis,sb:events:n20:feed14:rep1,1781298337159-0,8863031700,4f14f36d-c3c1-45d5-9c94-a65f9489d40f,3895074,4,0.3333333333333333,6204750077,3895074:4f14f36d-c3c1-45d5-9c94-a65f9489d40f,1,False
concurrency_n20_20260612_220524_redis_feed14_rep1,redis,sb:events:n20:feed14:rep1,1781298337160-0,8863895100,980abd18-b5d2-49cd-b110-7f534fd23dfc,3895095,4,0.3333333333333333,6204750077,3895095:980abd18-b5d2-49cd-b110-7f534fd23dfc,1,False
concurrency_n20_20260612_220524_redis_feed14_rep1,redis,sb:events:n20:feed14:rep1,1781298337167-0,8864633300,0195cc34-10dc-41e9-ada9-e853f9c16f02,3895134,4,0.3333333333333333,6204750077,3895134:0195cc34-10dc-41e9-ada9-e853f9c16f02,1,False
concurrency_n20_20260612_220524_redis_feed14_rep1,redis,sb:events:n20:feed14:rep1,1781298337172-0,8865490400,88661240-834a-430d-8629-b37b64dbcddc,3895052,4,0.3333333333333333,6204750077,3895052:88661240-834a-430d-8629-b37b64dbcddc,1,False
concurrency_n20_20260612_220524_redis_feed14_rep1,redis,sb:events:n20:feed14:rep1,1781298337174-0,8866500800,2256b8d2-0b23-4080-9849-1553d0135c73,3895074,4,0.3333333333333333,6204750077,3895074:2256b8d2-0b23-4080-9849-1553d0135c73,1,False
concurrency_n20_20260612_220524_redis_feed14_rep1,redis,sb:events:n20:feed14:rep1,1781298337175-0,8867348400,df085776-1a71-4f2d-9b9a-d385914ac874,3895095,4,0.3333333333333333,6204750077,3895095:df085776-1a71-4f2d-9b9a-d385914ac874,1,False
concurrency_n20_20260612_220524_redis_feed14_rep1,redis,sb:events:n20:feed14:rep1,1781298337176-0,8868216600,5342ea84-0732-454a-9551-8bc9fbe70d05,3895134,4,0.3333333333333333,6204750077,3895134:5342ea84-0732-454a-9551-8bc9fbe70d05,1,False
concurrency_n20_20260612_220524_redis_feed14_rep1,redis,sb:events:n20:feed14:rep1,1781298337181-0,8869094800,b8c2ef59-5a72-4382-8d37-ef532f1ba623,3895107,4,0.3333333333333333,6204750077,3895107:b8c2ef59-5a72-4382-8d37-ef532f1ba623,1,False
concurrency_n20_20260612_220524_redis_feed14_rep1,redis,sb:events:n20:feed14:rep1,1781298337184-0,8869868100,aabb516d-6ede-4543-9394-967c0499af8a,3895067,5,0.4166666666666667,6205444522,3895067:aabb516d-6ede-4543-9394-967c0499af8a,1,False
concurrency_n20_20260612_220524_redis_feed14_rep1,redis,sb:events:n20:feed14:rep1,1781298337187-0,8873527600,c93d7723-7a1c-4be8-97e1-0babb1be6f11,3895113,5,0.4166666666666667,6205444522,3895113:c93d7723-7a1c-4be8-97e1-0babb1be6f11,1,False
concurrency_n20_20260612_220524_redis_feed14_rep1,redis,sb:events:n20:feed14:rep1,1781298337189-0,8875043600,3cb0c74e-75be-431c-917f-011efc184fdb,3895113,5,0.4166666666666667,6205444522,3895113:3cb0c74e-75be-431c-917f-011efc184fdb,1,False
concurrency_n20_20260612_220524_redis_feed14_rep1,redis,sb:events:n20:feed14:rep1,1781298337190-0,8878538800,3d52c020-9bad-49c3-8ae7-05c40e223268,3895113,5,0.4166666666666667,6205444522,3895113:3d52c020-9bad-49c3-8ae7-05c40e223268,1,False
concurrency_n20_20260612_220524_redis_feed14_rep1,redis,sb:events:n20:feed14:rep1,1781298337192-0,8880066200,c744951c-c660-4c83-8083-049bf85c8cbd,3895060,6,0.5,6206138966,3895060:c744951c-c660-4c83-8083-049bf85c8cbd,1,False
concurrency_n20_20260612_220524_redis_feed14_rep1,redis,sb:events:n20:feed14:rep1,1781298337193-0,8882569900,39ec53e3-9bd4-4411-814d-6e1ede254aac,3895086,6,0.5,6206138966,3895086:39ec53e3-9bd4-4411-814d-6e1ede254aac,1,False
concurrency_n20_20260612_220524_redis_feed14_rep1,redis,sb:events:n20:feed14:rep1,1781298337195-0,8887489300,33fdf203-b847-4fa5-9021-5f1875717796,3895060,6,0.5,6206138966,3895060:33fdf203-b847-4fa5-9021-5f1875717796,1,False
concurrency_n20_20260612_220524_redis_feed14_rep1,redis,sb:events:n20:feed14:rep1,1781298337197-0,8889172000,98e575e4-0886-40e5-96a8-9c9f857ebcc1,3895052,6,0.5,6206138966,3895052:98e575e4-0886-40e5-96a8-9c9f857ebcc1,1,False
concurrency_n20_20260612_220524_redis_feed14_rep1,redis,sb:events:n20:feed14:rep1,1781298337198-0,8896220100,d4683bb7-cdad-4a7d-9851-743212fba939,3895074,6,0.5,6206138966,3895074:d4683bb7-cdad-4a7d-9851-743212fba939,1,False
concurrency_n20_20260612_220524_redis_feed14_rep1,redis,sb:events:n20:feed14:rep1,1781298337201-0,8904852100,f019df08-0da5-48d9-a838-1da35f369c3c,3895052,6,0.5,6206138966,3895052:f019df08-0da5-48d9-a838-1da35f369c3c,1,False
concurrency_n20_20260612_220524_redis_feed14_rep1,redis,sb:events:n20:feed14:rep1,1781298337202-0,8905862600,e8a7f299-6faa-4914-bcdf-2e44131ed85c,3895107,6,0.5,6206138966,3895107:e8a7f299-6faa-4914-bcdf-2e44131ed85c,1,False
concurrency_n20_20260612_220524_redis_feed14_rep1,redis,sb:events:n20:feed14:rep1,1781298337205-0,8906771400,7ddab21c-8faf-4fbc-a290-a2cdb40b7df7,3895107,6,0.5,6206138966,3895107:7ddab21c-8faf-4fbc-a290-a2cdb40b7df7,1,False
concurrency_n20_20260612_220524_redis_feed14_rep1,redis,sb:events:n20:feed14:rep1,1781298337208-0,8907760500,d6006eb1-3ef6-4955-a47a-7b2b9192b522,3895121,7,0.5833333333333334,6206833411,3895121:d6006eb1-3ef6-4955-a47a-7b2b9192b522,1,False
concurrency_n20_20260612_220524_redis_feed14_rep1,redis,sb:events:n20:feed14:rep1,1781298337210-0,8908607400,d87f4aa7-4a9b-4319-8dd9-c5426dc81e34,3895121,7,0.5833333333333334,6206833411,3895121:d87f4aa7-4a9b-4319-8dd9-c5426dc81e34,1,False
concurrency_n20_20260612_220524_redis_feed14_rep1,redis,sb:events:n20:feed14:rep1,1781298337212-0,8909394700,a88a8b7b-dab2-4a21-a85b-580af51a83d1,3895095,7,0.5833333333333334,6206833411,3895095:a88a8b7b-dab2-4a21-a85b-580af51a83d1,1,False
concurrency_n20_20260612_220524_redis_feed14_rep1,redis,sb:events:n20:feed14:rep1,1781298337213-0,8910319500,a0313cd5-9822-48bf-8ca6-3c92789a7474,3895121,7,0.5833333333333334,6206833411,3895121:a0313cd5-9822-48bf-8ca6-3c92789a7474,1,False
concurrency_n20_20260612_220524_redis_feed14_rep1,redis,sb:events:n20:feed14:rep1,1781298337215-0,8911170500,39fe9846-f889-4790-956c-d8df633e77d5,3895074,7,0.5833333333333334,6206833411,3895074:39fe9846-f889-4790-956c-d8df633e77d5,1,False
concurrency_n20_20260612_220524_redis_feed14_rep1,redis,sb:events:n20:feed14:rep1,1781298337216-0,8912153100,ff2841c0-d955-494b-a7a9-ac8bbb82ad73,3895113,7,0.5833333333333334,6206833411,3895113:ff2841c0-d955-494b-a7a9-ac8bbb82ad73,1,False
concurrency_n20_20260612_220524_redis_feed14_rep1,redis,sb:events:n20:feed14:rep1,1781298337223-0,8915064500,5550d825-5f3b-41f6-bba0-d4cf66c1438e,3895074,7,0.5833333333333334,6206833411,3895074:5550d825-5f3b-41f6-bba0-d4cf66c1438e,1,False
concurrency_n20_20260612_220524_redis_feed14_rep1,redis,sb:events:n20:feed14:rep1,1781298337229-0,8918385500,5af66cb7-f6a6-47cb-a57d-696dcdbe6716,3895113,7,0.5833333333333334,6206833411,3895113:5af66cb7-f6a6-47cb-a57d-696dcdbe6716,1,False
concurrency_n20_20260612_220524_redis_feed14_rep1,redis,sb:events:n20:feed14:rep1,1781298337231-0,8924477400,e8aa6b61-931b-4bf8-b329-cb66ffbd4313,3895074,7,0.5833333333333334,6206833411,3895074:e8aa6b61-931b-4bf8-b329-cb66ffbd4313,1,False
concurrency_n20_20260612_220524_redis_feed14_rep1,redis,sb:events:n20:feed14:rep1,1781298337233-0,8929855100,45ee08ea-fdab-4a8e-8114-f0dec4a5e815,3895113,7,0.5833333333333334,6206833411,3895113:45ee08ea-fdab-4a8e-8114-f0dec4a5e815,1,False
concurrency_n20_20260612_220524_redis_feed14_rep1,redis,sb:events:n20:feed14:rep1,1781298337234-0,8934475200,b2d11f7f-8c0d-4533-b2a3-843e981238ad,3895067,8,0.6666666666666666,6207527855,3895067:b2d11f7f-8c0d-4533-b2a3-843e981238ad,1,False
concurrency_n20_20260612_220524_redis_feed14_rep1,redis,sb:events:n20:feed14:rep1,1781298337235-0,8935303100,320e0bbb-8e37-429c-aa29-d58d9ae85075,3895067,8,0.6666666666666666,6207527855,3895067:320e0bbb-8e37-429c-aa29-d58d9ae85075,1,False
concurrency_n20_20260612_220524_redis_feed14_rep1,redis,sb:events:n20:feed14:rep1,1781298337236-0,8936116900,1739877d-1a9a-45a1-a72d-189cd19ce825,3895060,8,0.6666666666666666,6207527855,3895060:1739877d-1a9a-45a1-a72d-189cd19ce825,1,False
concurrency_n20_20260612_220524_redis_feed14_rep1,redis,sb:events:n20:feed14:rep1,1781298337237-0,8937575900,2da5d3ff-deec-4d16-b866-8a7d1fbb93e9,3895060,8,0.6666666666666666,6207527855,3895060:2da5d3ff-deec-4d16-b866-8a7d1fbb93e9,1,False
concurrency_n20_20260612_220524_redis_feed14_rep1,redis,sb:events:n20:feed14:rep1,1781298337238-0,8938532100,71c80fb5-ad88-4f1a-a7d4-fd63ed429bcd,3895095,8,0.6666666666666666,6207527855,3895095:71c80fb5-ad88-4f1a-a7d4-fd63ed429bcd,1,False
concurrency_n20_20260612_220524_redis_feed14_rep1,redis,sb:events:n20:feed14:rep1,1781298337241-0,8942923800,d8ec2ac3-0202-455a-8a5d-255e1e4cc473,3895121,8,0.6666666666666666,6207527855,3895121:d8ec2ac3-0202-455a-8a5d-255e1e4cc473,1,False
concurrency_n20_20260612_220524_redis_feed14_rep1,redis,sb:events:n20:feed14:rep1,1781298337243-0,8943993000,1d75ee1b-f1e8-43ab-a31d-cc0805acd5e2,3895052,8,0.6666666666666666,6207527855,3895052:1d75ee1b-f1e8-43ab-a31d-cc0805acd5e2,1,False
concurrency_n20_20260612_220524_redis_feed14_rep1,redis,sb:events:n20:feed14:rep1,1781298337245-0,8945326200,cc3655de-3632-4a2c-8a22-d670144485db,3895095,8,0.6666666666666666,6207527855,3895095:cc3655de-3632-4a2c-8a22-d670144485db,1,False
concurrency_n20_20260612_220524_redis_feed14_rep1,redis,sb:events:n20:feed14:rep1,1781298337248-0,8946547100,38932aa9-ad68-4202-bc2b-cca968001831,3895113,8,0.6666666666666666,6207527855,3895113:38932aa9-ad68-4202-bc2b-cca968001831,1,False
concurrency_n20_20260612_220524_redis_feed14_rep1,redis,sb:events:n20:feed14:rep1,1781298337250-0,8952889600,5ff692af-8337-40bf-bf94-3357c44a9765,3895113,8,0.6666666666666666,6207527855,3895113:5ff692af-8337-40bf-bf94-3357c44a9765,1,False
concurrency_n20_20260612_220524_redis_feed14_rep1,redis,sb:events:n20:feed14:rep1,1781298337255-0,8954227100,dd059ddd-697b-4957-a691-f20eec306ea5,3895121,9,0.75,6208222300,3895121:dd059ddd-697b-4957-a691-f20eec306ea5,1,False
concurrency_n20_20260612_220524_redis_feed14_rep1,redis,sb:events:n20:feed14:rep1,1781298337261-0,8955004000,8f1fbe41-034b-43eb-9585-edbb0aadb7ba,3895052,9,0.75,6208222300,3895052:8f1fbe41-034b-43eb-9585-edbb0aadb7ba,1,False
concurrency_n20_20260612_220524_redis_feed14_rep1,redis,sb:events:n20:feed14:rep1,1781298337263-0,8955549500,99c1964f-2b9c-4442-b485-f7e6ce554c84,3895095,9,0.75,6208222300,3895095:99c1964f-2b9c-4442-b485-f7e6ce554c84,1,False
concurrency_n20_20260612_220524_redis_feed14_rep1,redis,sb:events:n20:feed14:rep1,1781298337264-0,8956156600,629bf2a1-ed9d-4d49-a2d8-cfd7a59e6e3e,3895121,9,0.75,6208222300,3895121:629bf2a1-ed9d-4d49-a2d8-cfd7a59e6e3e,1,False
concurrency_n20_20260612_220524_redis_feed14_rep1,redis,sb:events:n20:feed14:rep1,1781298337265-0,8958442000,4127d02c-6da9-47dc-b26f-40da7d121a92,3895052,9,0.75,6208222300,3895052:4127d02c-6da9-47dc-b26f-40da7d121a92,1,False
concurrency_n20_20260612_220524_redis_feed14_rep1,redis,sb:events:n20:feed14:rep1,1781298337270-0,8964243500,9d075ad4-9f9f-4e6f-a093-5919a1a920b3,3895074,9,0.75,6208222300,3895074:9d075ad4-9f9f-4e6f-a093-5919a1a920b3,1,False
concurrency_n20_20260612_220524_redis_feed14_rep1,redis,sb:events:n20:feed14:rep1,1781298337271-0,8967858000,0427f1ec-ddae-4698-ab55-cc0403e01b74,3895095,9,0.75,6208222300,3895095:0427f1ec-ddae-4698-ab55-cc0403e01b74,1,False
concurrency_n20_20260612_220524_redis_feed14_rep1,redis,sb:events:n20:feed14:rep1,1781298337272-0,8968832500,43c3670a-83aa-427e-b4db-68d69ea6f60a,3895074,9,0.75,6208222300,3895074:43c3670a-83aa-427e-b4db-68d69ea6f60a,1,False
concurrency_n20_20260612_220524_redis_feed14_rep1,redis,sb:events:n20:feed14:rep1,1781298337274-0,8970188100,31528025-7c8a-4a3c-abf4-a6b496204f3f,3895074,9,0.75,6208222300,3895074:31528025-7c8a-4a3c-abf4-a6b496204f3f,1,False
concurrency_n20_20260612_220524_redis_feed14_rep1,redis,sb:events:n20:feed14:rep1,1781298337278-0,8974774800,08b17ce3-0fb5-45ee-b37f-1dff007b694a,3895067,10,0.8333333333333334,6208916744,3895067:08b17ce3-0fb5-45ee-b37f-1dff007b694a,1,False
concurrency_n20_20260612_220524_redis_feed14_rep1,redis,sb:events:n20:feed14:rep1,1781298337281-0,8976010500,174d1bd5-23b1-403b-b417-fc59eab9339c,3895134,10,0.8333333333333334,6208916744,3895134:174d1bd5-23b1-403b-b417-fc59eab9339c,1,False
concurrency_n20_20260612_220524_redis_feed14_rep1,redis,sb:events:n20:feed14:rep1,1781298337282-0,8976898100,7cba4468-f2eb-4352-94e8-2474e078f085,3895067,10,0.8333333333333334,6208916744,3895067:7cba4468-f2eb-4352-94e8-2474e078f085,1,False
concurrency_n20_20260612_220524_redis_feed14_rep1,redis,sb:events:n20:feed14:rep1,1781298337283-0,8977688100,7604592e-b68b-4f0b-a7ff-eca7a0e2440b,3895134,10,0.8333333333333334,6208916744,3895134:7604592e-b68b-4f0b-a7ff-eca7a0e2440b,1,False
concurrency_n20_20260612_220524_redis_feed14_rep1,redis,sb:events:n20:feed14:rep1,1781298337285-0,8978668600,ed38d77f-8234-4921-88d2-52ae89331fc2,3895060,10,0.8333333333333334,6208916744,3895060:ed38d77f-8234-4921-88d2-52ae89331fc2,1,False
concurrency_n20_20260612_220524_redis_feed14_rep1,redis,sb:events:n20:feed14:rep1,1781298337286-0,8979851800,3a82e4ae-0527-4391-a6c1-23c5e4ace661,3895067,10,0.8333333333333334,6208916744,3895067:3a82e4ae-0527-4391-a6c1-23c5e4ace661,1,False
concurrency_n20_20260612_220524_redis_feed14_rep1,redis,sb:events:n20:feed14:rep1,1781298337287-0,8983034300,55773380-38a7-49a4-b73a-a688f19444c1,3895134,10,0.8333333333333334,6208916744,3895134:55773380-38a7-49a4-b73a-a688f19444c1,1,False
concurrency_n20_20260612_220524_redis_feed14_rep1,redis,sb:events:n20:feed14:rep1,1781298337288-0,8985660500,7aa7a387-f694-48d3-9239-56af7324dae2,3895060,10,0.8333333333333334,6208916744,3895060:7aa7a387-f694-48d3-9239-56af7324dae2,1,False
concurrency_n20_20260612_220524_redis_feed14_rep1,redis,sb:events:n20:feed14:rep1,1781298337290-0,8994237800,74e102e0-b7bc-4d69-a21b-fe814eb02b6e,3895134,10,0.8333333333333334,6208916744,3895134:74e102e0-b7bc-4d69-a21b-fe814eb02b6e,1,False
concurrency_n20_20260612_220524_redis_feed14_rep1,redis,sb:events:n20:feed14:rep1,1781298337292-0,8997997300,2fdcfc97-4f53-46be-ae4a-a5b67c508cf9,3895121,10,0.8333333333333334,6208916744,3895121:2fdcfc97-4f53-46be-ae4a-a5b67c508cf9,1,False
concurrency_n20_20260612_220524_redis_feed14_rep1,redis,sb:events:n20:feed14:rep1,1781298337297-0,9005795500,897c5f7a-b611-400d-a4bd-546cbba4e897,3895134,10,0.8333333333333334,6208916744,3895134:897c5f7a-b611-400d-a4bd-546cbba4e897,1,False
concurrency_n20_20260612_220524_redis_feed14_rep1,redis,sb:events:n20:feed14:rep1,1781298337300-0,9008371800,fac6763f-5f80-4b02-94e3-799bd452abc8,3895113,10,0.8333333333333334,6208916744,3895113:fac6763f-5f80-4b02-94e3-799bd452abc8,1,False
concurrency_n20_20260612_220524_redis_feed14_rep1,redis,sb:events:n20:feed14:rep1,1781298337304-0,9015810500,d5a131da-001e-451d-94a2-16c8fddf1ae0,3895086,11,0.9166666666666666,6209611188,3895086:d5a131da-001e-451d-94a2-16c8fddf1ae0,1,False
concurrency_n20_20260612_220524_redis_feed14_rep1,redis,sb:events:n20:feed14:rep1,1781298337305-0,9017025000,43134fef-e6aa-4650-9198-9da79f955c83,3895067,11,0.9166666666666666,6209611188,3895067:43134fef-e6aa-4650-9198-9da79f955c83,1,False
concurrency_n20_20260612_220524_redis_feed14_rep1,redis,sb:events:n20:feed14:rep1,1781298337306-0,9018576400,b767f8cf-4d2d-45c2-befd-2acd1c356621,3895060,11,0.9166666666666666,6209611188,3895060:b767f8cf-4d2d-45c2-befd-2acd1c356621,1,False
concurrency_n20_20260612_220524_redis_feed14_rep1,redis,sb:events:n20:feed14:rep1,1781298337307-0,9019652400,e62a0339-6478-4758-9dda-9c3a672cda2b,3895067,11,0.9166666666666666,6209611188,3895067:e62a0339-6478-4758-9dda-9c3a672cda2b,1,False
concurrency_n20_20260612_220524_redis_feed14_rep1,redis,sb:events:n20:feed14:rep1,1781298337311-0,9020660300,6fcdcd6a-f032-47d6-8ab5-40021f4c097d,3895095,11,0.9166666666666666,6209611188,3895095:6fcdcd6a-f032-47d6-8ab5-40021f4c097d,1,False
concurrency_n20_20260612_220524_redis_feed14_rep1,redis,sb:events:n20:feed14:rep1,1781298337313-0,9021533400,b2a1e34b-f362-4be7-abc3-7d5015d54850,3895121,11,0.9166666666666666,6209611188,3895121:b2a1e34b-f362-4be7-abc3-7d5015d54850,1,False
concurrency_n20_20260612_220524_redis_feed14_rep1,redis,sb:events:n20:feed14:rep1,1781298337318-0,9022183100,635f9e3a-22a3-4328-aa0d-299e2244750f,3895134,11,0.9166666666666666,6209611188,3895134:635f9e3a-22a3-4328-aa0d-299e2244750f,1,False
concurrency_n20_20260612_220524_redis_feed14_rep1,redis,sb:events:n20:feed14:rep1,1781298337324-0,9026647200,523c9836-c56d-469f-a9b2-b2cccef6dab7,3895095,11,0.9166666666666666,6209611188,3895095:523c9836-c56d-469f-a9b2-b2cccef6dab7,1,False
concurrency_n20_20260612_220524_redis_feed14_rep1,redis,sb:events:n20:feed14:rep1,1781298337333-0,9031301800,480e7b02-6900-48ff-a092-84edfe968c1e,3895121,11,0.9166666666666666,6209611188,3895121:480e7b02-6900-48ff-a092-84edfe968c1e,1,False
concurrency_n20_20260612_220524_redis_feed14_rep1,redis,sb:events:n20:feed14:rep1,1781298337335-0,9032153600,177cc6d8-cc4d-4509-9a20-021f81a25de5,3895134,11,0.9166666666666666,6209611188,3895134:177cc6d8-cc4d-4509-9a20-021f81a25de5,1,False
concurrency_n20_20260612_220524_redis_feed14_rep1,redis,sb:events:n20:feed14:rep1,1781298337338-0,9033182700,7962ad90-9dc3-435e-b10a-9bbfa62c5d21,3895074,11,0.9166666666666666,6209611188,3895074:7962ad90-9dc3-435e-b10a-9bbfa62c5d21,1,False
concurrency_n20_20260612_220524_redis_feed14_rep1,redis,sb:events:n20:feed14:rep1,1781298337343-0,9035513500,429856a9-3da6-4b26-b2c7-bffd25ab0c19,3895113,11,0.9166666666666666,6209611188,3895113:429856a9-3da6-4b26-b2c7-bffd25ab0c19,1,False
concurrency_n20_20260612_220524_redis_feed14_rep1,redis,sb:events:n20:feed14:rep1,1781298337345-0,9036352600,7913f543-9fcd-488e-84d6-8a14f0455694,3895074,11,0.9166666666666666,6209611188,3895074:7913f543-9fcd-488e-84d6-8a14f0455694,1,False
concurrency_n20_20260612_220524_redis_feed14_rep1,redis,sb:events:n20:feed14:rep1,1781298337346-0,9042254000,8847c801-2b00-4bf3-9bb8-88f92ab95fa1,3895074,11,0.9166666666666666,6209611188,3895074:8847c801-2b00-4bf3-9bb8-88f92ab95fa1,1,False
concurrency_n20_20260612_220524_redis_feed14_rep1,redis,sb:events:n20:feed14:rep1,1781298337347-0,9045246400,5b924c30-ccff-4008-a917-fda9ba37cba4,3895074,11,0.9166666666666666,6209611188,3895074:5b924c30-ccff-4008-a917-fda9ba37cba4,1,False
concurrency_n20_20260612_220524_redis_feed14_rep1,redis,sb:events:n20:feed14:rep1,1781298337348-0,9050994100,1e2eb1e6-7441-4fcb-b532-b7e4ff107657,3895086,12,1.0,6210305633,3895086:1e2eb1e6-7441-4fcb-b532-b7e4ff107657,1,False
concurrency_n20_20260612_220524_redis_feed14_rep1,redis,sb:events:n20:feed14:rep1,1781298337349-0,9052159200,a03fa6b0-0944-4d90-9881-9d2b47418d86,3895086,12,1.0,6210305633,3895086:a03fa6b0-0944-4d90-9881-9d2b47418d86,1,False
concurrency_n20_20260612_220524_redis_feed14_rep1,redis,sb:events:n20:feed14:rep1,1781298337354-0,9053064800,e7281523-4786-460c-a9a4-c25b2828a783,3895086,12,1.0,6210305633,3895086:e7281523-4786-460c-a9a4-c25b2828a783,1,False
concurrency_n20_20260612_220524_redis_feed14_rep1,redis,sb:events:n20:feed14:rep1,1781298337359-0,9055062200,585a8685-12a2-418f-91a6-4d2a02ad8430,3895052,12,1.0,6210305633,3895052:585a8685-12a2-418f-91a6-4d2a02ad8430,1,False
concurrency_n20_20260612_220524_redis_feed14_rep1,redis,sb:events:n20:feed14:rep1,1781298337360-0,9056159700,316981db-6e7f-44a0-999e-b56d5da36fd6,3895060,12,1.0,6210305633,3895060:316981db-6e7f-44a0-999e-b56d5da36fd6,1,False
concurrency_n20_20260612_220524_redis_feed14_rep1,redis,sb:events:n20:feed14:rep1,1781298337362-0,9056990100,86c3a258-b8ca-4ec4-955d-05e4a45f4053,3895067,12,1.0,6210305633,3895067:86c3a258-b8ca-4ec4-955d-05e4a45f4053,1,False
concurrency_n20_20260612_220524_redis_feed14_rep1,redis,sb:events:n20:feed14:rep1,1781298337363-0,9068035600,e7b35a27-1240-4696-9680-00347a4fd4ab,3895067,12,1.0,6210305633,3895067:e7b35a27-1240-4696-9680-00347a4fd4ab,1,False
concurrency_n20_20260612_220524_redis_feed14_rep1,redis,sb:events:n20:feed14:rep1,1781298337367-0,9068977800,66cebf02-2ea6-4c35-a551-862b09130220,3895107,12,1.0,6210305633,3895107:66cebf02-2ea6-4c35-a551-862b09130220,1,False
concurrency_n20_20260612_220524_redis_feed14_rep1,redis,sb:events:n20:feed14:rep1,1781298337378-0,9069673400,817e0fb2-07b1-470b-9ad7-0bba4767e247,3895095,12,1.0,6210305633,3895095:817e0fb2-07b1-470b-9ad7-0bba4767e247,1,False
concurrency_n20_20260612_220524_redis_feed14_rep1,redis,sb:events:n20:feed14:rep1,1781298337379-0,9070233200,5bdb34eb-55f0-4afa-b200-3172dc49c743,3895121,12,1.0,6210305633,3895121:5bdb34eb-55f0-4afa-b200-3172dc49c743,1,False
concurrency_n20_20260612_220524_redis_feed14_rep1,redis,sb:events:n20:feed14:rep1,1781298337380-0,9071468600,01867a27-4aa7-42ac-ab96-6d7f49d8dcb8,3895134,12,1.0,6210305633,3895134:01867a27-4aa7-42ac-ab96-6d7f49d8dcb8,1,False
concurrency_n20_20260612_220524_redis_feed14_rep1,redis,sb:events:n20:feed14:rep1,1781298337383-0,9072199100,ba2de37d-ee65-4feb-a5ea-b54fc0236494,3895113,12,1.0,6210305633,3895113:ba2de37d-ee65-4feb-a5ea-b54fc0236494,1,False
concurrency_n20_20260612_220524_redis_feed14_rep1,redis,sb:events:n20:feed14:rep1,1781298337384-0,9072832700,c55ee278-e7d5-4f2f-aaf9-1d7e71c7ee6f,3895134,12,1.0,6210305633,3895134:c55ee278-e7d5-4f2f-aaf9-1d7e71c7ee6f,1,False
concurrency_n20_20260612_220524_redis_feed14_rep1,redis,sb:events:n20:feed14:rep1,1781298337391-0,9073485400,51fb02b5-26e7-43ac-8165-4ca01a5c46d6,3895113,12,1.0,6210305633,3895113:51fb02b5-26e7-43ac-8165-4ca01a5c46d6,1,False
concurrency_n20_20260612_220524_redis_feed14_rep1,redis,sb:events:n20:feed14:rep1,1781298337395-0,9110690900,da7c4c87-47cc-43e4-abc7-ed5153ccd953,3895086,13,1.0833333333333333,6211000077,3895086:da7c4c87-47cc-43e4-abc7-ed5153ccd953,1,False
concurrency_n20_20260612_220524_redis_feed14_rep1,redis,sb:events:n20:feed14:rep1,1781298337396-0,9153602200,2d158032-d266-417c-b308-7988ff8c3ffc,3895086,13,1.0833333333333333,6211000077,3895086:2d158032-d266-417c-b308-7988ff8c3ffc,1,False
concurrency_n20_20260612_220524_redis_feed14_rep1,redis,sb:events:n20:feed14:rep1,1781298337398-0,9154503000,54f1c83c-f7c4-4413-8a2a-69aaac9bec05,3895052,13,1.0833333333333333,6211000077,3895052:54f1c83c-f7c4-4413-8a2a-69aaac9bec05,1,False
concurrency_n20_20260612_220524_redis_feed14_rep1,redis,sb:events:n20:feed14:rep1,1781298337399-0,9155502800,4c6fb264-6641-4514-9dfb-96a0f17f3899,3895060,13,1.0833333333333333,6211000077,3895060:4c6fb264-6641-4514-9dfb-96a0f17f3899,1,False
concurrency_n20_20260612_220524_redis_feed14_rep1,redis,sb:events:n20:feed14:rep1,1781298337400-0,9157230600,50fa5c47-ce69-41d3-bf4a-29b4f86d02fd,3895052,13,1.0833333333333333,6211000077,3895052:50fa5c47-ce69-41d3-bf4a-29b4f86d02fd,1,False
concurrency_n20_20260612_220524_redis_feed14_rep1,redis,sb:events:n20:feed14:rep1,1781298337401-0,9161150700,fe1233fa-d40a-4e0c-8b0d-55809b7d774b,3895060,13,1.0833333333333333,6211000077,3895060:fe1233fa-d40a-4e0c-8b0d-55809b7d774b,1,False
concurrency_n20_20260612_220524_redis_feed14_rep1,redis,sb:events:n20:feed14:rep1,1781298337402-0,9161887100,e295f3e0-e0cc-4adc-91fa-062599b27d25,3895107,13,1.0833333333333333,6211000077,3895107:e295f3e0-e0cc-4adc-91fa-062599b27d25,1,False
concurrency_n20_20260612_220524_redis_feed14_rep1,redis,sb:events:n20:feed14:rep1,1781298337477-0,9163489600,d79cf0c7-e0cd-4718-a96e-2b06b1cb0bed,3895107,13,1.0833333333333333,6211000077,3895107:d79cf0c7-e0cd-4718-a96e-2b06b1cb0bed,1,False
concurrency_n20_20260612_220524_redis_feed14_rep1,redis,sb:events:n20:feed14:rep1,1781298337481-0,9164134200,d46689a3-08bd-4188-bc0d-6a6bace1f531,3895086,14,1.1666666666666667,6211694522,3895086:d46689a3-08bd-4188-bc0d-6a6bace1f531,1,False
concurrency_n20_20260612_220524_redis_feed14_rep1,redis,sb:events:n20:feed14:rep1,1781298337482-0,9164701100,93753357-15d4-4424-9899-669adf6f34ea,3895052,14,1.1666666666666667,6211694522,3895052:93753357-15d4-4424-9899-669adf6f34ea,1,False
concurrency_n20_20260612_220524_redis_feed14_rep1,redis,sb:events:n20:feed14:rep1,1781298337485-0,9165354900,1615450f-4d55-4fef-91d6-ab9f981c6185,3895095,14,1.1666666666666667,6211694522,3895095:1615450f-4d55-4fef-91d6-ab9f981c6185,1,False
concurrency_n20_20260612_220524_redis_feed14_rep1,redis,sb:events:n20:feed14:rep1,1781298337487-0,9166012000,9dcf795d-a1b5-4b33-b421-af35da8f1708,3895095,14,1.1666666666666667,6211694522,3895095:9dcf795d-a1b5-4b33-b421-af35da8f1708,1,False
concurrency_n20_20260612_220524_redis_feed14_rep1,redis,sb:events:n20:feed14:rep1,1781298337489-0,9166873600,bd76ea17-62ca-436b-b60f-ebbce8df5a58,3895074,14,1.1666666666666667,6211694522,3895074:bd76ea17-62ca-436b-b60f-ebbce8df5a58,1,False
concurrency_n20_20260612_220524_redis_feed14_rep1,redis,sb:events:n20:feed14:rep1,1781298337489-1,9167749700,d0309ed5-a714-4866-9594-2806ec7f3053,3895074,14,1.1666666666666667,6211694522,3895074:d0309ed5-a714-4866-9594-2806ec7f3053,1,False
concurrency_n20_20260612_220524_redis_feed14_rep1,redis,sb:events:n20:feed14:rep1,1781298337490-0,9168412500,59d5f7d4-b2c8-4777-ad5d-f682a5be2482,3895074,14,1.1666666666666667,6211694522,3895074:59d5f7d4-b2c8-4777-ad5d-f682a5be2482,1,False
concurrency_n20_20260612_220524_redis_feed14_rep1,redis,sb:events:n20:feed14:rep1,1781298337491-0,9170920600,7b8d5bb4-4ed6-4983-806a-c8ca1feeef81,3895121,15,1.25,6212388966,3895121:7b8d5bb4-4ed6-4983-806a-c8ca1feeef81,1,False
concurrency_n20_20260612_220524_redis_feed14_rep1,redis,sb:events:n20:feed14:rep1,1781298337492-0,9171787100,bf8ecf65-adbc-42d1-99f7-c48a6ef2ec06,3895052,15,1.25,6212388966,3895052:bf8ecf65-adbc-42d1-99f7-c48a6ef2ec06,1,False
concurrency_n20_20260612_220524_redis_feed14_rep1,redis,sb:events:n20:feed14:rep1,1781298337493-0,9173021700,8d671e50-4b4d-4fcc-be94-351d53828756,3895107,15,1.25,6212388966,3895107:8d671e50-4b4d-4fcc-be94-351d53828756,1,False
concurrency_n20_20260612_220524_redis_feed14_rep1,redis,sb:events:n20:feed14:rep1,1781298337494-0,9173700100,4cf23b83-c0d3-4df1-bdef-c5caded9cc07,3895121,15,1.25,6212388966,3895121:4cf23b83-c0d3-4df1-bdef-c5caded9cc07,1,False
concurrency_n20_20260612_220524_redis_feed14_rep1,redis,sb:events:n20:feed14:rep1,1781298337494-1,9174605800,67f9bdbc-8feb-49b2-b7fe-705375aac0db,3895052,15,1.25,6212388966,3895052:67f9bdbc-8feb-49b2-b7fe-705375aac0db,1,False
concurrency_n20_20260612_220524_redis_feed14_rep1,redis,sb:events:n20:feed14:rep1,1781298337495-0,9175281900,5891ef4b-5571-4b46-961f-60fcb3d5029b,3895095,15,1.25,6212388966,3895095:5891ef4b-5571-4b46-961f-60fcb3d5029b,1,False
concurrency_n20_20260612_220524_redis_feed14_rep1,redis,sb:events:n20:feed14:rep1,1781298337496-0,9175929300,a6fdb7f7-8cbe-4f00-a6bc-68733f24f18c,3895121,15,1.25,6212388966,3895121:a6fdb7f7-8cbe-4f00-a6bc-68733f24f18c,1,False
concurrency_n20_20260612_220524_redis_feed14_rep1,redis,sb:events:n20:feed14:rep1,1781298337497-0,9176863800,0ae08622-c5d6-4f51-ac0a-85c965101887,3895095,15,1.25,6212388966,3895095:0ae08622-c5d6-4f51-ac0a-85c965101887,1,False
concurrency_n20_20260612_220524_redis_feed14_rep1,redis,sb:events:n20:feed14:rep1,1781298337498-0,9178696500,b2aa3ef3-18c5-47bb-8d2b-ae0489efea39,3895134,16,1.3333333333333333,6213083411,3895134:b2aa3ef3-18c5-47bb-8d2b-ae0489efea39,1,False
concurrency_n20_20260612_220524_redis_feed14_rep1,redis,sb:events:n20:feed14:rep1,1781298337499-0,9179402300,923309c9-3dcf-4141-a48f-e3208bd1f952,3895113,16,1.3333333333333333,6213083411,3895113:923309c9-3dcf-4141-a48f-e3208bd1f952,1,False
concurrency_n20_20260612_220524_redis_feed14_rep1,redis,sb:events:n20:feed14:rep1,1781298337500-0,9180460600,e8f5cb79-b270-408d-8a30-991d50c8bccd,3895095,16,1.3333333333333333,6213083411,3895095:e8f5cb79-b270-408d-8a30-991d50c8bccd,1,False
concurrency_n20_20260612_220524_redis_feed14_rep1,redis,sb:events:n20:feed14:rep1,1781298337502-0,9181842100,740e3759-e2fa-4c08-bb5e-ac9ff7760fce,3895074,16,1.3333333333333333,6213083411,3895074:740e3759-e2fa-4c08-bb5e-ac9ff7760fce,1,False
concurrency_n20_20260612_220524_redis_feed14_rep1,redis,sb:events:n20:feed14:rep1,1781298337503-0,9184502800,3f1b90e5-46c3-4832-b386-a774f9ef7762,3895074,16,1.3333333333333333,6213083411,3895074:3f1b90e5-46c3-4832-b386-a774f9ef7762,1,False
concurrency_n20_20260612_220524_redis_feed14_rep1,redis,sb:events:n20:feed14:rep1,1781298337504-0,9185920100,4453ce7d-4348-41a1-a86f-beae68288f76,3895074,16,1.3333333333333333,6213083411,3895074:4453ce7d-4348-41a1-a86f-beae68288f76,1,False
concurrency_n20_20260612_220524_redis_feed14_rep1,redis,sb:events:n20:feed14:rep1,1781298337505-0,9187271700,8eadb67c-5080-4a27-836f-922f5a6eeeb6,3895074,16,1.3333333333333333,6213083411,3895074:8eadb67c-5080-4a27-836f-922f5a6eeeb6,1,False
concurrency_n20_20260612_220524_redis_feed14_rep1,redis,sb:events:n20:feed14:rep1,1781298337507-0,9196368200,4917b4e0-e17c-4412-bec0-734319e40d03,3895074,16,1.3333333333333333,6213083411,3895074:4917b4e0-e17c-4412-bec0-734319e40d03,1,False
concurrency_n20_20260612_220524_redis_feed14_rep1,redis,sb:events:n20:feed14:rep1,1781298337508-0,9199297700,6bae2646-95ef-4ae3-808b-79fa5756e3a0,3895086,17,1.4166666666666667,6213777855,3895086:6bae2646-95ef-4ae3-808b-79fa5756e3a0,1,False
concurrency_n20_20260612_220524_redis_feed14_rep1,redis,sb:events:n20:feed14:rep1,1781298337509-0,9201126400,86a2db30-3020-4a3a-af2f-3b1d59b73adc,3895052,17,1.4166666666666667,6213777855,3895052:86a2db30-3020-4a3a-af2f-3b1d59b73adc,1,False
concurrency_n20_20260612_220524_redis_feed14_rep1,redis,sb:events:n20:feed14:rep1,1781298337513-0,9203577100,6099cc29-0d11-4fee-9d00-ce786f36eca9,3895113,17,1.4166666666666667,6213777855,3895113:6099cc29-0d11-4fee-9d00-ce786f36eca9,1,False
concurrency_n20_20260612_220524_redis_feed14_rep1,redis,sb:events:n20:feed14:rep1,1781298337514-0,9204938100,da8b4ee3-3079-4353-ac9d-451a47100b52,3895121,17,1.4166666666666667,6213777855,3895121:da8b4ee3-3079-4353-ac9d-451a47100b52,1,False
concurrency_n20_20260612_220524_redis_feed14_rep1,redis,sb:events:n20:feed14:rep1,1781298337519-0,9207097500,238ccd63-a906-4647-a994-0b592cedbb4d,3895113,17,1.4166666666666667,6213777855,3895113:238ccd63-a906-4647-a994-0b592cedbb4d,1,False
concurrency_n20_20260612_220524_redis_feed14_rep1,redis,sb:events:n20:feed14:rep1,1781298337631-0,9306550400,5f5f1bfd-17e6-4a75-a48d-23c004391ca0,3895121,17,1.4166666666666667,6213777855,3895121:5f5f1bfd-17e6-4a75-a48d-23c004391ca0,1,False
concurrency_n20_20260612_220524_redis_feed14_rep1,redis,sb:events:n20:feed14:rep1,1781298337633-0,9315236200,f56d4891-5044-48bc-98bd-2714de02c555,3895095,17,1.4166666666666667,6213777855,3895095:f56d4891-5044-48bc-98bd-2714de02c555,1,False
concurrency_n20_20260612_220524_redis_feed14_rep1,redis,sb:events:n20:feed14:rep1,1781298337641-0,9316486000,74fb2011-216f-43aa-8c61-587989c3083d,3895095,17,1.4166666666666667,6213777855,3895095:74fb2011-216f-43aa-8c61-587989c3083d,1,False
concurrency_n20_20260612_220524_redis_feed14_rep1,redis,sb:events:n20:feed14:rep1,1781298337643-0,9322220300,c4f630f3-cffd-4397-a545-146b8ed79cba,3895095,17,1.4166666666666667,6213777855,3895095:c4f630f3-cffd-4397-a545-146b8ed79cba,1,False
concurrency_n20_20260612_220524_redis_feed14_rep1,redis,sb:events:n20:feed14:rep1,1781298337644-0,9323693400,a2d472e0-2844-401d-94b3-333c820b3d2d,3895086,18,1.5,6214472300,3895086:a2d472e0-2844-401d-94b3-333c820b3d2d,1,False
concurrency_n20_20260612_220524_redis_feed14_rep1,redis,sb:events:n20:feed14:rep1,1781298337649-0,9329605000,a3d8c0c0-3e97-47d3-8bee-8eba75a19ae8,3895086,18,1.5,6214472300,3895086:a3d8c0c0-3e97-47d3-8bee-8eba75a19ae8,1,False
concurrency_n20_20260612_220524_redis_feed14_rep1,redis,sb:events:n20:feed14:rep1,1781298337650-0,9337656900,e1464657-428c-47db-b28c-41c44d976b21,3895086,18,1.5,6214472300,3895086:e1464657-428c-47db-b28c-41c44d976b21,1,False
concurrency_n20_20260612_220524_redis_feed14_rep1,redis,sb:events:n20:feed14:rep1,1781298337653-0,9343541400,f3cf7038-cbb0-4e2b-be0e-87d31d2aa135,3895086,18,1.5,6214472300,3895086:f3cf7038-cbb0-4e2b-be0e-87d31d2aa135,1,False
concurrency_n20_20260612_220524_redis_feed14_rep1,redis,sb:events:n20:feed14:rep1,1781298337656-0,9345661100,c6cba519-72a4-4c6a-a204-27bb2809348d,3895107,18,1.5,6214472300,3895107:c6cba519-72a4-4c6a-a204-27bb2809348d,1,False
concurrency_n20_20260612_220524_redis_feed14_rep1,redis,sb:events:n20:feed14:rep1,1781298337664-0,9346855300,415243ce-3849-4896-9be1-75365ad90b78,3895134,18,1.5,6214472300,3895134:415243ce-3849-4896-9be1-75365ad90b78,1,False
concurrency_n20_20260612_220524_redis_feed14_rep1,redis,sb:events:n20:feed14:rep1,1781298337670-0,9348067000,b4c2c8e7-ca1b-4d18-863e-e58021f75654,3895086,18,1.5,6214472300,3895086:b4c2c8e7-ca1b-4d18-863e-e58021f75654,1,False
concurrency_n20_20260612_220524_redis_feed14_rep1,redis,sb:events:n20:feed14:rep1,1781298337673-0,9349781100,0419e708-847b-4ff2-a6f7-50031b3683e4,3895107,18,1.5,6214472300,3895107:0419e708-847b-4ff2-a6f7-50031b3683e4,1,False
concurrency_n20_20260612_220524_redis_feed14_rep1,redis,sb:events:n20:feed14:rep1,1781298337675-0,9351740100,f9096f10-3921-40be-bcaa-d7439f4bef6c,3895134,18,1.5,6214472300,3895134:f9096f10-3921-40be-bcaa-d7439f4bef6c,1,False
concurrency_n20_20260612_220524_redis_feed14_rep1,redis,sb:events:n20:feed14:rep1,1781298337678-0,9361834800,da618d2e-27e6-47f5-ba91-a32d880fc3f3,3895052,18,1.5,6214472300,3895052:da618d2e-27e6-47f5-ba91-a32d880fc3f3,1,False
concurrency_n20_20260612_220524_redis_feed14_rep1,redis,sb:events:n20:feed14:rep1,1781298337688-0,9363122300,c6085c22-483f-4a4b-a3a7-27fbee22ae65,3895052,18,1.5,6214472300,3895052:c6085c22-483f-4a4b-a3a7-27fbee22ae65,1,False
concurrency_n20_20260612_220524_redis_feed14_rep1,redis,sb:events:n20:feed14:rep1,1781298337690-0,9365191400,3211acd7-830e-4b57-9d44-ffc087f09783,3895121,18,1.5,6214472300,3895121:3211acd7-830e-4b57-9d44-ffc087f09783,1,False
concurrency_n20_20260612_220524_redis_feed14_rep1,redis,sb:events:n20:feed14:rep1,1781298337692-0,9366070600,5ecff428-f7e5-4098-a070-003bae61d520,3895052,18,1.5,6214472300,3895052:5ecff428-f7e5-4098-a070-003bae61d520,1,False
concurrency_n20_20260612_220524_redis_feed14_rep1,redis,sb:events:n20:feed14:rep1,1781298337693-0,9371720300,08a00791-17e3-4e67-acbb-494c7c518e23,3895095,18,1.5,6214472300,3895095:08a00791-17e3-4e67-acbb-494c7c518e23,1,False
concurrency_n20_20260612_220524_redis_feed14_rep1,redis,sb:events:n20:feed14:rep1,1781298337695-0,9374653100,4acda0ae-ebda-4589-806c-c3233063335e,3895107,19,1.5833333333333333,6215166744,3895107:4acda0ae-ebda-4589-806c-c3233063335e,1,False
concurrency_n20_20260612_220524_redis_feed14_rep1,redis,sb:events:n20:feed14:rep1,1781298337698-0,9380912200,61c008f9-cf5c-4ebe-ae27-f5ee5b22c150,3895134,19,1.5833333333333333,6215166744,3895134:61c008f9-cf5c-4ebe-ae27-f5ee5b22c150,1,False
concurrency_n20_20260612_220524_redis_feed14_rep1,redis,sb:events:n20:feed14:rep1,1781298337701-0,9388683800,95573a25-89e1-4453-899f-9231016295df,3895107,19,1.5833333333333333,6215166744,3895107:95573a25-89e1-4453-899f-9231016295df,1,False
concurrency_n20_20260612_220524_redis_feed14_rep1,redis,sb:events:n20:feed14:rep1,1781298337702-0,9392307700,7d098e93-c4a3-4d21-94e1-ee7f39346658,3895113,19,1.5833333333333333,6215166744,3895113:7d098e93-c4a3-4d21-94e1-ee7f39346658,1,False
concurrency_n20_20260612_220524_redis_feed14_rep1,redis,sb:events:n20:feed14:rep1,1781298337708-0,9394053100,f6afab09-dd54-41b0-9eab-2f54641f6cc7,3895134,19,1.5833333333333333,6215166744,3895134:f6afab09-dd54-41b0-9eab-2f54641f6cc7,1,False
concurrency_n20_20260612_220524_redis_feed14_rep1,redis,sb:events:n20:feed14:rep1,1781298337714-0,9396112000,82b43325-f1c1-48f8-8a96-f447e73e0014,3895107,19,1.5833333333333333,6215166744,3895107:82b43325-f1c1-48f8-8a96-f447e73e0014,1,False
concurrency_n20_20260612_220524_redis_feed14_rep1,redis,sb:events:n20:feed14:rep1,1781298337719-0,9396992200,babaa5b7-7d2a-455f-9d53-09929055b994,3895121,19,1.5833333333333333,6215166744,3895121:babaa5b7-7d2a-455f-9d53-09929055b994,1,False
concurrency_n20_20260612_220524_redis_feed14_rep1,redis,sb:events:n20:feed14:rep1,1781298337721-0,9397997900,fbeffccf-f6ec-4792-812e-6aa5f8535b6c,3895134,19,1.5833333333333333,6215166744,3895134:fbeffccf-f6ec-4792-812e-6aa5f8535b6c,1,False
concurrency_n20_20260612_220524_redis_feed14_rep1,redis,sb:events:n20:feed14:rep1,1781298337722-0,9399206600,31656a86-ac6f-48e7-8588-664d49470dcf,3895121,19,1.5833333333333333,6215166744,3895121:31656a86-ac6f-48e7-8588-664d49470dcf,1,False
concurrency_n20_20260612_220524_redis_feed14_rep1,redis,sb:events:n20:feed14:rep1,1781298337723-0,9401497000,c1fd3b58-ecc8-4b74-baf6-d706324c0a37,3895095,19,1.5833333333333333,6215166744,3895095:c1fd3b58-ecc8-4b74-baf6-d706324c0a37,1,False
concurrency_n20_20260612_220524_redis_feed14_rep1,redis,sb:events:n20:feed14:rep1,1781298337724-0,9403581200,34a68da4-a761-418e-a94a-29bb8fd8e96e,3895095,19,1.5833333333333333,6215166744,3895095:34a68da4-a761-418e-a94a-29bb8fd8e96e,1,False
concurrency_n20_20260612_220524_redis_feed14_rep1,redis,sb:events:n20:feed14:rep1,1781298337726-0,9411836500,5ea481e0-e6e1-4897-b6e0-78445211ad3d,3895060,20,1.6666666666666667,6215861188,3895060:5ea481e0-e6e1-4897-b6e0-78445211ad3d,1,False
concurrency_n20_20260612_220524_redis_feed14_rep1,redis,sb:events:n20:feed14:rep1,1781298337727-0,9414802800,58a678fb-10ef-4114-9bbb-099466db1636,3895086,20,1.6666666666666667,6215861188,3895086:58a678fb-10ef-4114-9bbb-099466db1636,1,False
concurrency_n20_20260612_220524_redis_feed14_rep1,redis,sb:events:n20:feed14:rep1,1781298337728-0,9415993900,5e0455ba-95d7-4dc9-92d6-c8b777a5c7b6,3895086,20,1.6666666666666667,6215861188,3895086:5e0455ba-95d7-4dc9-92d6-c8b777a5c7b6,1,False
concurrency_n20_20260612_220524_redis_feed14_rep1,redis,sb:events:n20:feed14:rep1,1781298337729-0,9418896900,9adb3957-42ed-4d0a-80fc-38ad27500ee0,3895113,20,1.6666666666666667,6215861188,3895113:9adb3957-42ed-4d0a-80fc-38ad27500ee0,1,False
concurrency_n20_20260612_220524_redis_feed14_rep1,redis,sb:events:n20:feed14:rep1,1781298337734-0,9420196200,a6f33202-5449-458f-8473-9c4274528e11,3895052,20,1.6666666666666667,6215861188,3895052:a6f33202-5449-458f-8473-9c4274528e11,1,False
concurrency_n20_20260612_220524_redis_feed14_rep1,redis,sb:events:n20:feed14:rep1,1781298337739-0,9421670400,91c869e1-262b-4223-89b4-903cf7e9b527,3895107,20,1.6666666666666667,6215861188,3895107:91c869e1-262b-4223-89b4-903cf7e9b527,1,False
concurrency_n20_20260612_220524_redis_feed14_rep1,redis,sb:events:n20:feed14:rep1,1781298337742-0,9423236800,8e9c5a9a-0084-457b-93be-2ba84bbe4fcb,3895113,20,1.6666666666666667,6215861188,3895113:8e9c5a9a-0084-457b-93be-2ba84bbe4fcb,1,False
concurrency_n20_20260612_220524_redis_feed14_rep1,redis,sb:events:n20:feed14:rep1,1781298337743-0,9425596700,91e88312-848a-47f2-8871-b71be8bb172c,3895107,20,1.6666666666666667,6215861188,3895107:91e88312-848a-47f2-8871-b71be8bb172c,1,False
concurrency_n20_20260612_220524_redis_feed14_rep1,redis,sb:events:n20:feed14:rep1,1781298337744-0,9426432500,20d4b309-2546-439a-96d6-c362fb3ecb2d,3895113,20,1.6666666666666667,6215861188,3895113:20d4b309-2546-439a-96d6-c362fb3ecb2d,1,False
concurrency_n20_20260612_220524_redis_feed14_rep1,redis,sb:events:n20:feed14:rep1,1781298337745-0,9435450500,04f7f325-bfc0-4731-a32f-7f8232c8296e,3895121,20,1.6666666666666667,6215861188,3895121:04f7f325-bfc0-4731-a32f-7f8232c8296e,1,False
concurrency_n20_20260612_220524_redis_feed14_rep1,redis,sb:events:n20:feed14:rep1,1781298337747-0,9436514200,5bd4ec7d-4d90-4a2d-bcea-2fe45009e3e5,3895113,20,1.6666666666666667,6215861188,3895113:5bd4ec7d-4d90-4a2d-bcea-2fe45009e3e5,1,False
concurrency_n20_20260612_220524_redis_feed14_rep1,redis,sb:events:n20:feed14:rep1,1781298337749-0,9437457900,90ec0daf-d61f-4501-ab28-c24d33c3ac5f,3895060,21,1.75,6216555633,3895060:90ec0daf-d61f-4501-ab28-c24d33c3ac5f,1,False
concurrency_n20_20260612_220524_redis_feed14_rep1,redis,sb:events:n20:feed14:rep1,1781298337751-0,9438510700,948f6c30-084e-4ef6-a45d-90557e5552d8,3895060,21,1.75,6216555633,3895060:948f6c30-084e-4ef6-a45d-90557e5552d8,1,False
concurrency_n20_20260612_220524_redis_feed14_rep1,redis,sb:events:n20:feed14:rep1,1781298337752-0,9439225200,a4cf9a70-b481-4b49-9ce1-ca29ff7c506e,3895134,21,1.75,6216555633,3895134:a4cf9a70-b481-4b49-9ce1-ca29ff7c506e,1,False
concurrency_n20_20260612_220524_redis_feed14_rep1,redis,sb:events:n20:feed14:rep1,1781298337753-0,9440111300,ce0cff7d-de0c-4e19-8496-2dd948d69413,3895052,21,1.75,6216555633,3895052:ce0cff7d-de0c-4e19-8496-2dd948d69413,1,False
concurrency_n20_20260612_220524_redis_feed14_rep1,redis,sb:events:n20:feed14:rep1,1781298337757-0,9443629000,d2616640-d066-4175-a00a-35d3db6e7ef0,3895134,21,1.75,6216555633,3895134:d2616640-d066-4175-a00a-35d3db6e7ef0,1,False
concurrency_n20_20260612_220524_redis_feed14_rep1,redis,sb:events:n20:feed14:rep1,1781298337762-0,9444821000,ebaf6e35-461e-411b-a4c6-bd8c8807ed4b,3895052,21,1.75,6216555633,3895052:ebaf6e35-461e-411b-a4c6-bd8c8807ed4b,1,False
concurrency_n20_20260612_220524_redis_feed14_rep1,redis,sb:events:n20:feed14:rep1,1781298337767-0,9458058700,377feb38-fa03-4b29-bb7f-2cfbb3baf194,3895107,21,1.75,6216555633,3895107:377feb38-fa03-4b29-bb7f-2cfbb3baf194,1,False
concurrency_n20_20260612_220524_redis_feed14_rep1,redis,sb:events:n20:feed14:rep1,1781298337768-0,9458955600,a5317761-7d6b-4332-832c-56edfbce761f,3895121,21,1.75,6216555633,3895121:a5317761-7d6b-4332-832c-56edfbce761f,1,False
concurrency_n20_20260612_220524_redis_feed14_rep1,redis,sb:events:n20:feed14:rep1,1781298337769-0,9459558500,d0a1094c-65af-4a38-8aa7-a18ff8210a8e,3895107,21,1.75,6216555633,3895107:d0a1094c-65af-4a38-8aa7-a18ff8210a8e,1,False
concurrency_n20_20260612_220524_redis_feed14_rep1,redis,sb:events:n20:feed14:rep1,1781298337770-0,9461578500,6824686d-4590-42ed-bcb5-84522be6958f,3895113,21,1.75,6216555633,3895113:6824686d-4590-42ed-bcb5-84522be6958f,1,False
concurrency_n20_20260612_220524_redis_feed14_rep1,redis,sb:events:n20:feed14:rep1,1781298337771-0,9462861400,7b952b7f-319c-4b59-9887-322eb909afae,3895121,21,1.75,6216555633,3895121:7b952b7f-319c-4b59-9887-322eb909afae,1,False
concurrency_n20_20260612_220524_redis_feed14_rep1,redis,sb:events:n20:feed14:rep1,1781298337784-0,9465854200,13cdffc6-1a64-46ed-9d46-9d52584911eb,3895095,21,1.75,6216555633,3895095:13cdffc6-1a64-46ed-9d46-9d52584911eb,1,False
concurrency_n20_20260612_220524_redis_feed14_rep1,redis,sb:events:n20:feed14:rep1,1781298337785-0,9470913900,4c5afbe4-b097-4acf-8087-c15c6b876bb2,3895113,21,1.75,6216555633,3895113:4c5afbe4-b097-4acf-8087-c15c6b876bb2,1,False
concurrency_n20_20260612_220524_redis_feed14_rep1,redis,sb:events:n20:feed14:rep1,1781298337786-0,9479201400,d7d57b8f-e679-4a01-9112-8c67d14816da,3895121,21,1.75,6216555633,3895121:d7d57b8f-e679-4a01-9112-8c67d14816da,1,False
concurrency_n20_20260612_220524_redis_feed14_rep1,redis,sb:events:n20:feed14:rep1,1781298337789-0,9480045700,380b0b2e-41af-476d-bb8d-683c2c4bc624,3895134,22,1.8333333333333333,6217250077,3895134:380b0b2e-41af-476d-bb8d-683c2c4bc624,1,False
concurrency_n20_20260612_220524_redis_feed14_rep1,redis,sb:events:n20:feed14:rep1,1781298337793-0,9480706100,9a40ee6a-81c2-48c1-b86d-7b611f1cbad9,3895052,22,1.8333333333333333,6217250077,3895052:9a40ee6a-81c2-48c1-b86d-7b611f1cbad9,1,False
concurrency_n20_20260612_220524_redis_feed14_rep1,redis,sb:events:n20:feed14:rep1,1781298337796-0,9481413500,064b72e5-2907-4fec-ae0a-2108f5e8524f,3895052,22,1.8333333333333333,6217250077,3895052:064b72e5-2907-4fec-ae0a-2108f5e8524f,1,False
concurrency_n20_20260612_220524_redis_feed14_rep1,redis,sb:events:n20:feed14:rep1,1781298337806-0,9485942900,13033282-511b-44a2-bdfb-112ad4f2cbe2,3895107,22,1.8333333333333333,6217250077,3895107:13033282-511b-44a2-bdfb-112ad4f2cbe2,1,False
concurrency_n20_20260612_220524_redis_feed14_rep1,redis,sb:events:n20:feed14:rep1,1781298337808-0,9487734500,6d76d333-ddbe-4dd4-b0e0-f04bace0d42c,3895121,22,1.8333333333333333,6217250077,3895121:6d76d333-ddbe-4dd4-b0e0-f04bace0d42c,1,False
concurrency_n20_20260612_220524_redis_feed14_rep1,redis,sb:events:n20:feed14:rep1,1781298337809-0,9488968500,b718de1e-9955-427d-a714-9612b515b37f,3895060,23,1.9166666666666667,6217944522,3895060:b718de1e-9955-427d-a714-9612b515b37f,1,False
concurrency_n20_20260612_220524_redis_feed14_rep1,redis,sb:events:n20:feed14:rep1,1781298337813-0,9492046700,5d1189db-89e2-4f3a-9fe7-9ca309a9180b,3895086,23,1.9166666666666667,6217944522,3895086:5d1189db-89e2-4f3a-9fe7-9ca309a9180b,1,False
concurrency_n20_20260612_220524_redis_feed14_rep1,redis,sb:events:n20:feed14:rep1,1781298337816-0,9494351900,bf131dfc-aa54-477b-aa3a-fe427e0f5a4d,3895052,23,1.9166666666666667,6217944522,3895052:bf131dfc-aa54-477b-aa3a-fe427e0f5a4d,1,False
concurrency_n20_20260612_220524_redis_feed14_rep1,redis,sb:events:n20:feed14:rep1,1781298337817-0,9495122100,f436fba2-fe86-4de4-81a8-6f0ade75bb37,3895095,23,1.9166666666666667,6217944522,3895095:f436fba2-fe86-4de4-81a8-6f0ade75bb37,1,False
concurrency_n20_20260612_220524_redis_feed14_rep1,redis,sb:events:n20:feed14:rep1,1781298337819-0,9503461000,0ff21259-8e4f-4ca9-b2f0-eeca108eaf72,3895107,23,1.9166666666666667,6217944522,3895107:0ff21259-8e4f-4ca9-b2f0-eeca108eaf72,1,False
concurrency_n20_20260612_220524_redis_feed14_rep1,redis,sb:events:n20:feed14:rep1,1781298337821-0,9508457500,cb77e8ab-344f-468f-81fa-a6da694d993e,3895095,23,1.9166666666666667,6217944522,3895095:cb77e8ab-344f-468f-81fa-a6da694d993e,1,False
concurrency_n20_20260612_220524_redis_feed14_rep1,redis,sb:events:n20:feed14:rep1,1781298337823-0,9509963500,0330715d-3ebb-4144-b556-11d9aea021f7,3895107,23,1.9166666666666667,6217944522,3895107:0330715d-3ebb-4144-b556-11d9aea021f7,1,False
concurrency_n20_20260612_220524_redis_feed14_rep1,redis,sb:events:n20:feed14:rep1,1781298337823-1,9517497000,13f2f67e-ce8a-45c1-91d1-965bd994230e,3895107,23,1.9166666666666667,6217944522,3895107:13f2f67e-ce8a-45c1-91d1-965bd994230e,1,False
concurrency_n20_20260612_220524_redis_feed14_rep1,redis,sb:events:n20:feed14:rep1,1781298337825-0,9525310600,30439125-dd53-46d2-95b0-e188be25443c,3895067,24,2.0,6218638966,3895067:30439125-dd53-46d2-95b0-e188be25443c,1,False
concurrency_n20_20260612_220524_redis_feed14_rep1,redis,sb:events:n20:feed14:rep1,1781298337831-0,9533991200,11e909cf-1292-4ff6-877b-047271284066,3895060,24,2.0,6218638966,3895060:11e909cf-1292-4ff6-877b-047271284066,1,False
concurrency_n20_20260612_220524_redis_feed14_rep1,redis,sb:events:n20:feed14:rep1,1781298337834-0,9535803600,43d00079-b73c-4617-aa1a-2d5d3d54ba34,3895086,24,2.0,6218638966,3895086:43d00079-b73c-4617-aa1a-2d5d3d54ba34,1,False
concurrency_n20_20260612_220524_redis_feed14_rep1,redis,sb:events:n20:feed14:rep1,1781298337836-0,9536796500,a332d835-268e-4498-8bfb-67085f324c46,3895086,24,2.0,6218638966,3895086:a332d835-268e-4498-8bfb-67085f324c46,1,False
concurrency_n20_20260612_220524_redis_feed14_rep1,redis,sb:events:n20:feed14:rep1,1781298337837-0,9537421900,cf31353b-8f9d-4a5e-9fbe-b74bcc381264,3895121,24,2.0,6218638966,3895121:cf31353b-8f9d-4a5e-9fbe-b74bcc381264,1,False
concurrency_n20_20260612_220524_redis_feed14_rep1,redis,sb:events:n20:feed14:rep1,1781298337840-0,9538120700,e8f164f5-a160-4c46-a82c-abe4e89677d9,3895121,24,2.0,6218638966,3895121:e8f164f5-a160-4c46-a82c-abe4e89677d9,1,False
concurrency_n20_20260612_220524_redis_feed14_rep1,redis,sb:events:n20:feed14:rep1,1781298337846-0,9539170300,dcc91b79-7910-496f-853c-e3a279361c9c,3895107,24,2.0,6218638966,3895107:dcc91b79-7910-496f-853c-e3a279361c9c,1,False
concurrency_n20_20260612_220524_redis_feed14_rep1,redis,sb:events:n20:feed14:rep1,1781298337849-0,9540624600,a815f844-803f-46d0-98ef-cb7d3aca3c8b,3895067,25,2.083333333333333,6219333411,3895067:a815f844-803f-46d0-98ef-cb7d3aca3c8b,1,False
concurrency_n20_20260612_220524_redis_feed14_rep1,redis,sb:events:n20:feed14:rep1,1781298337859-0,9553852000,ead699aa-f13c-4cdf-8423-f658ad925cb5,3895067,25,2.083333333333333,6219333411,3895067:ead699aa-f13c-4cdf-8423-f658ad925cb5,1,False
concurrency_n20_20260612_220524_redis_feed14_rep1,redis,sb:events:n20:feed14:rep1,1781298337876-0,9557559600,9f680d72-f947-4b6e-a483-04e6cb981cf5,3895060,25,2.083333333333333,6219333411,3895060:9f680d72-f947-4b6e-a483-04e6cb981cf5,1,False
concurrency_n20_20260612_220524_redis_feed14_rep1,redis,sb:events:n20:feed14:rep1,1781298337887-0,9562501700,84c01004-f3ae-4fda-bcdd-31980eb13196,3895060,25,2.083333333333333,6219333411,3895060:84c01004-f3ae-4fda-bcdd-31980eb13196,1,False
concurrency_n20_20260612_220524_redis_feed14_rep1,redis,sb:events:n20:feed14:rep1,1781298337890-0,9570693300,2b8248b7-ca1e-4b25-8019-43dcd354312b,3895134,25,2.083333333333333,6219333411,3895134:2b8248b7-ca1e-4b25-8019-43dcd354312b,1,False
concurrency_n20_20260612_220524_redis_feed14_rep1,redis,sb:events:n20:feed14:rep1,1781298337896-0,9573162000,07087bbe-871b-46b9-af20-4c074da4a10d,3895113,25,2.083333333333333,6219333411,3895113:07087bbe-871b-46b9-af20-4c074da4a10d,1,False
concurrency_n20_20260612_220524_redis_feed14_rep1,redis,sb:events:n20:feed14:rep1,1781298337898-0,9576856700,24fa959e-ad78-4dfb-9cf7-ff352947271c,3895052,25,2.083333333333333,6219333411,3895052:24fa959e-ad78-4dfb-9cf7-ff352947271c,1,False
concurrency_n20_20260612_220524_redis_feed14_rep1,redis,sb:events:n20:feed14:rep1,1781298337901-0,9578935900,03f103fa-f1fc-463e-87d9-cd3db62d4291,3895052,25,2.083333333333333,6219333411,3895052:03f103fa-f1fc-463e-87d9-cd3db62d4291,1,False
concurrency_n20_20260612_220524_redis_feed14_rep1,redis,sb:events:n20:feed14:rep1,1781298337903-0,9598952800,da6d72e8-314a-4232-892f-7f2b7aa233da,3895052,25,2.083333333333333,6219333411,3895052:da6d72e8-314a-4232-892f-7f2b7aa233da,1,False
concurrency_n20_20260612_220524_redis_feed14_rep1,redis,sb:events:n20:feed14:rep1,1781298337905-0,9616672000,197edbf9-491f-48e7-b569-16790aa29662,3895107,25,2.083333333333333,6219333411,3895107:197edbf9-491f-48e7-b569-16790aa29662,1,False
concurrency_n20_20260612_220524_redis_feed14_rep1,redis,sb:events:n20:feed14:rep1,1781298337916-0,9630152800,8cbf25e7-f76d-430e-b1c7-4b5c77f460f1,3895107,25,2.083333333333333,6219333411,3895107:8cbf25e7-f76d-430e-b1c7-4b5c77f460f1,1,False
concurrency_n20_20260612_220524_redis_feed14_rep1,redis,sb:events:n20:feed14:rep1,1781298337918-0,9631546600,e1f2d0bd-aeb0-42b2-867d-f5e407986d61,3895086,26,2.1666666666666665,6220027855,3895086:e1f2d0bd-aeb0-42b2-867d-f5e407986d61,1,False
concurrency_n20_20260612_220524_redis_feed14_rep1,redis,sb:events:n20:feed14:rep1,1781298337918-1,9632603700,1cfdd0b2-0f61-4520-8329-c24d895696b1,3895113,26,2.1666666666666665,6220027855,3895113:1cfdd0b2-0f61-4520-8329-c24d895696b1,1,False
concurrency_n20_20260612_220524_redis_feed14_rep1,redis,sb:events:n20:feed14:rep1,1781298337919-0,9633265300,4a4a7e44-43c5-44e2-bf4c-ca1637daea87,3895107,26,2.1666666666666665,6220027855,3895107:4a4a7e44-43c5-44e2-bf4c-ca1637daea87,1,False
concurrency_n20_20260612_220524_redis_feed14_rep1,redis,sb:events:n20:feed14:rep1,1781298337935-0,9633799800,b812268f-ce7d-4b17-9ad2-f38e50908694,3895107,26,2.1666666666666665,6220027855,3895107:b812268f-ce7d-4b17-9ad2-f38e50908694,1,False
concurrency_n20_20260612_220524_redis_feed14_rep1,redis,sb:events:n20:feed14:rep1,1781298337950-0,9639168100,984ac2c7-33e7-43ac-8152-f88bdf9bcb40,3895107,26,2.1666666666666665,6220027855,3895107:984ac2c7-33e7-43ac-8152-f88bdf9bcb40,1,False
concurrency_n20_20260612_220524_redis_feed14_rep1,redis,sb:events:n20:feed14:rep1,1781298337959-0,9642100800,2c82e5ca-792d-4700-8f46-ad27ebbb3545,3895107,26,2.1666666666666665,6220027855,3895107:2c82e5ca-792d-4700-8f46-ad27ebbb3545,1,False
concurrency_n20_20260612_220524_redis_feed14_rep1,redis,sb:events:n20:feed14:rep1,1781298337966-0,9647136800,d109e813-a171-4eab-bd01-20c8e0a2d54b,3895067,27,2.25,6220722300,3895067:d109e813-a171-4eab-bd01-20c8e0a2d54b,1,False
concurrency_n20_20260612_220524_redis_feed14_rep1,redis,sb:events:n20:feed14:rep1,1781298337968-0,9649361800,4dbc35f7-4520-4c1d-a0c1-81c1760b2c40,3895067,27,2.25,6220722300,3895067:4dbc35f7-4520-4c1d-a0c1-81c1760b2c40,1,False
concurrency_n20_20260612_220524_redis_feed14_rep1,redis,sb:events:n20:feed14:rep1,1781298337970-0,9650433100,10df0432-33a1-4c21-9b36-dc9a9488ba69,3895067,27,2.25,6220722300,3895067:10df0432-33a1-4c21-9b36-dc9a9488ba69,1,False
concurrency_n20_20260612_220524_redis_feed14_rep1,redis,sb:events:n20:feed14:rep1,1781298337974-0,9652637400,1ada5a52-ccdd-47d6-bfae-a3c6cfe6695c,3895086,27,2.25,6220722300,3895086:1ada5a52-ccdd-47d6-bfae-a3c6cfe6695c,1,False
concurrency_n20_20260612_220524_redis_feed14_rep1,redis,sb:events:n20:feed14:rep1,1781298337976-0,9653797100,49b31666-46f5-4aa7-a2b1-869d05a27d90,3895086,27,2.25,6220722300,3895086:49b31666-46f5-4aa7-a2b1-869d05a27d90,1,False
concurrency_n20_20260612_220524_redis_feed14_rep1,redis,sb:events:n20:feed14:rep1,1781298337978-0,9654947700,3e22029c-1ffc-479a-8824-66a065a2fdf6,3895134,27,2.25,6220722300,3895134:3e22029c-1ffc-479a-8824-66a065a2fdf6,1,False
concurrency_n20_20260612_220524_redis_feed14_rep1,redis,sb:events:n20:feed14:rep1,1781298337979-0,9656520100,c3ae126d-34d6-421c-813d-3e3179428b05,3895086,27,2.25,6220722300,3895086:c3ae126d-34d6-421c-813d-3e3179428b05,1,False
concurrency_n20_20260612_220524_redis_feed14_rep1,redis,sb:events:n20:feed14:rep1,1781298337981-0,9663973700,3ef9a433-6ad8-4533-b8c7-8465064ae209,3895134,27,2.25,6220722300,3895134:3ef9a433-6ad8-4533-b8c7-8465064ae209,1,False
concurrency_n20_20260612_220524_redis_feed14_rep1,redis,sb:events:n20:feed14:rep1,1781298337982-0,9665047900,cfe9b540-ca3b-4aad-b553-0674713203bb,3895113,27,2.25,6220722300,3895113:cfe9b540-ca3b-4aad-b553-0674713203bb,1,False
concurrency_n20_20260612_220524_redis_feed14_rep1,redis,sb:events:n20:feed14:rep1,1781298337983-0,9667220200,6a8269d2-5ce9-4921-9502-03ae5b27b8b6,3895113,27,2.25,6220722300,3895113:6a8269d2-5ce9-4921-9502-03ae5b27b8b6,1,False
concurrency_n20_20260612_220524_redis_feed14_rep1,redis,sb:events:n20:feed14:rep1,1781298337985-0,9670476100,87c20b3f-2fe3-4696-b387-5997a79262eb,3895052,27,2.25,6220722300,3895052:87c20b3f-2fe3-4696-b387-5997a79262eb,1,False
concurrency_n20_20260612_220524_redis_feed14_rep1,redis,sb:events:n20:feed14:rep1,1781298337987-0,9671454500,ce148b24-1185-48a7-bc22-d593e8115f3c,3895052,27,2.25,6220722300,3895052:ce148b24-1185-48a7-bc22-d593e8115f3c,1,False
concurrency_n20_20260612_220524_redis_feed14_rep1,redis,sb:events:n20:feed14:rep1,1781298337990-0,9673462000,12eedca2-420b-4b01-a81d-12b847d2f8a6,3895107,27,2.25,6220722300,3895107:12eedca2-420b-4b01-a81d-12b847d2f8a6,1,False
concurrency_n20_20260612_220524_redis_feed14_rep1,redis,sb:events:n20:feed14:rep1,1781298337992-0,9676946500,b343f95e-f220-4957-afda-b760c0859784,3895107,27,2.25,6220722300,3895107:b343f95e-f220-4957-afda-b760c0859784,1,False
concurrency_n20_20260612_220524_redis_feed14_rep1,redis,sb:events:n20:feed14:rep1,1781298337994-0,9678926700,d4611d70-d895-41fc-95ab-a1c65347c86b,3895095,28,2.333333333333333,6221416744,3895095:d4611d70-d895-41fc-95ab-a1c65347c86b,1,False
concurrency_n20_20260612_220524_redis_feed14_rep1,redis,sb:events:n20:feed14:rep1,1781298337998-0,9679809800,e3e1f7c7-4932-4722-9f8c-b801ec0f3eb9,3895113,28,2.333333333333333,6221416744,3895113:e3e1f7c7-4932-4722-9f8c-b801ec0f3eb9,1,False
concurrency_n20_20260612_220524_redis_feed14_rep1,redis,sb:events:n20:feed14:rep1,1781298337999-0,9680745000,f2148745-955f-4ae6-99fc-7eea72344f5c,3895052,28,2.333333333333333,6221416744,3895052:f2148745-955f-4ae6-99fc-7eea72344f5c,1,False
concurrency_n20_20260612_220524_redis_feed14_rep1,redis,sb:events:n20:feed14:rep1,1781298338000-0,9683637400,2e41f9b8-5553-4025-bfb2-90dc50a9013a,3895107,28,2.333333333333333,6221416744,3895107:2e41f9b8-5553-4025-bfb2-90dc50a9013a,1,False
concurrency_n20_20260612_220524_redis_feed14_rep1,redis,sb:events:n20:feed14:rep1,1781298338001-0,9684669600,78f5f9b2-8e23-4ed5-bc21-6cb65b4bfecd,3895107,28,2.333333333333333,6221416744,3895107:78f5f9b2-8e23-4ed5-bc21-6cb65b4bfecd,1,False
concurrency_n20_20260612_220524_redis_feed14_rep1,redis,sb:events:n20:feed14:rep1,1781298338004-0,9685732300,d0c9136b-fb00-4bfe-bd7f-3b3dbdc6992c,3895107,28,2.333333333333333,6221416744,3895107:d0c9136b-fb00-4bfe-bd7f-3b3dbdc6992c,1,False
concurrency_n20_20260612_220524_redis_feed14_rep1,redis,sb:events:n20:feed14:rep1,1781298338006-0,9690726000,9279e24a-1872-4df5-9f01-bb6acffcaaf3,3895107,28,2.333333333333333,6221416744,3895107:9279e24a-1872-4df5-9f01-bb6acffcaaf3,1,False
concurrency_n20_20260612_220524_redis_feed14_rep1,redis,sb:events:n20:feed14:rep1,1781298338008-0,9694581200,79692146-523d-48d7-bb97-a2bfe9215a4c,3895107,28,2.333333333333333,6221416744,3895107:79692146-523d-48d7-bb97-a2bfe9215a4c,1,False
concurrency_n20_20260612_220524_redis_feed14_rep1,redis,sb:events:n20:feed14:rep1,1781298338011-0,9696524400,447b0a0c-05be-471b-aaf1-2bc3a39574a6,3895067,29,2.4166666666666665,6222111188,3895067:447b0a0c-05be-471b-aaf1-2bc3a39574a6,1,False
concurrency_n20_20260612_220524_redis_feed14_rep1,redis,sb:events:n20:feed14:rep1,1781298338012-0,9697917900,5a772691-1265-464f-aabd-c573e8a0ab8c,3895074,29,2.4166666666666665,6222111188,3895074:5a772691-1265-464f-aabd-c573e8a0ab8c,1,False
concurrency_n20_20260612_220524_redis_feed14_rep1,redis,sb:events:n20:feed14:rep1,1781298338013-0,9700154000,6b3357d7-8b5b-4068-944b-8abb2b0458ff,3895086,29,2.4166666666666665,6222111188,3895086:6b3357d7-8b5b-4068-944b-8abb2b0458ff,1,False
concurrency_n20_20260612_220524_redis_feed14_rep1,redis,sb:events:n20:feed14:rep1,1781298338018-0,9701465700,263393dd-6b86-4b3d-b4d4-08e19a071251,3895134,29,2.4166666666666665,6222111188,3895134:263393dd-6b86-4b3d-b4d4-08e19a071251,1,False
concurrency_n20_20260612_220524_redis_feed14_rep1,redis,sb:events:n20:feed14:rep1,1781298338022-0,9702228100,8ecf55aa-b2b4-4325-87ae-b9773d146ca4,3895086,29,2.4166666666666665,6222111188,3895086:8ecf55aa-b2b4-4325-87ae-b9773d146ca4,1,False
concurrency_n20_20260612_220524_redis_feed14_rep1,redis,sb:events:n20:feed14:rep1,1781298338023-0,9702941900,dcdc9caf-542f-4fed-b166-7702a8293952,3895086,29,2.4166666666666665,6222111188,3895086:dcdc9caf-542f-4fed-b166-7702a8293952,1,False
concurrency_n20_20260612_220524_redis_feed14_rep1,redis,sb:events:n20:feed14:rep1,1781298338024-0,9705388500,ae5bee75-9e2e-4cae-8851-9bc9f0cc7b5a,3895095,29,2.4166666666666665,6222111188,3895095:ae5bee75-9e2e-4cae-8851-9bc9f0cc7b5a,1,False
concurrency_n20_20260612_220524_redis_feed14_rep1,redis,sb:events:n20:feed14:rep1,1781298338025-0,9711038800,aa1a96f4-8527-46a3-acd2-83312ccc9a0e,3895095,29,2.4166666666666665,6222111188,3895095:aa1a96f4-8527-46a3-acd2-83312ccc9a0e,1,False
concurrency_n20_20260612_220524_redis_feed14_rep1,redis,sb:events:n20:feed14:rep1,1781298338026-0,9712072000,ee3252c0-e79b-495e-ae80-583351179971,3895113,29,2.4166666666666665,6222111188,3895113:ee3252c0-e79b-495e-ae80-583351179971,1,False
concurrency_n20_20260612_220524_redis_feed14_rep1,redis,sb:events:n20:feed14:rep1,1781298338028-0,9713049100,19f46068-5944-4812-bfac-1e1aa46413fb,3895113,29,2.4166666666666665,6222111188,3895113:19f46068-5944-4812-bfac-1e1aa46413fb,1,False
concurrency_n20_20260612_220524_redis_feed14_rep1,redis,sb:events:n20:feed14:rep1,1781298338029-0,9715056000,914c3940-48b4-4246-bd08-2b34e8349649,3895052,29,2.4166666666666665,6222111188,3895052:914c3940-48b4-4246-bd08-2b34e8349649,1,False
concurrency_n20_20260612_220524_redis_feed14_rep1,redis,sb:events:n20:feed14:rep1,1781298338030-0,9716499500,45e61b15-c483-49fa-8a40-525424f6f0fd,3895107,29,2.4166666666666665,6222111188,3895107:45e61b15-c483-49fa-8a40-525424f6f0fd,1,False
concurrency_n20_20260612_220524_redis_feed14_rep1,redis,sb:events:n20:feed14:rep1,1781298338031-0,9717489100,15787cdd-9935-4bff-b68c-760a497af7cc,3895107,29,2.4166666666666665,6222111188,3895107:15787cdd-9935-4bff-b68c-760a497af7cc,1,False
concurrency_n20_20260612_220524_redis_feed14_rep1,redis,sb:events:n20:feed14:rep1,1781298338032-0,9718387900,71b87a61-6e42-47b4-b6be-ca855a10d871,3895074,30,2.5,6222805633,3895074:71b87a61-6e42-47b4-b6be-ca855a10d871,1,False
concurrency_n20_20260612_220524_redis_feed14_rep1,redis,sb:events:n20:feed14:rep1,1781298338038-0,9721085000,627a9ff5-4a44-4ca1-a183-ed241303d231,3895074,30,2.5,6222805633,3895074:627a9ff5-4a44-4ca1-a183-ed241303d231,1,False
concurrency_n20_20260612_220524_redis_feed14_rep1,redis,sb:events:n20:feed14:rep1,1781298338040-0,9725862700,0eb76ef4-ed2e-4a58-b18f-6a3f6722f9e1,3895074,30,2.5,6222805633,3895074:0eb76ef4-ed2e-4a58-b18f-6a3f6722f9e1,1,False
concurrency_n20_20260612_220524_redis_feed14_rep1,redis,sb:events:n20:feed14:rep1,1781298338042-0,9727064800,9351a75c-1c91-4205-b38c-4875eb4ab288,3895134,30,2.5,6222805633,3895134:9351a75c-1c91-4205-b38c-4875eb4ab288,1,False
concurrency_n20_20260612_220524_redis_feed14_rep1,redis,sb:events:n20:feed14:rep1,1781298338044-0,9727971800,b1ebe5e7-8980-4421-b068-c1b1a36c650d,3895134,30,2.5,6222805633,3895134:b1ebe5e7-8980-4421-b068-c1b1a36c650d,1,False
concurrency_n20_20260612_220524_redis_feed14_rep1,redis,sb:events:n20:feed14:rep1,1781298338046-0,9729231000,f1851ae9-876d-42a8-8c1c-9d39b58512ef,3895134,30,2.5,6222805633,3895134:f1851ae9-876d-42a8-8c1c-9d39b58512ef,1,False
concurrency_n20_20260612_220524_redis_feed14_rep1,redis,sb:events:n20:feed14:rep1,1781298338047-0,9730328700,296e5f1d-e535-4774-b97f-5a38164d4b8f,3895095,30,2.5,6222805633,3895095:296e5f1d-e535-4774-b97f-5a38164d4b8f,1,False
