run_id,backend,topic,event_id,match_id,t_sim_seconds,t_cons_recv_ns,t_output_ns
concurrency_n20_20260612_220524_kafka_feed12_rep1,kafka,sb-events-n20-feed12-rep1,69bb4fa7-f177-49a8-9b19-7c01cd9d9a9c,3895052,0,4937039500,4937039800
concurrency_n20_20260612_220524_kafka_feed12_rep1,kafka,sb-events-n20-feed12-rep1,207c41be-4905-457d-af38-e356b67981de,3895060,0,4946873100,4946873600
concurrency_n20_20260612_220524_kafka_feed12_rep1,kafka,sb-events-n20-feed12-rep1,7eb000ee-2ef0-462a-bd57-e4320f459c68,3895067,0,4957321300,4957321600
concurrency_n20_20260612_220524_kafka_feed12_rep1,kafka,sb-events-n20-feed12-rep1,664c81bb-315d-4de4-86d5-f326eebf0684,3895074,0,4966504900,4966505200
concurrency_n20_20260612_220524_kafka_feed12_rep1,kafka,sb-events-n20-feed12-rep1,6c9ebdf9-117f-4a31-8b52-ebcf3c35d0c6,3895086,0,4973566900,4973567100
concurrency_n20_20260612_220524_kafka_feed12_rep1,kafka,sb-events-n20-feed12-rep1,9103cd62-6a36-40c6-9f80-ab1f6d258133,3895095,0,4983133200,4983133500
concurrency_n20_20260612_220524_kafka_feed12_rep1,kafka,sb-events-n20-feed12-rep1,84fbca7e-c79e-4f67-8026-4c9578366292,3895107,0,4992217700,4992218000
concurrency_n20_20260612_220524_kafka_feed12_rep1,kafka,sb-events-n20-feed12-rep1,ea1e6876-4179-4750-8231-55c3d6ec8001,3895113,0,5002911100,5002911500
concurrency_n20_20260612_220524_kafka_feed12_rep1,kafka,sb-events-n20-feed12-rep1,16d29511-a5c7-4a18-a4b4-d40571e69bd4,3895121,0,5010817800,5010818300
concurrency_n20_20260612_220524_kafka_feed12_rep1,kafka,sb-events-n20-feed12-rep1,7f498384-e379-41b8-bdd2-8bf16412e8cc,3895134,0,5017772800,5017773100
concurrency_n20_20260612_220524_kafka_feed12_rep1,kafka,sb-events-n20-feed12-rep1,9790a466-9c56-42aa-96aa-a9ad1a6f8811,3895052,0,5023237700,5023238000
concurrency_n20_20260612_220524_kafka_feed12_rep1,kafka,sb-events-n20-feed12-rep1,fefef503-f3cc-4d41-9b3f-9ddc57b6a93b,3895060,0,5031152700,5031153000
concurrency_n20_20260612_220524_kafka_feed12_rep1,kafka,sb-events-n20-feed12-rep1,d593adb3-8980-46f6-b384-4a91f4ec01ba,3895067,0,5035476000,5035476300
concurrency_n20_20260612_220524_kafka_feed12_rep1,kafka,sb-events-n20-feed12-rep1,3dd463f6-b445-407d-8120-bf6aeab35526,3895074,0,5051308900,5051309200
concurrency_n20_20260612_220524_kafka_feed12_rep1,kafka,sb-events-n20-feed12-rep1,6755b1ac-4f37-4c35-b1ef-181d68375e7d,3895086,0,5062544800,5062545100
concurrency_n20_20260612_220524_kafka_feed12_rep1,kafka,sb-events-n20-feed12-rep1,73376ffb-3f9f-4570-9b3e-c51d44315ef3,3895095,0,5065763900,5065764200
concurrency_n20_20260612_220524_kafka_feed12_rep1,kafka,sb-events-n20-feed12-rep1,b4bd630b-4e82-4f31-8947-17beb238dc5a,3895107,0,5072723800,5072724200
concurrency_n20_20260612_220524_kafka_feed12_rep1,kafka,sb-events-n20-feed12-rep1,a88295ad-33e8-4427-872c-eba006d8a0ef,3895113,0,5077231900,5077232200
concurrency_n20_20260612_220524_kafka_feed12_rep1,kafka,sb-events-n20-feed12-rep1,27cf4ae2-0319-4fc6-9ace-9f960bb0e4e6,3895121,0,5084072100,5084072400
concurrency_n20_20260612_220524_kafka_feed12_rep1,kafka,sb-events-n20-feed12-rep1,4af6d17a-69ad-4bca-aece-f3be76c10138,3895134,0,5092898600,5092898900
concurrency_n20_20260612_220524_kafka_feed12_rep1,kafka,sb-events-n20-feed12-rep1,c6762724-3ad0-4ed1-b232-7f32ac192ec6,3895052,0,5100886900,5100887300
concurrency_n20_20260612_220524_kafka_feed12_rep1,kafka,sb-events-n20-feed12-rep1,2f46ad65-50a4-4834-9bd9-86a61f034234,3895060,0,5112108100,5112108300
concurrency_n20_20260612_220524_kafka_feed12_rep1,kafka,sb-events-n20-feed12-rep1,a40403c7-74d7-45e6-ba91-5ebd6c313d8e,3895067,0,5119187500,5119187700
concurrency_n20_20260612_220524_kafka_feed12_rep1,kafka,sb-events-n20-feed12-rep1,77f9b3e5-e0e4-4032-8228-089aa0dd578b,3895074,0,5124153100,5124153400
concurrency_n20_20260612_220524_kafka_feed12_rep1,kafka,sb-events-n20-feed12-rep1,8b3af8ba-e26c-40b0-8278-c3e4c7a925f8,3895086,0,5127424800,5127425200
concurrency_n20_20260612_220524_kafka_feed12_rep1,kafka,sb-events-n20-feed12-rep1,52a1e2ea-5b27-4cb1-9204-865583191956,3895095,0,5131631900,5131632200
concurrency_n20_20260612_220524_kafka_feed12_rep1,kafka,sb-events-n20-feed12-rep1,6810c39c-8726-412f-b831-62dfec867465,3895107,0,5139234600,5139235000
concurrency_n20_20260612_220524_kafka_feed12_rep1,kafka,sb-events-n20-feed12-rep1,6d6ab3f4-8136-407c-a92f-3f8a6549abdd,3895113,0,5142862100,5142862500
concurrency_n20_20260612_220524_kafka_feed12_rep1,kafka,sb-events-n20-feed12-rep1,92e52894-484a-48de-8051-469ea23d6aaa,3895121,0,5149741400,5149741700
concurrency_n20_20260612_220524_kafka_feed12_rep1,kafka,sb-events-n20-feed12-rep1,a281da9d-e3f4-43f1-ac2e-f46bbd04fed0,3895134,0,5156343200,5156343700
concurrency_n20_20260612_220524_kafka_feed12_rep1,kafka,sb-events-n20-feed12-rep1,ba22283a-c920-448c-804e-3737cccd9fff,3895052,0,5161786600,5161787100
concurrency_n20_20260612_220524_kafka_feed12_rep1,kafka,sb-events-n20-feed12-rep1,3b3a42a2-e2a1-49f8-9b77-5ec638303a06,3895060,0,5166258800,5166259200
concurrency_n20_20260612_220524_kafka_feed12_rep1,kafka,sb-events-n20-feed12-rep1,fae27a68-42f4-44cf-8fc0-8d4126407ae3,3895067,0,5172557700,5172557900
concurrency_n20_20260612_220524_kafka_feed12_rep1,kafka,sb-events-n20-feed12-rep1,e627413d-5de5-402a-9bb3-90c4cd3b65ec,3895074,0,5178766300,5178766600
concurrency_n20_20260612_220524_kafka_feed12_rep1,kafka,sb-events-n20-feed12-rep1,b795eae8-ba56-4343-8662-92a8da669bc5,3895086,0,5186906000,5186906300
concurrency_n20_20260612_220524_kafka_feed12_rep1,kafka,sb-events-n20-feed12-rep1,a7102458-910f-4583-b653-e3165351e124,3895095,0,5193376900,5193377300
concurrency_n20_20260612_220524_kafka_feed12_rep1,kafka,sb-events-n20-feed12-rep1,a549d56e-c626-419f-9244-ad813ec8e559,3895107,0,5199101500,5199101800
concurrency_n20_20260612_220524_kafka_feed12_rep1,kafka,sb-events-n20-feed12-rep1,51a7253e-31ed-49f5-9494-f5ab0d2ee039,3895113,0,5205675400,5205675700
concurrency_n20_20260612_220524_kafka_feed12_rep1,kafka,sb-events-n20-feed12-rep1,d16c061b-99fe-4266-ad73-d7f9c73482b0,3895121,0,5211954800,5211955200
concurrency_n20_20260612_220524_kafka_feed12_rep1,kafka,sb-events-n20-feed12-rep1,6d5e4ad7-9dd8-428b-97f9-5eee0ee14c17,3895134,0,5219065600,5219066000
concurrency_n20_20260612_220524_kafka_feed12_rep1,kafka,sb-events-n20-feed12-rep1,9a50295b-7f7a-449c-9ef3-87e60467e8e1,3895052,0,5225762000,5225762300
concurrency_n20_20260612_220524_kafka_feed12_rep1,kafka,sb-events-n20-feed12-rep1,69bdfb9b-ba46-41c8-814a-98f0a43c6501,3895060,0,5229751300,5229751700
concurrency_n20_20260612_220524_kafka_feed12_rep1,kafka,sb-events-n20-feed12-rep1,ad010a23-88fe-43af-8b5c-8cd1772842ac,3895067,0,5236772400,5236772700
concurrency_n20_20260612_220524_kafka_feed12_rep1,kafka,sb-events-n20-feed12-rep1,16252ec8-ab09-4119-bcf6-7fd6524f9128,3895074,0,5243967100,5243967400
concurrency_n20_20260612_220524_kafka_feed12_rep1,kafka,sb-events-n20-feed12-rep1,3aee3cdf-be11-4ee6-b4bb-828cb4edbe36,3895086,0,5249477100,5249477400
concurrency_n20_20260612_220524_kafka_feed12_rep1,kafka,sb-events-n20-feed12-rep1,4a13ba2d-59ad-43d3-b567-6aee81422367,3895095,0,5255602600,5255603000
concurrency_n20_20260612_220524_kafka_feed12_rep1,kafka,sb-events-n20-feed12-rep1,cc3b6a56-e194-4ce6-901d-a4f84177e81b,3895107,0,5261069600,5261070000
concurrency_n20_20260612_220524_kafka_feed12_rep1,kafka,sb-events-n20-feed12-rep1,ac5aac4c-5a0e-44c2-97ca-ec38bdb05917,3895113,0,5265919700,5265920000
concurrency_n20_20260612_220524_kafka_feed12_rep1,kafka,sb-events-n20-feed12-rep1,1cdd596e-bf1f-4096-848a-a2a5db4fd313,3895121,0,5272482900,5272483400
concurrency_n20_20260612_220524_kafka_feed12_rep1,kafka,sb-events-n20-feed12-rep1,1bed9ec9-1af9-4570-a620-8aab3469a6dd,3895134,0,5278142000,5278142300
concurrency_n20_20260612_220524_kafka_feed12_rep1,kafka,sb-events-n20-feed12-rep1,e03021cc-80c5-4ac6-909e-903dca845ee3,3895107,0,5284762700,5284763000
concurrency_n20_20260612_220524_kafka_feed12_rep1,kafka,sb-events-n20-feed12-rep1,f3dfb8ef-6678-493f-bbce-99f9678b7f75,3895107,0,5290566400,5290566700
concurrency_n20_20260612_220524_kafka_feed12_rep1,kafka,sb-events-n20-feed12-rep1,17c0df03-219a-4603-befe-8cd2f58d6d47,3895052,1,5295730700,5295731000
concurrency_n20_20260612_220524_kafka_feed12_rep1,kafka,sb-events-n20-feed12-rep1,b306ec30-5755-4017-861a-670617955a41,3895074,1,5301552200,5301552500
concurrency_n20_20260612_220524_kafka_feed12_rep1,kafka,sb-events-n20-feed12-rep1,6c4c62f2-7d95-4094-a714-50c0161ee2e6,3895052,1,5308362700,5308363000
concurrency_n20_20260612_220524_kafka_feed12_rep1,kafka,sb-events-n20-feed12-rep1,2b7eff06-8d56-4f2c-bab1-076d4077ed10,3895074,1,5312370500,5312370800
concurrency_n20_20260612_220524_kafka_feed12_rep1,kafka,sb-events-n20-feed12-rep1,8d4e66c1-7ddb-4e75-b89f-bdb0592be264,3895107,1,5319166300,5319166600
concurrency_n20_20260612_220524_kafka_feed12_rep1,kafka,sb-events-n20-feed12-rep1,ceaa47dd-e3bf-4016-ade0-ed3d54afe971,3895060,2,5324878600,5324878900
concurrency_n20_20260612_220524_kafka_feed12_rep1,kafka,sb-events-n20-feed12-rep1,0e2c9eac-6504-4dae-9939-5f2920e7102d,3895067,2,5331848700,5331849000
concurrency_n20_20260612_220524_kafka_feed12_rep1,kafka,sb-events-n20-feed12-rep1,40f9b6ab-32ab-47e8-8b92-9b97e90d4c4f,3895086,2,5343095000,5343095300
concurrency_n20_20260612_220524_kafka_feed12_rep1,kafka,sb-events-n20-feed12-rep1,f69d0d63-6ad0-41ea-bcec-f1b86b886a83,3895095,2,5351607000,5351607300
concurrency_n20_20260612_220524_kafka_feed12_rep1,kafka,sb-events-n20-feed12-rep1,d54cc444-c9f7-4e31-820a-28e0ad5d8ec4,3895113,2,5357581900,5357582200
concurrency_n20_20260612_220524_kafka_feed12_rep1,kafka,sb-events-n20-feed12-rep1,f8442e6f-3919-46bc-848a-5f545627cf82,3895121,2,5370022900,5370023200
concurrency_n20_20260612_220524_kafka_feed12_rep1,kafka,sb-events-n20-feed12-rep1,50dad646-a7c1-450b-8a63-2e2fd90b3cd1,3895134,2,5371983800,5371984100
concurrency_n20_20260612_220524_kafka_feed12_rep1,kafka,sb-events-n20-feed12-rep1,70432a35-52ff-429b-8a11-c47bba8fab19,3895060,2,5374025100,5374025400
concurrency_n20_20260612_220524_kafka_feed12_rep1,kafka,sb-events-n20-feed12-rep1,c04183cf-75d8-42b0-91fd-4a026dba10b4,3895067,2,5381700100,5381700500
concurrency_n20_20260612_220524_kafka_feed12_rep1,kafka,sb-events-n20-feed12-rep1,55321383-ae1f-407e-8f20-2524fd16d04a,3895086,2,5387265800,5387266000
concurrency_n20_20260612_220524_kafka_feed12_rep1,kafka,sb-events-n20-feed12-rep1,285e8e4a-7c84-4ca1-9688-d8b56d623cc2,3895095,2,5391940000,5391940500
concurrency_n20_20260612_220524_kafka_feed12_rep1,kafka,sb-events-n20-feed12-rep1,eb3fde27-a34b-42be-b262-d329e138fff2,3895113,2,5398224600,5398224900
concurrency_n20_20260612_220524_kafka_feed12_rep1,kafka,sb-events-n20-feed12-rep1,f296523f-5c17-4d25-8371-f7142523a057,3895121,2,5402928000,5402928300
concurrency_n20_20260612_220524_kafka_feed12_rep1,kafka,sb-events-n20-feed12-rep1,b293256b-d885-4135-98ca-8ecf12f9e5a6,3895134,2,5409082400,5409082700
concurrency_n20_20260612_220524_kafka_feed12_rep1,kafka,sb-events-n20-feed12-rep1,d6b118e9-dee4-4f3a-9046-2a086e85ca6b,3895074,2,5415412700,5415413200
concurrency_n20_20260612_220524_kafka_feed12_rep1,kafka,sb-events-n20-feed12-rep1,6acfcb07-7343-4821-aa28-a91f66140043,3895134,2,5422372200,5422372400
concurrency_n20_20260612_220524_kafka_feed12_rep1,kafka,sb-events-n20-feed12-rep1,080124d4-8c99-46a5-aaf3-9a935ccd1248,3895107,2,5431909300,5431909600
concurrency_n20_20260612_220524_kafka_feed12_rep1,kafka,sb-events-n20-feed12-rep1,f9a9b240-dc0d-49e8-b72a-ec081b4c2bf3,3895107,2,5435856600,5435857000
concurrency_n20_20260612_220524_kafka_feed12_rep1,kafka,sb-events-n20-feed12-rep1,e5f7cd6e-b6e9-4538-96f5-380ee1534325,3895107,2,5439473400,5439473800
concurrency_n20_20260612_220524_kafka_feed12_rep1,kafka,sb-events-n20-feed12-rep1,15bf07b2-c5b7-4074-8693-1d9e4a5b7153,3895052,3,5446580200,5446580600
concurrency_n20_20260612_220524_kafka_feed12_rep1,kafka,sb-events-n20-feed12-rep1,748f1afc-2300-4252-bc9b-f161b5e7c6ef,3895060,3,5451577900,5451578200
concurrency_n20_20260612_220524_kafka_feed12_rep1,kafka,sb-events-n20-feed12-rep1,28f3d343-a6db-4854-bae5-f3390857e90c,3895086,3,5462178000,5462178300
concurrency_n20_20260612_220524_kafka_feed12_rep1,kafka,sb-events-n20-feed12-rep1,494d25f1-83d3-4375-aa5c-29dfd26dfebd,3895095,3,5466532000,5466532300
concurrency_n20_20260612_220524_kafka_feed12_rep1,kafka,sb-events-n20-feed12-rep1,c5fa6ce0-df8d-42a2-8bdd-601d167d5ec1,3895121,3,5473058500,5473058700
concurrency_n20_20260612_220524_kafka_feed12_rep1,kafka,sb-events-n20-feed12-rep1,3c689040-9b59-4fad-8456-48b2ec8a2058,3895052,3,5483127700,5483128100
concurrency_n20_20260612_220524_kafka_feed12_rep1,kafka,sb-events-n20-feed12-rep1,c5dd24ba-9256-48e3-b852-121bc71914e3,3895107,3,5489959500,5489959900
concurrency_n20_20260612_220524_kafka_feed12_rep1,kafka,sb-events-n20-feed12-rep1,3114849f-6506-405c-bb4d-71ba30905d5e,3895107,3,5496341600,5496342200
concurrency_n20_20260612_220524_kafka_feed12_rep1,kafka,sb-events-n20-feed12-rep1,042f1fd2-3cd4-439a-97c4-9275f435f098,3895113,4,5503041600,5503041900
concurrency_n20_20260612_220524_kafka_feed12_rep1,kafka,sb-events-n20-feed12-rep1,4f14f36d-c3c1-45d5-9c94-a65f9489d40f,3895074,4,5510506900,5510507300
concurrency_n20_20260612_220524_kafka_feed12_rep1,kafka,sb-events-n20-feed12-rep1,980abd18-b5d2-49cd-b110-7f534fd23dfc,3895095,4,5517412800,5517413100
concurrency_n20_20260612_220524_kafka_feed12_rep1,kafka,sb-events-n20-feed12-rep1,0195cc34-10dc-41e9-ada9-e853f9c16f02,3895134,4,5532768400,5532768700
concurrency_n20_20260612_220524_kafka_feed12_rep1,kafka,sb-events-n20-feed12-rep1,88661240-834a-430d-8629-b37b64dbcddc,3895052,4,5537695100,5537695500
concurrency_n20_20260612_220524_kafka_feed12_rep1,kafka,sb-events-n20-feed12-rep1,2256b8d2-0b23-4080-9849-1553d0135c73,3895074,4,5541839500,5541839900
concurrency_n20_20260612_220524_kafka_feed12_rep1,kafka,sb-events-n20-feed12-rep1,df085776-1a71-4f2d-9b9a-d385914ac874,3895095,4,5549707500,5549707800
concurrency_n20_20260612_220524_kafka_feed12_rep1,kafka,sb-events-n20-feed12-rep1,5342ea84-0732-454a-9551-8bc9fbe70d05,3895134,4,5556171900,5556172200
concurrency_n20_20260612_220524_kafka_feed12_rep1,kafka,sb-events-n20-feed12-rep1,b8c2ef59-5a72-4382-8d37-ef532f1ba623,3895107,4,5560547700,5560548100
concurrency_n20_20260612_220524_kafka_feed12_rep1,kafka,sb-events-n20-feed12-rep1,aabb516d-6ede-4543-9394-967c0499af8a,3895067,5,5564811100,5564811700
concurrency_n20_20260612_220524_kafka_feed12_rep1,kafka,sb-events-n20-feed12-rep1,c93d7723-7a1c-4be8-97e1-0babb1be6f11,3895113,5,5570383800,5570384100
concurrency_n20_20260612_220524_kafka_feed12_rep1,kafka,sb-events-n20-feed12-rep1,3cb0c74e-75be-431c-917f-011efc184fdb,3895113,5,5577744000,5577744400
concurrency_n20_20260612_220524_kafka_feed12_rep1,kafka,sb-events-n20-feed12-rep1,3d52c020-9bad-49c3-8ae7-05c40e223268,3895113,5,5583543600,5583543900
concurrency_n20_20260612_220524_kafka_feed12_rep1,kafka,sb-events-n20-feed12-rep1,c744951c-c660-4c83-8083-049bf85c8cbd,3895060,6,5589466400,5589467600
concurrency_n20_20260612_220524_kafka_feed12_rep1,kafka,sb-events-n20-feed12-rep1,39ec53e3-9bd4-4411-814d-6e1ede254aac,3895086,6,5594237000,5594237200
concurrency_n20_20260612_220524_kafka_feed12_rep1,kafka,sb-events-n20-feed12-rep1,33fdf203-b847-4fa5-9021-5f1875717796,3895060,6,5601232700,5601233100
concurrency_n20_20260612_220524_kafka_feed12_rep1,kafka,sb-events-n20-feed12-rep1,98e575e4-0886-40e5-96a8-9c9f857ebcc1,3895052,6,5606262400,5606262700
concurrency_n20_20260612_220524_kafka_feed12_rep1,kafka,sb-events-n20-feed12-rep1,d4683bb7-cdad-4a7d-9851-743212fba939,3895074,6,5611949500,5611949800
concurrency_n20_20260612_220524_kafka_feed12_rep1,kafka,sb-events-n20-feed12-rep1,f019df08-0da5-48d9-a838-1da35f369c3c,3895052,6,5619190200,5619190500
concurrency_n20_20260612_220524_kafka_feed12_rep1,kafka,sb-events-n20-feed12-rep1,e8a7f299-6faa-4914-bcdf-2e44131ed85c,3895107,6,5632650200,5632650400
concurrency_n20_20260612_220524_kafka_feed12_rep1,kafka,sb-events-n20-feed12-rep1,7ddab21c-8faf-4fbc-a290-a2cdb40b7df7,3895107,6,5642711700,5642712000
concurrency_n20_20260612_220524_kafka_feed12_rep1,kafka,sb-events-n20-feed12-rep1,d6006eb1-3ef6-4955-a47a-7b2b9192b522,3895121,7,5646915200,5646915500
concurrency_n20_20260612_220524_kafka_feed12_rep1,kafka,sb-events-n20-feed12-rep1,d87f4aa7-4a9b-4319-8dd9-c5426dc81e34,3895121,7,5651623100,5651623500
concurrency_n20_20260612_220524_kafka_feed12_rep1,kafka,sb-events-n20-feed12-rep1,a88a8b7b-dab2-4a21-a85b-580af51a83d1,3895095,7,5658893900,5658894300
concurrency_n20_20260612_220524_kafka_feed12_rep1,kafka,sb-events-n20-feed12-rep1,a0313cd5-9822-48bf-8ca6-3c92789a7474,3895121,7,5664990800,5664991500
concurrency_n20_20260612_220524_kafka_feed12_rep1,kafka,sb-events-n20-feed12-rep1,39fe9846-f889-4790-956c-d8df633e77d5,3895074,7,5672638000,5672638200
concurrency_n20_20260612_220524_kafka_feed12_rep1,kafka,sb-events-n20-feed12-rep1,ff2841c0-d955-494b-a7a9-ac8bbb82ad73,3895113,7,5679887000,5679887300
concurrency_n20_20260612_220524_kafka_feed12_rep1,kafka,sb-events-n20-feed12-rep1,5550d825-5f3b-41f6-bba0-d4cf66c1438e,3895074,7,5684048400,5684048700
concurrency_n20_20260612_220524_kafka_feed12_rep1,kafka,sb-events-n20-feed12-rep1,5af66cb7-f6a6-47cb-a57d-696dcdbe6716,3895113,7,5688308600,5688308900
concurrency_n20_20260612_220524_kafka_feed12_rep1,kafka,sb-events-n20-feed12-rep1,e8aa6b61-931b-4bf8-b329-cb66ffbd4313,3895074,7,5694366900,5694367300
concurrency_n20_20260612_220524_kafka_feed12_rep1,kafka,sb-events-n20-feed12-rep1,45ee08ea-fdab-4a8e-8114-f0dec4a5e815,3895113,7,5699537700,5699538100
concurrency_n20_20260612_220524_kafka_feed12_rep1,kafka,sb-events-n20-feed12-rep1,b2d11f7f-8c0d-4533-b2a3-843e981238ad,3895067,8,5704223700,5704223900
concurrency_n20_20260612_220524_kafka_feed12_rep1,kafka,sb-events-n20-feed12-rep1,320e0bbb-8e37-429c-aa29-d58d9ae85075,3895067,8,5709674600,5709674900
concurrency_n20_20260612_220524_kafka_feed12_rep1,kafka,sb-events-n20-feed12-rep1,1739877d-1a9a-45a1-a72d-189cd19ce825,3895060,8,5715693900,5715694300
concurrency_n20_20260612_220524_kafka_feed12_rep1,kafka,sb-events-n20-feed12-rep1,2da5d3ff-deec-4d16-b866-8a7d1fbb93e9,3895060,8,5721275800,5721276000
concurrency_n20_20260612_220524_kafka_feed12_rep1,kafka,sb-events-n20-feed12-rep1,71c80fb5-ad88-4f1a-a7d4-fd63ed429bcd,3895095,8,5723865800,5723866100
concurrency_n20_20260612_220524_kafka_feed12_rep1,kafka,sb-events-n20-feed12-rep1,d8ec2ac3-0202-455a-8a5d-255e1e4cc473,3895121,8,5729312100,5729312600
concurrency_n20_20260612_220524_kafka_feed12_rep1,kafka,sb-events-n20-feed12-rep1,1d75ee1b-f1e8-43ab-a31d-cc0805acd5e2,3895052,8,5734604400,5734604700
concurrency_n20_20260612_220524_kafka_feed12_rep1,kafka,sb-events-n20-feed12-rep1,cc3655de-3632-4a2c-8a22-d670144485db,3895095,8,5744870900,5744871200
concurrency_n20_20260612_220524_kafka_feed12_rep1,kafka,sb-events-n20-feed12-rep1,38932aa9-ad68-4202-bc2b-cca968001831,3895113,8,5749062400,5749062700
concurrency_n20_20260612_220524_kafka_feed12_rep1,kafka,sb-events-n20-feed12-rep1,5ff692af-8337-40bf-bf94-3357c44a9765,3895113,8,5756069900,5756070100
concurrency_n20_20260612_220524_kafka_feed12_rep1,kafka,sb-events-n20-feed12-rep1,dd059ddd-697b-4957-a691-f20eec306ea5,3895121,9,5760400200,5760400600
concurrency_n20_20260612_220524_kafka_feed12_rep1,kafka,sb-events-n20-feed12-rep1,8f1fbe41-034b-43eb-9585-edbb0aadb7ba,3895052,9,5763991200,5763991500
concurrency_n20_20260612_220524_kafka_feed12_rep1,kafka,sb-events-n20-feed12-rep1,99c1964f-2b9c-4442-b485-f7e6ce554c84,3895095,9,5768905600,5768906000
concurrency_n20_20260612_220524_kafka_feed12_rep1,kafka,sb-events-n20-feed12-rep1,629bf2a1-ed9d-4d49-a2d8-cfd7a59e6e3e,3895121,9,5776127100,5776127400
concurrency_n20_20260612_220524_kafka_feed12_rep1,kafka,sb-events-n20-feed12-rep1,4127d02c-6da9-47dc-b26f-40da7d121a92,3895052,9,5787377500,5787377900
concurrency_n20_20260612_220524_kafka_feed12_rep1,kafka,sb-events-n20-feed12-rep1,9d075ad4-9f9f-4e6f-a093-5919a1a920b3,3895074,9,5792861600,5792861900
concurrency_n20_20260612_220524_kafka_feed12_rep1,kafka,sb-events-n20-feed12-rep1,0427f1ec-ddae-4698-ab55-cc0403e01b74,3895095,9,5797926300,5797926600
concurrency_n20_20260612_220524_kafka_feed12_rep1,kafka,sb-events-n20-feed12-rep1,43c3670a-83aa-427e-b4db-68d69ea6f60a,3895074,9,5802484300,5802484900
concurrency_n20_20260612_220524_kafka_feed12_rep1,kafka,sb-events-n20-feed12-rep1,31528025-7c8a-4a3c-abf4-a6b496204f3f,3895074,9,5811598300,5811598600
concurrency_n20_20260612_220524_kafka_feed12_rep1,kafka,sb-events-n20-feed12-rep1,08b17ce3-0fb5-45ee-b37f-1dff007b694a,3895067,10,5816384200,5816384500
concurrency_n20_20260612_220524_kafka_feed12_rep1,kafka,sb-events-n20-feed12-rep1,174d1bd5-23b1-403b-b417-fc59eab9339c,3895134,10,5822926200,5822926500
concurrency_n20_20260612_220524_kafka_feed12_rep1,kafka,sb-events-n20-feed12-rep1,7cba4468-f2eb-4352-94e8-2474e078f085,3895067,10,5832336300,5832336600
concurrency_n20_20260612_220524_kafka_feed12_rep1,kafka,sb-events-n20-feed12-rep1,7604592e-b68b-4f0b-a7ff-eca7a0e2440b,3895134,10,5836823900,5836824200
concurrency_n20_20260612_220524_kafka_feed12_rep1,kafka,sb-events-n20-feed12-rep1,ed38d77f-8234-4921-88d2-52ae89331fc2,3895060,10,5841828100,5841828300
concurrency_n20_20260612_220524_kafka_feed12_rep1,kafka,sb-events-n20-feed12-rep1,3a82e4ae-0527-4391-a6c1-23c5e4ace661,3895067,10,5849627900,5849628500
concurrency_n20_20260612_220524_kafka_feed12_rep1,kafka,sb-events-n20-feed12-rep1,55773380-38a7-49a4-b73a-a688f19444c1,3895134,10,5852974200,5852974500
concurrency_n20_20260612_220524_kafka_feed12_rep1,kafka,sb-events-n20-feed12-rep1,7aa7a387-f694-48d3-9239-56af7324dae2,3895060,10,5856972600,5856972900
concurrency_n20_20260612_220524_kafka_feed12_rep1,kafka,sb-events-n20-feed12-rep1,74e102e0-b7bc-4d69-a21b-fe814eb02b6e,3895134,10,5862658300,5862658800
concurrency_n20_20260612_220524_kafka_feed12_rep1,kafka,sb-events-n20-feed12-rep1,2fdcfc97-4f53-46be-ae4a-a5b67c508cf9,3895121,10,5870511700,5870512100
concurrency_n20_20260612_220524_kafka_feed12_rep1,kafka,sb-events-n20-feed12-rep1,897c5f7a-b611-400d-a4bd-546cbba4e897,3895134,10,5875404700,5875405100
concurrency_n20_20260612_220524_kafka_feed12_rep1,kafka,sb-events-n20-feed12-rep1,fac6763f-5f80-4b02-94e3-799bd452abc8,3895113,10,5889446100,5889446400
concurrency_n20_20260612_220524_kafka_feed12_rep1,kafka,sb-events-n20-feed12-rep1,d5a131da-001e-451d-94a2-16c8fddf1ae0,3895086,11,5892287600,5892287900
concurrency_n20_20260612_220524_kafka_feed12_rep1,kafka,sb-events-n20-feed12-rep1,43134fef-e6aa-4650-9198-9da79f955c83,3895067,11,5895246000,5895246400
concurrency_n20_20260612_220524_kafka_feed12_rep1,kafka,sb-events-n20-feed12-rep1,b767f8cf-4d2d-45c2-befd-2acd1c356621,3895060,11,5899415400,5899415700
concurrency_n20_20260612_220524_kafka_feed12_rep1,kafka,sb-events-n20-feed12-rep1,e62a0339-6478-4758-9dda-9c3a672cda2b,3895067,11,5905759200,5905759500
concurrency_n20_20260612_220524_kafka_feed12_rep1,kafka,sb-events-n20-feed12-rep1,6fcdcd6a-f032-47d6-8ab5-40021f4c097d,3895095,11,5909073700,5909074000
concurrency_n20_20260612_220524_kafka_feed12_rep1,kafka,sb-events-n20-feed12-rep1,b2a1e34b-f362-4be7-abc3-7d5015d54850,3895121,11,5913970100,5913970300
concurrency_n20_20260612_220524_kafka_feed12_rep1,kafka,sb-events-n20-feed12-rep1,635f9e3a-22a3-4328-aa0d-299e2244750f,3895134,11,5919295900,5919296400
concurrency_n20_20260612_220524_kafka_feed12_rep1,kafka,sb-events-n20-feed12-rep1,523c9836-c56d-469f-a9b2-b2cccef6dab7,3895095,11,5924574200,5924574500
concurrency_n20_20260612_220524_kafka_feed12_rep1,kafka,sb-events-n20-feed12-rep1,480e7b02-6900-48ff-a092-84edfe968c1e,3895121,11,5931015000,5931015300
concurrency_n20_20260612_220524_kafka_feed12_rep1,kafka,sb-events-n20-feed12-rep1,177cc6d8-cc4d-4509-9a20-021f81a25de5,3895134,11,5935137600,5935137900
concurrency_n20_20260612_220524_kafka_feed12_rep1,kafka,sb-events-n20-feed12-rep1,7962ad90-9dc3-435e-b10a-9bbfa62c5d21,3895074,11,5938757600,5938757900
concurrency_n20_20260612_220524_kafka_feed12_rep1,kafka,sb-events-n20-feed12-rep1,429856a9-3da6-4b26-b2c7-bffd25ab0c19,3895113,11,5942129500,5942129700
concurrency_n20_20260612_220524_kafka_feed12_rep1,kafka,sb-events-n20-feed12-rep1,7913f543-9fcd-488e-84d6-8a14f0455694,3895074,11,5947143400,5947143600
concurrency_n20_20260612_220524_kafka_feed12_rep1,kafka,sb-events-n20-feed12-rep1,8847c801-2b00-4bf3-9bb8-88f92ab95fa1,3895074,11,5952128000,5952128200
concurrency_n20_20260612_220524_kafka_feed12_rep1,kafka,sb-events-n20-feed12-rep1,5b924c30-ccff-4008-a917-fda9ba37cba4,3895074,11,5957576200,5957576500
concurrency_n20_20260612_220524_kafka_feed12_rep1,kafka,sb-events-n20-feed12-rep1,1e2eb1e6-7441-4fcb-b532-b7e4ff107657,3895086,12,5961029500,5961029800
concurrency_n20_20260612_220524_kafka_feed12_rep1,kafka,sb-events-n20-feed12-rep1,a03fa6b0-0944-4d90-9881-9d2b47418d86,3895086,12,5965418000,5965418300
concurrency_n20_20260612_220524_kafka_feed12_rep1,kafka,sb-events-n20-feed12-rep1,e7281523-4786-460c-a9a4-c25b2828a783,3895086,12,5969535500,5969535700
concurrency_n20_20260612_220524_kafka_feed12_rep1,kafka,sb-events-n20-feed12-rep1,585a8685-12a2-418f-91a6-4d2a02ad8430,3895052,12,5973046700,5973046900
concurrency_n20_20260612_220524_kafka_feed12_rep1,kafka,sb-events-n20-feed12-rep1,316981db-6e7f-44a0-999e-b56d5da36fd6,3895060,12,5976815200,5976815600
concurrency_n20_20260612_220524_kafka_feed12_rep1,kafka,sb-events-n20-feed12-rep1,86c3a258-b8ca-4ec4-955d-05e4a45f4053,3895067,12,5980112900,5980113100
concurrency_n20_20260612_220524_kafka_feed12_rep1,kafka,sb-events-n20-feed12-rep1,e7b35a27-1240-4696-9680-00347a4fd4ab,3895067,12,5984108500,5984108900
concurrency_n20_20260612_220524_kafka_feed12_rep1,kafka,sb-events-n20-feed12-rep1,66cebf02-2ea6-4c35-a551-862b09130220,3895107,12,5990483500,5990483800
concurrency_n20_20260612_220524_kafka_feed12_rep1,kafka,sb-events-n20-feed12-rep1,817e0fb2-07b1-470b-9ad7-0bba4767e247,3895095,12,5994264500,5994264800
concurrency_n20_20260612_220524_kafka_feed12_rep1,kafka,sb-events-n20-feed12-rep1,5bdb34eb-55f0-4afa-b200-3172dc49c743,3895121,12,5998337200,5998337600
concurrency_n20_20260612_220524_kafka_feed12_rep1,kafka,sb-events-n20-feed12-rep1,01867a27-4aa7-42ac-ab96-6d7f49d8dcb8,3895134,12,6002597900,6002598200
concurrency_n20_20260612_220524_kafka_feed12_rep1,kafka,sb-events-n20-feed12-rep1,ba2de37d-ee65-4feb-a5ea-b54fc0236494,3895113,12,6006064000,6006064300
concurrency_n20_20260612_220524_kafka_feed12_rep1,kafka,sb-events-n20-feed12-rep1,c55ee278-e7d5-4f2f-aaf9-1d7e71c7ee6f,3895134,12,6010291300,6010291600
concurrency_n20_20260612_220524_kafka_feed12_rep1,kafka,sb-events-n20-feed12-rep1,51fb02b5-26e7-43ac-8165-4ca01a5c46d6,3895113,12,6015205500,6015205700
concurrency_n20_20260612_220524_kafka_feed12_rep1,kafka,sb-events-n20-feed12-rep1,da7c4c87-47cc-43e4-abc7-ed5153ccd953,3895086,13,6020160700,6020161000
concurrency_n20_20260612_220524_kafka_feed12_rep1,kafka,sb-events-n20-feed12-rep1,2d158032-d266-417c-b308-7988ff8c3ffc,3895086,13,6025356000,6025356300
concurrency_n20_20260612_220524_kafka_feed12_rep1,kafka,sb-events-n20-feed12-rep1,54f1c83c-f7c4-4413-8a2a-69aaac9bec05,3895052,13,6028492400,6028492700
concurrency_n20_20260612_220524_kafka_feed12_rep1,kafka,sb-events-n20-feed12-rep1,4c6fb264-6641-4514-9dfb-96a0f17f3899,3895060,13,6034455700,6034456100
concurrency_n20_20260612_220524_kafka_feed12_rep1,kafka,sb-events-n20-feed12-rep1,50fa5c47-ce69-41d3-bf4a-29b4f86d02fd,3895052,13,6036905600,6036906000
concurrency_n20_20260612_220524_kafka_feed12_rep1,kafka,sb-events-n20-feed12-rep1,fe1233fa-d40a-4e0c-8b0d-55809b7d774b,3895060,13,6041470800,6041471100
concurrency_n20_20260612_220524_kafka_feed12_rep1,kafka,sb-events-n20-feed12-rep1,e295f3e0-e0cc-4adc-91fa-062599b27d25,3895107,13,6049088100,6049088400
concurrency_n20_20260612_220524_kafka_feed12_rep1,kafka,sb-events-n20-feed12-rep1,d79cf0c7-e0cd-4718-a96e-2b06b1cb0bed,3895107,13,6052649500,6052649800
concurrency_n20_20260612_220524_kafka_feed12_rep1,kafka,sb-events-n20-feed12-rep1,d46689a3-08bd-4188-bc0d-6a6bace1f531,3895086,14,6057061400,6057061800
concurrency_n20_20260612_220524_kafka_feed12_rep1,kafka,sb-events-n20-feed12-rep1,93753357-15d4-4424-9899-669adf6f34ea,3895052,14,6061046500,6061046800
concurrency_n20_20260612_220524_kafka_feed12_rep1,kafka,sb-events-n20-feed12-rep1,1615450f-4d55-4fef-91d6-ab9f981c6185,3895095,14,6064144000,6064144300
concurrency_n20_20260612_220524_kafka_feed12_rep1,kafka,sb-events-n20-feed12-rep1,9dcf795d-a1b5-4b33-b421-af35da8f1708,3895095,14,6067780100,6067780400
concurrency_n20_20260612_220524_kafka_feed12_rep1,kafka,sb-events-n20-feed12-rep1,bd76ea17-62ca-436b-b60f-ebbce8df5a58,3895074,14,6074153300,6074153600
concurrency_n20_20260612_220524_kafka_feed12_rep1,kafka,sb-events-n20-feed12-rep1,d0309ed5-a714-4866-9594-2806ec7f3053,3895074,14,6081493100,6081493300
concurrency_n20_20260612_220524_kafka_feed12_rep1,kafka,sb-events-n20-feed12-rep1,59d5f7d4-b2c8-4777-ad5d-f682a5be2482,3895074,14,6084812100,6084812400
concurrency_n20_20260612_220524_kafka_feed12_rep1,kafka,sb-events-n20-feed12-rep1,7b8d5bb4-4ed6-4983-806a-c8ca1feeef81,3895121,15,6089221600,6089222000
concurrency_n20_20260612_220524_kafka_feed12_rep1,kafka,sb-events-n20-feed12-rep1,bf8ecf65-adbc-42d1-99f7-c48a6ef2ec06,3895052,15,6094066400,6094066700
concurrency_n20_20260612_220524_kafka_feed12_rep1,kafka,sb-events-n20-feed12-rep1,8d671e50-4b4d-4fcc-be94-351d53828756,3895107,15,6098870900,6098871200
concurrency_n20_20260612_220524_kafka_feed12_rep1,kafka,sb-events-n20-feed12-rep1,4cf23b83-c0d3-4df1-bdef-c5caded9cc07,3895121,15,6102579800,6102580100
concurrency_n20_20260612_220524_kafka_feed12_rep1,kafka,sb-events-n20-feed12-rep1,67f9bdbc-8feb-49b2-b7fe-705375aac0db,3895052,15,6106453300,6106453600
concurrency_n20_20260612_220524_kafka_feed12_rep1,kafka,sb-events-n20-feed12-rep1,5891ef4b-5571-4b46-961f-60fcb3d5029b,3895095,15,6112881400,6112881800
concurrency_n20_20260612_220524_kafka_feed12_rep1,kafka,sb-events-n20-feed12-rep1,a6fdb7f7-8cbe-4f00-a6bc-68733f24f18c,3895121,15,6117120100,6117120400
concurrency_n20_20260612_220524_kafka_feed12_rep1,kafka,sb-events-n20-feed12-rep1,0ae08622-c5d6-4f51-ac0a-85c965101887,3895095,15,6122036100,6122036400
concurrency_n20_20260612_220524_kafka_feed12_rep1,kafka,sb-events-n20-feed12-rep1,b2aa3ef3-18c5-47bb-8d2b-ae0489efea39,3895134,16,6126489400,6126489700
concurrency_n20_20260612_220524_kafka_feed12_rep1,kafka,sb-events-n20-feed12-rep1,923309c9-3dcf-4141-a48f-e3208bd1f952,3895113,16,6132702600,6132703000
concurrency_n20_20260612_220524_kafka_feed12_rep1,kafka,sb-events-n20-feed12-rep1,e8f5cb79-b270-408d-8a30-991d50c8bccd,3895095,16,6135834700,6135835000
concurrency_n20_20260612_220524_kafka_feed12_rep1,kafka,sb-events-n20-feed12-rep1,740e3759-e2fa-4c08-bb5e-ac9ff7760fce,3895074,16,6139075900,6139076200
concurrency_n20_20260612_220524_kafka_feed12_rep1,kafka,sb-events-n20-feed12-rep1,3f1b90e5-46c3-4832-b386-a774f9ef7762,3895074,16,6142646300,6142646600
concurrency_n20_20260612_220524_kafka_feed12_rep1,kafka,sb-events-n20-feed12-rep1,4453ce7d-4348-41a1-a86f-beae68288f76,3895074,16,6146890900,6146891200
concurrency_n20_20260612_220524_kafka_feed12_rep1,kafka,sb-events-n20-feed12-rep1,8eadb67c-5080-4a27-836f-922f5a6eeeb6,3895074,16,6152129200,6152129500
concurrency_n20_20260612_220524_kafka_feed12_rep1,kafka,sb-events-n20-feed12-rep1,4917b4e0-e17c-4412-bec0-734319e40d03,3895074,16,6155578100,6155578600
concurrency_n20_20260612_220524_kafka_feed12_rep1,kafka,sb-events-n20-feed12-rep1,6bae2646-95ef-4ae3-808b-79fa5756e3a0,3895086,17,6158904100,6158904300
concurrency_n20_20260612_220524_kafka_feed12_rep1,kafka,sb-events-n20-feed12-rep1,86a2db30-3020-4a3a-af2f-3b1d59b73adc,3895052,17,6162704900,6162705200
concurrency_n20_20260612_220524_kafka_feed12_rep1,kafka,sb-events-n20-feed12-rep1,6099cc29-0d11-4fee-9d00-ce786f36eca9,3895113,17,6167001200,6167001500
concurrency_n20_20260612_220524_kafka_feed12_rep1,kafka,sb-events-n20-feed12-rep1,da8b4ee3-3079-4353-ac9d-451a47100b52,3895121,17,6172106500,6172106700
concurrency_n20_20260612_220524_kafka_feed12_rep1,kafka,sb-events-n20-feed12-rep1,238ccd63-a906-4647-a994-0b592cedbb4d,3895113,17,6175479100,6175479400
concurrency_n20_20260612_220524_kafka_feed12_rep1,kafka,sb-events-n20-feed12-rep1,5f5f1bfd-17e6-4a75-a48d-23c004391ca0,3895121,17,6178932700,6178933000
concurrency_n20_20260612_220524_kafka_feed12_rep1,kafka,sb-events-n20-feed12-rep1,f56d4891-5044-48bc-98bd-2714de02c555,3895095,17,6184771700,6184772100
concurrency_n20_20260612_220524_kafka_feed12_rep1,kafka,sb-events-n20-feed12-rep1,74fb2011-216f-43aa-8c61-587989c3083d,3895095,17,6189007200,6189007500
concurrency_n20_20260612_220524_kafka_feed12_rep1,kafka,sb-events-n20-feed12-rep1,c4f630f3-cffd-4397-a545-146b8ed79cba,3895095,17,6193465000,6193465400
concurrency_n20_20260612_220524_kafka_feed12_rep1,kafka,sb-events-n20-feed12-rep1,a2d472e0-2844-401d-94b3-333c820b3d2d,3895086,18,6196918100,6196918400
concurrency_n20_20260612_220524_kafka_feed12_rep1,kafka,sb-events-n20-feed12-rep1,a3d8c0c0-3e97-47d3-8bee-8eba75a19ae8,3895086,18,6201643500,6201644000
concurrency_n20_20260612_220524_kafka_feed12_rep1,kafka,sb-events-n20-feed12-rep1,e1464657-428c-47db-b28c-41c44d976b21,3895086,18,6205787700,6205788100
concurrency_n20_20260612_220524_kafka_feed12_rep1,kafka,sb-events-n20-feed12-rep1,f3cf7038-cbb0-4e2b-be0e-87d31d2aa135,3895086,18,6210009800,6210010200
concurrency_n20_20260612_220524_kafka_feed12_rep1,kafka,sb-events-n20-feed12-rep1,c6cba519-72a4-4c6a-a204-27bb2809348d,3895107,18,6213826600,6213826900
concurrency_n20_20260612_220524_kafka_feed12_rep1,kafka,sb-events-n20-feed12-rep1,415243ce-3849-4896-9be1-75365ad90b78,3895134,18,6217902800,6217903200
concurrency_n20_20260612_220524_kafka_feed12_rep1,kafka,sb-events-n20-feed12-rep1,b4c2c8e7-ca1b-4d18-863e-e58021f75654,3895086,18,6220833800,6220834400
concurrency_n20_20260612_220524_kafka_feed12_rep1,kafka,sb-events-n20-feed12-rep1,0419e708-847b-4ff2-a6f7-50031b3683e4,3895107,18,6225157300,6225157700
concurrency_n20_20260612_220524_kafka_feed12_rep1,kafka,sb-events-n20-feed12-rep1,f9096f10-3921-40be-bcaa-d7439f4bef6c,3895134,18,6228681000,6228681200
concurrency_n20_20260612_220524_kafka_feed12_rep1,kafka,sb-events-n20-feed12-rep1,da618d2e-27e6-47f5-ba91-a32d880fc3f3,3895052,18,6232200400,6232200700
concurrency_n20_20260612_220524_kafka_feed12_rep1,kafka,sb-events-n20-feed12-rep1,c6085c22-483f-4a4b-a3a7-27fbee22ae65,3895052,18,6236228700,6236228800
concurrency_n20_20260612_220524_kafka_feed12_rep1,kafka,sb-events-n20-feed12-rep1,3211acd7-830e-4b57-9d44-ffc087f09783,3895121,18,6239710300,6239710600
concurrency_n20_20260612_220524_kafka_feed12_rep1,kafka,sb-events-n20-feed12-rep1,5ecff428-f7e5-4098-a070-003bae61d520,3895052,18,6243200800,6243201100
concurrency_n20_20260612_220524_kafka_feed12_rep1,kafka,sb-events-n20-feed12-rep1,08a00791-17e3-4e67-acbb-494c7c518e23,3895095,18,6246763700,6246764000
concurrency_n20_20260612_220524_kafka_feed12_rep1,kafka,sb-events-n20-feed12-rep1,4acda0ae-ebda-4589-806c-c3233063335e,3895107,19,6250873900,6250874100
concurrency_n20_20260612_220524_kafka_feed12_rep1,kafka,sb-events-n20-feed12-rep1,61c008f9-cf5c-4ebe-ae27-f5ee5b22c150,3895134,19,6254232100,6254232500
concurrency_n20_20260612_220524_kafka_feed12_rep1,kafka,sb-events-n20-feed12-rep1,95573a25-89e1-4453-899f-9231016295df,3895107,19,6257727600,6257728000
concurrency_n20_20260612_220524_kafka_feed12_rep1,kafka,sb-events-n20-feed12-rep1,7d098e93-c4a3-4d21-94e1-ee7f39346658,3895113,19,6262161300,6262161600
concurrency_n20_20260612_220524_kafka_feed12_rep1,kafka,sb-events-n20-feed12-rep1,f6afab09-dd54-41b0-9eab-2f54641f6cc7,3895134,19,6265239500,6265239800
concurrency_n20_20260612_220524_kafka_feed12_rep1,kafka,sb-events-n20-feed12-rep1,82b43325-f1c1-48f8-8a96-f447e73e0014,3895107,19,6269133000,6269133400
concurrency_n20_20260612_220524_kafka_feed12_rep1,kafka,sb-events-n20-feed12-rep1,babaa5b7-7d2a-455f-9d53-09929055b994,3895121,19,6273635100,6273635400
concurrency_n20_20260612_220524_kafka_feed12_rep1,kafka,sb-events-n20-feed12-rep1,fbeffccf-f6ec-4792-812e-6aa5f8535b6c,3895134,19,6277992800,6277993100
concurrency_n20_20260612_220524_kafka_feed12_rep1,kafka,sb-events-n20-feed12-rep1,31656a86-ac6f-48e7-8588-664d49470dcf,3895121,19,6281247900,6281248300
concurrency_n20_20260612_220524_kafka_feed12_rep1,kafka,sb-events-n20-feed12-rep1,c1fd3b58-ecc8-4b74-baf6-d706324c0a37,3895095,19,6284980800,6284981000
concurrency_n20_20260612_220524_kafka_feed12_rep1,kafka,sb-events-n20-feed12-rep1,34a68da4-a761-418e-a94a-29bb8fd8e96e,3895095,19,6287039000,6287039300
concurrency_n20_20260612_220524_kafka_feed12_rep1,kafka,sb-events-n20-feed12-rep1,5ea481e0-e6e1-4897-b6e0-78445211ad3d,3895060,20,6291275700,6291276000
concurrency_n20_20260612_220524_kafka_feed12_rep1,kafka,sb-events-n20-feed12-rep1,58a678fb-10ef-4114-9bbb-099466db1636,3895086,20,6295923100,6295923300
concurrency_n20_20260612_220524_kafka_feed12_rep1,kafka,sb-events-n20-feed12-rep1,5e0455ba-95d7-4dc9-92d6-c8b777a5c7b6,3895086,20,6299423600,6299423900
concurrency_n20_20260612_220524_kafka_feed12_rep1,kafka,sb-events-n20-feed12-rep1,9adb3957-42ed-4d0a-80fc-38ad27500ee0,3895113,20,6308620000,6308620300
concurrency_n20_20260612_220524_kafka_feed12_rep1,kafka,sb-events-n20-feed12-rep1,a6f33202-5449-458f-8473-9c4274528e11,3895052,20,6311620100,6311620300
concurrency_n20_20260612_220524_kafka_feed12_rep1,kafka,sb-events-n20-feed12-rep1,91c869e1-262b-4223-89b4-903cf7e9b527,3895107,20,6315154800,6315155200
concurrency_n20_20260612_220524_kafka_feed12_rep1,kafka,sb-events-n20-feed12-rep1,8e9c5a9a-0084-457b-93be-2ba84bbe4fcb,3895113,20,6318345100,6318345400
concurrency_n20_20260612_220524_kafka_feed12_rep1,kafka,sb-events-n20-feed12-rep1,91e88312-848a-47f2-8871-b71be8bb172c,3895107,20,6321583700,6321584100
concurrency_n20_20260612_220524_kafka_feed12_rep1,kafka,sb-events-n20-feed12-rep1,20d4b309-2546-439a-96d6-c362fb3ecb2d,3895113,20,6324400500,6324400900
concurrency_n20_20260612_220524_kafka_feed12_rep1,kafka,sb-events-n20-feed12-rep1,04f7f325-bfc0-4731-a32f-7f8232c8296e,3895121,20,6327719500,6327719800
concurrency_n20_20260612_220524_kafka_feed12_rep1,kafka,sb-events-n20-feed12-rep1,5bd4ec7d-4d90-4a2d-bcea-2fe45009e3e5,3895113,20,6331557900,6331558200
concurrency_n20_20260612_220524_kafka_feed12_rep1,kafka,sb-events-n20-feed12-rep1,90ec0daf-d61f-4501-ab28-c24d33c3ac5f,3895060,21,6334376300,6334376600
concurrency_n20_20260612_220524_kafka_feed12_rep1,kafka,sb-events-n20-feed12-rep1,948f6c30-084e-4ef6-a45d-90557e5552d8,3895060,21,6337481200,6337481500
concurrency_n20_20260612_220524_kafka_feed12_rep1,kafka,sb-events-n20-feed12-rep1,a4cf9a70-b481-4b49-9ce1-ca29ff7c506e,3895134,21,6340241600,6340242000
concurrency_n20_20260612_220524_kafka_feed12_rep1,kafka,sb-events-n20-feed12-rep1,ce0cff7d-de0c-4e19-8496-2dd948d69413,3895052,21,6343982000,6343982300
concurrency_n20_20260612_220524_kafka_feed12_rep1,kafka,sb-events-n20-feed12-rep1,d2616640-d066-4175-a00a-35d3db6e7ef0,3895134,21,6347191300,6347195300
concurrency_n20_20260612_220524_kafka_feed12_rep1,kafka,sb-events-n20-feed12-rep1,ebaf6e35-461e-411b-a4c6-bd8c8807ed4b,3895052,21,6350806100,6350806400
concurrency_n20_20260612_220524_kafka_feed12_rep1,kafka,sb-events-n20-feed12-rep1,377feb38-fa03-4b29-bb7f-2cfbb3baf194,3895107,21,6353513300,6353513600
concurrency_n20_20260612_220524_kafka_feed12_rep1,kafka,sb-events-n20-feed12-rep1,a5317761-7d6b-4332-832c-56edfbce761f,3895121,21,6356691900,6356692200
concurrency_n20_20260612_220524_kafka_feed12_rep1,kafka,sb-events-n20-feed12-rep1,d0a1094c-65af-4a38-8aa7-a18ff8210a8e,3895107,21,6359516000,6359516300
concurrency_n20_20260612_220524_kafka_feed12_rep1,kafka,sb-events-n20-feed12-rep1,6824686d-4590-42ed-bcb5-84522be6958f,3895113,21,6362675400,6362675700
concurrency_n20_20260612_220524_kafka_feed12_rep1,kafka,sb-events-n20-feed12-rep1,7b952b7f-319c-4b59-9887-322eb909afae,3895121,21,6366188600,6366188900
concurrency_n20_20260612_220524_kafka_feed12_rep1,kafka,sb-events-n20-feed12-rep1,13cdffc6-1a64-46ed-9d46-9d52584911eb,3895095,21,6368981500,6368981800
concurrency_n20_20260612_220524_kafka_feed12_rep1,kafka,sb-events-n20-feed12-rep1,4c5afbe4-b097-4acf-8087-c15c6b876bb2,3895113,21,6371954500,6371954800
concurrency_n20_20260612_220524_kafka_feed12_rep1,kafka,sb-events-n20-feed12-rep1,d7d57b8f-e679-4a01-9112-8c67d14816da,3895121,21,6378846300,6378846500
concurrency_n20_20260612_220524_kafka_feed12_rep1,kafka,sb-events-n20-feed12-rep1,380b0b2e-41af-476d-bb8d-683c2c4bc624,3895134,22,6381945800,6381946100
concurrency_n20_20260612_220524_kafka_feed12_rep1,kafka,sb-events-n20-feed12-rep1,9a40ee6a-81c2-48c1-b86d-7b611f1cbad9,3895052,22,6385087800,6385088000
concurrency_n20_20260612_220524_kafka_feed12_rep1,kafka,sb-events-n20-feed12-rep1,064b72e5-2907-4fec-ae0a-2108f5e8524f,3895052,22,6388026800,6388027200
concurrency_n20_20260612_220524_kafka_feed12_rep1,kafka,sb-events-n20-feed12-rep1,13033282-511b-44a2-bdfb-112ad4f2cbe2,3895107,22,6390743900,6390744200
concurrency_n20_20260612_220524_kafka_feed12_rep1,kafka,sb-events-n20-feed12-rep1,6d76d333-ddbe-4dd4-b0e0-f04bace0d42c,3895121,22,6393459300,6393459700
concurrency_n20_20260612_220524_kafka_feed12_rep1,kafka,sb-events-n20-feed12-rep1,b718de1e-9955-427d-a714-9612b515b37f,3895060,23,6397336200,6397336400
concurrency_n20_20260612_220524_kafka_feed12_rep1,kafka,sb-events-n20-feed12-rep1,5d1189db-89e2-4f3a-9fe7-9ca309a9180b,3895086,23,6400896300,6400896500
concurrency_n20_20260612_220524_kafka_feed12_rep1,kafka,sb-events-n20-feed12-rep1,bf131dfc-aa54-477b-aa3a-fe427e0f5a4d,3895052,23,6403567500,6403567800
concurrency_n20_20260612_220524_kafka_feed12_rep1,kafka,sb-events-n20-feed12-rep1,f436fba2-fe86-4de4-81a8-6f0ade75bb37,3895095,23,6406384700,6406385000
concurrency_n20_20260612_220524_kafka_feed12_rep1,kafka,sb-events-n20-feed12-rep1,0ff21259-8e4f-4ca9-b2f0-eeca108eaf72,3895107,23,6408956800,6408957100
concurrency_n20_20260612_220524_kafka_feed12_rep1,kafka,sb-events-n20-feed12-rep1,cb77e8ab-344f-468f-81fa-a6da694d993e,3895095,23,6412096900,6412097100
concurrency_n20_20260612_220524_kafka_feed12_rep1,kafka,sb-events-n20-feed12-rep1,0330715d-3ebb-4144-b556-11d9aea021f7,3895107,23,6414746500,6414746900
concurrency_n20_20260612_220524_kafka_feed12_rep1,kafka,sb-events-n20-feed12-rep1,13f2f67e-ce8a-45c1-91d1-965bd994230e,3895107,23,6417858100,6417858600
concurrency_n20_20260612_220524_kafka_feed12_rep1,kafka,sb-events-n20-feed12-rep1,30439125-dd53-46d2-95b0-e188be25443c,3895067,24,6420979100,6420979400
concurrency_n20_20260612_220524_kafka_feed12_rep1,kafka,sb-events-n20-feed12-rep1,11e909cf-1292-4ff6-877b-047271284066,3895060,24,6423703300,6423703600
concurrency_n20_20260612_220524_kafka_feed12_rep1,kafka,sb-events-n20-feed12-rep1,43d00079-b73c-4617-aa1a-2d5d3d54ba34,3895086,24,6426244500,6426244800
concurrency_n20_20260612_220524_kafka_feed12_rep1,kafka,sb-events-n20-feed12-rep1,a332d835-268e-4498-8bfb-67085f324c46,3895086,24,6429158000,6429158300
concurrency_n20_20260612_220524_kafka_feed12_rep1,kafka,sb-events-n20-feed12-rep1,cf31353b-8f9d-4a5e-9fbe-b74bcc381264,3895121,24,6432272200,6432272500
concurrency_n20_20260612_220524_kafka_feed12_rep1,kafka,sb-events-n20-feed12-rep1,e8f164f5-a160-4c46-a82c-abe4e89677d9,3895121,24,6435255400,6435255800
concurrency_n20_20260612_220524_kafka_feed12_rep1,kafka,sb-events-n20-feed12-rep1,dcc91b79-7910-496f-853c-e3a279361c9c,3895107,24,6437845100,6437845300
concurrency_n20_20260612_220524_kafka_feed12_rep1,kafka,sb-events-n20-feed12-rep1,a815f844-803f-46d0-98ef-cb7d3aca3c8b,3895067,25,6440754900,6440755300
concurrency_n20_20260612_220524_kafka_feed12_rep1,kafka,sb-events-n20-feed12-rep1,ead699aa-f13c-4cdf-8423-f658ad925cb5,3895067,25,6443506900,6443507300
concurrency_n20_20260612_220524_kafka_feed12_rep1,kafka,sb-events-n20-feed12-rep1,9f680d72-f947-4b6e-a483-04e6cb981cf5,3895060,25,6446007500,6446007800
concurrency_n20_20260612_220524_kafka_feed12_rep1,kafka,sb-events-n20-feed12-rep1,84c01004-f3ae-4fda-bcdd-31980eb13196,3895060,25,6448569200,6448569500
concurrency_n20_20260612_220524_kafka_feed12_rep1,kafka,sb-events-n20-feed12-rep1,2b8248b7-ca1e-4b25-8019-43dcd354312b,3895134,25,6451538900,6451539200
concurrency_n20_20260612_220524_kafka_feed12_rep1,kafka,sb-events-n20-feed12-rep1,07087bbe-871b-46b9-af20-4c074da4a10d,3895113,25,6454677700,6454678000
concurrency_n20_20260612_220524_kafka_feed12_rep1,kafka,sb-events-n20-feed12-rep1,24fa959e-ad78-4dfb-9cf7-ff352947271c,3895052,25,6457139900,6457140200
concurrency_n20_20260612_220524_kafka_feed12_rep1,kafka,sb-events-n20-feed12-rep1,03f103fa-f1fc-463e-87d9-cd3db62d4291,3895052,25,6459831200,6459831600
concurrency_n20_20260612_220524_kafka_feed12_rep1,kafka,sb-events-n20-feed12-rep1,da6d72e8-314a-4232-892f-7f2b7aa233da,3895052,25,6462375100,6462375300
concurrency_n20_20260612_220524_kafka_feed12_rep1,kafka,sb-events-n20-feed12-rep1,197edbf9-491f-48e7-b569-16790aa29662,3895107,25,6464813100,6464813400
concurrency_n20_20260612_220524_kafka_feed12_rep1,kafka,sb-events-n20-feed12-rep1,8cbf25e7-f76d-430e-b1c7-4b5c77f460f1,3895107,25,6467738400,6467738800
concurrency_n20_20260612_220524_kafka_feed12_rep1,kafka,sb-events-n20-feed12-rep1,e1f2d0bd-aeb0-42b2-867d-f5e407986d61,3895086,26,6470305700,6470306000
concurrency_n20_20260612_220524_kafka_feed12_rep1,kafka,sb-events-n20-feed12-rep1,1cfdd0b2-0f61-4520-8329-c24d895696b1,3895113,26,6472771900,6472772300
concurrency_n20_20260612_220524_kafka_feed12_rep1,kafka,sb-events-n20-feed12-rep1,4a4a7e44-43c5-44e2-bf4c-ca1637daea87,3895107,26,6475405600,6475405900
concurrency_n20_20260612_220524_kafka_feed12_rep1,kafka,sb-events-n20-feed12-rep1,b812268f-ce7d-4b17-9ad2-f38e50908694,3895107,26,6481220400,6481220700
concurrency_n20_20260612_220524_kafka_feed12_rep1,kafka,sb-events-n20-feed12-rep1,984ac2c7-33e7-43ac-8152-f88bdf9bcb40,3895107,26,6487472400,6487472600
concurrency_n20_20260612_220524_kafka_feed12_rep1,kafka,sb-events-n20-feed12-rep1,2c82e5ca-792d-4700-8f46-ad27ebbb3545,3895107,26,6490109700,6490110100
concurrency_n20_20260612_220524_kafka_feed12_rep1,kafka,sb-events-n20-feed12-rep1,d109e813-a171-4eab-bd01-20c8e0a2d54b,3895067,27,6492836300,6492836600
concurrency_n20_20260612_220524_kafka_feed12_rep1,kafka,sb-events-n20-feed12-rep1,4dbc35f7-4520-4c1d-a0c1-81c1760b2c40,3895067,27,6495568500,6495569400
concurrency_n20_20260612_220524_kafka_feed12_rep1,kafka,sb-events-n20-feed12-rep1,10df0432-33a1-4c21-9b36-dc9a9488ba69,3895067,27,6498347800,6498348100
concurrency_n20_20260612_220524_kafka_feed12_rep1,kafka,sb-events-n20-feed12-rep1,1ada5a52-ccdd-47d6-bfae-a3c6cfe6695c,3895086,27,6501315200,6501315700
concurrency_n20_20260612_220524_kafka_feed12_rep1,kafka,sb-events-n20-feed12-rep1,49b31666-46f5-4aa7-a2b1-869d05a27d90,3895086,27,6504004400,6504004800
concurrency_n20_20260612_220524_kafka_feed12_rep1,kafka,sb-events-n20-feed12-rep1,3e22029c-1ffc-479a-8824-66a065a2fdf6,3895134,27,6506749000,6506749200
concurrency_n20_20260612_220524_kafka_feed12_rep1,kafka,sb-events-n20-feed12-rep1,c3ae126d-34d6-421c-813d-3e3179428b05,3895086,27,6509246700,6509246900
concurrency_n20_20260612_220524_kafka_feed12_rep1,kafka,sb-events-n20-feed12-rep1,3ef9a433-6ad8-4533-b8c7-8465064ae209,3895134,27,6511452200,6511452500
concurrency_n20_20260612_220524_kafka_feed12_rep1,kafka,sb-events-n20-feed12-rep1,cfe9b540-ca3b-4aad-b553-0674713203bb,3895113,27,6514567100,6514567400
concurrency_n20_20260612_220524_kafka_feed12_rep1,kafka,sb-events-n20-feed12-rep1,6a8269d2-5ce9-4921-9502-03ae5b27b8b6,3895113,27,6516993300,6516993600
concurrency_n20_20260612_220524_kafka_feed12_rep1,kafka,sb-events-n20-feed12-rep1,87c20b3f-2fe3-4696-b387-5997a79262eb,3895052,27,6519826600,6519827000
concurrency_n20_20260612_220524_kafka_feed12_rep1,kafka,sb-events-n20-feed12-rep1,ce148b24-1185-48a7-bc22-d593e8115f3c,3895052,27,6522064300,6522064500
concurrency_n20_20260612_220524_kafka_feed12_rep1,kafka,sb-events-n20-feed12-rep1,12eedca2-420b-4b01-a81d-12b847d2f8a6,3895107,27,6524007400,6524007600
concurrency_n20_20260612_220524_kafka_feed12_rep1,kafka,sb-events-n20-feed12-rep1,b343f95e-f220-4957-afda-b760c0859784,3895107,27,6526147800,6526148100
concurrency_n20_20260612_220524_kafka_feed12_rep1,kafka,sb-events-n20-feed12-rep1,d4611d70-d895-41fc-95ab-a1c65347c86b,3895095,28,6529316300,6529316700
concurrency_n20_20260612_220524_kafka_feed12_rep1,kafka,sb-events-n20-feed12-rep1,e3e1f7c7-4932-4722-9f8c-b801ec0f3eb9,3895113,28,6532947000,6532947400
concurrency_n20_20260612_220524_kafka_feed12_rep1,kafka,sb-events-n20-feed12-rep1,f2148745-955f-4ae6-99fc-7eea72344f5c,3895052,28,6534932800,6534933200
concurrency_n20_20260612_220524_kafka_feed12_rep1,kafka,sb-events-n20-feed12-rep1,2e41f9b8-5553-4025-bfb2-90dc50a9013a,3895107,28,6536965500,6536965800
concurrency_n20_20260612_220524_kafka_feed12_rep1,kafka,sb-events-n20-feed12-rep1,78f5f9b2-8e23-4ed5-bc21-6cb65b4bfecd,3895107,28,6538650400,6538650900
concurrency_n20_20260612_220524_kafka_feed12_rep1,kafka,sb-events-n20-feed12-rep1,d0c9136b-fb00-4bfe-bd7f-3b3dbdc6992c,3895107,28,6541355200,6541355500
concurrency_n20_20260612_220524_kafka_feed12_rep1,kafka,sb-events-n20-feed12-rep1,9279e24a-1872-4df5-9f01-bb6acffcaaf3,3895107,28,6543892500,6543892800
concurrency_n20_20260612_220524_kafka_feed12_rep1,kafka,sb-events-n20-feed12-rep1,79692146-523d-48d7-bb97-a2bfe9215a4c,3895107,28,6546577900,6546578100
concurrency_n20_20260612_220524_kafka_feed12_rep1,kafka,sb-events-n20-feed12-rep1,447b0a0c-05be-471b-aaf1-2bc3a39574a6,3895067,29,6548872100,6548872400
concurrency_n20_20260612_220524_kafka_feed12_rep1,kafka,sb-events-n20-feed12-rep1,5a772691-1265-464f-aabd-c573e8a0ab8c,3895074,29,6550993600,6550993800
concurrency_n20_20260612_220524_kafka_feed12_rep1,kafka,sb-events-n20-feed12-rep1,6b3357d7-8b5b-4068-944b-8abb2b0458ff,3895086,29,6553296700,6553296900
concurrency_n20_20260612_220524_kafka_feed12_rep1,kafka,sb-events-n20-feed12-rep1,263393dd-6b86-4b3d-b4d4-08e19a071251,3895134,29,6555304400,6555304700
concurrency_n20_20260612_220524_kafka_feed12_rep1,kafka,sb-events-n20-feed12-rep1,8ecf55aa-b2b4-4325-87ae-b9773d146ca4,3895086,29,6557462800,6557463200
concurrency_n20_20260612_220524_kafka_feed12_rep1,kafka,sb-events-n20-feed12-rep1,dcdc9caf-542f-4fed-b166-7702a8293952,3895086,29,6559711300,6559711500
concurrency_n20_20260612_220524_kafka_feed12_rep1,kafka,sb-events-n20-feed12-rep1,ae5bee75-9e2e-4cae-8851-9bc9f0cc7b5a,3895095,29,6561825000,6561825200
concurrency_n20_20260612_220524_kafka_feed12_rep1,kafka,sb-events-n20-feed12-rep1,aa1a96f4-8527-46a3-acd2-83312ccc9a0e,3895095,29,6563953600,6563953900
concurrency_n20_20260612_220524_kafka_feed12_rep1,kafka,sb-events-n20-feed12-rep1,ee3252c0-e79b-495e-ae80-583351179971,3895113,29,6566311100,6566311400
concurrency_n20_20260612_220524_kafka_feed12_rep1,kafka,sb-events-n20-feed12-rep1,19f46068-5944-4812-bfac-1e1aa46413fb,3895113,29,6568386500,6568386800
concurrency_n20_20260612_220524_kafka_feed12_rep1,kafka,sb-events-n20-feed12-rep1,914c3940-48b4-4246-bd08-2b34e8349649,3895052,29,6570431900,6570432200
concurrency_n20_20260612_220524_kafka_feed12_rep1,kafka,sb-events-n20-feed12-rep1,45e61b15-c483-49fa-8a40-525424f6f0fd,3895107,29,6572522300,6572522500
concurrency_n20_20260612_220524_kafka_feed12_rep1,kafka,sb-events-n20-feed12-rep1,15787cdd-9935-4bff-b68c-760a497af7cc,3895107,29,6574734800,6574735100
concurrency_n20_20260612_220524_kafka_feed12_rep1,kafka,sb-events-n20-feed12-rep1,71b87a61-6e42-47b4-b6be-ca855a10d871,3895074,30,6576952200,6576952500
concurrency_n20_20260612_220524_kafka_feed12_rep1,kafka,sb-events-n20-feed12-rep1,627a9ff5-4a44-4ca1-a183-ed241303d231,3895074,30,6578774400,6578774600
concurrency_n20_20260612_220524_kafka_feed12_rep1,kafka,sb-events-n20-feed12-rep1,0eb76ef4-ed2e-4a58-b18f-6a3f6722f9e1,3895074,30,6581164000,6581164300
concurrency_n20_20260612_220524_kafka_feed12_rep1,kafka,sb-events-n20-feed12-rep1,9351a75c-1c91-4205-b38c-4875eb4ab288,3895134,30,6582992000,6582992400
concurrency_n20_20260612_220524_kafka_feed12_rep1,kafka,sb-events-n20-feed12-rep1,b1ebe5e7-8980-4421-b068-c1b1a36c650d,3895134,30,6584906900,6584907100
concurrency_n20_20260612_220524_kafka_feed12_rep1,kafka,sb-events-n20-feed12-rep1,f1851ae9-876d-42a8-8c1c-9d39b58512ef,3895134,30,6587038700,6587039000
concurrency_n20_20260612_220524_kafka_feed12_rep1,kafka,sb-events-n20-feed12-rep1,296e5f1d-e535-4774-b97f-5a38164d4b8f,3895095,30,6589192600,6589192900
