run_id,backend,stream,event_id,match_id,t_sim_seconds,t_emit_offset_s,t_prod_sched_ns,t_prod_send_ns,t_broker_ack_ns,redis_id
concurrency_n20_20260612_220524_redis_feed15_rep1,redis,sb:events:n20:feed15:rep1,69bb4fa7-f177-49a8-9b19-7c01cd9d9a9c,3895052,0,0.0,6693271900,6694442100,7805114500,1781298338346-0
concurrency_n20_20260612_220524_redis_feed15_rep1,redis,sb:events:n20:feed15:rep1,207c41be-4905-457d-af38-e356b67981de,3895060,0,0.0,6693271900,7805522900,7806236000,1781298338347-0
concurrency_n20_20260612_220524_redis_feed15_rep1,redis,sb:events:n20:feed15:rep1,7eb000ee-2ef0-462a-bd57-e4320f459c68,3895067,0,0.0,6693271900,7806516300,7807423600,1781298338348-0
concurrency_n20_20260612_220524_redis_feed15_rep1,redis,sb:events:n20:feed15:rep1,664c81bb-315d-4de4-86d5-f326eebf0684,3895074,0,0.0,6693271900,7807706500,7824044200,1781298338362-0
concurrency_n20_20260612_220524_redis_feed15_rep1,redis,sb:events:n20:feed15:rep1,6c9ebdf9-117f-4a31-8b52-ebcf3c35d0c6,3895086,0,0.0,6693271900,7824518800,7825527700,1781298338366-0
concurrency_n20_20260612_220524_redis_feed15_rep1,redis,sb:events:n20:feed15:rep1,9103cd62-6a36-40c6-9f80-ab1f6d258133,3895095,0,0.0,6693271900,7825851000,7828126500,1781298338368-0
concurrency_n20_20260612_220524_redis_feed15_rep1,redis,sb:events:n20:feed15:rep1,84fbca7e-c79e-4f67-8026-4c9578366292,3895107,0,0.0,6693271900,7828849300,7829950400,1781298338371-0
concurrency_n20_20260612_220524_redis_feed15_rep1,redis,sb:events:n20:feed15:rep1,ea1e6876-4179-4750-8231-55c3d6ec8001,3895113,0,0.0,6693271900,7830195800,7830903000,1781298338372-0
concurrency_n20_20260612_220524_redis_feed15_rep1,redis,sb:events:n20:feed15:rep1,16d29511-a5c7-4a18-a4b4-d40571e69bd4,3895121,0,0.0,6693271900,7831231700,7832206700,1781298338373-0
concurrency_n20_20260612_220524_redis_feed15_rep1,redis,sb:events:n20:feed15:rep1,7f498384-e379-41b8-bdd2-8bf16412e8cc,3895134,0,0.0,6693271900,7832501800,7833578100,1781298338374-0
concurrency_n20_20260612_220524_redis_feed15_rep1,redis,sb:events:n20:feed15:rep1,9790a466-9c56-42aa-96aa-a9ad1a6f8811,3895052,0,0.0,6693271900,7833860200,7836133800,1781298338376-0
concurrency_n20_20260612_220524_redis_feed15_rep1,redis,sb:events:n20:feed15:rep1,fefef503-f3cc-4d41-9b3f-9ddc57b6a93b,3895060,0,0.0,6693271900,7836629900,7837576300,1781298338378-0
concurrency_n20_20260612_220524_redis_feed15_rep1,redis,sb:events:n20:feed15:rep1,d593adb3-8980-46f6-b384-4a91f4ec01ba,3895067,0,0.0,6693271900,7837873100,7841068900,1781298338380-0
concurrency_n20_20260612_220524_redis_feed15_rep1,redis,sb:events:n20:feed15:rep1,3dd463f6-b445-407d-8120-bf6aeab35526,3895074,0,0.0,6693271900,7841464900,7842795200,1781298338383-0
concurrency_n20_20260612_220524_redis_feed15_rep1,redis,sb:events:n20:feed15:rep1,6755b1ac-4f37-4c35-b1ef-181d68375e7d,3895086,0,0.0,6693271900,7843193300,7844180900,1781298338385-0
concurrency_n20_20260612_220524_redis_feed15_rep1,redis,sb:events:n20:feed15:rep1,73376ffb-3f9f-4570-9b3e-c51d44315ef3,3895095,0,0.0,6693271900,7844728800,7846258400,1781298338386-0
concurrency_n20_20260612_220524_redis_feed15_rep1,redis,sb:events:n20:feed15:rep1,b4bd630b-4e82-4f31-8947-17beb238dc5a,3895107,0,0.0,6693271900,7846525200,7848856300,1781298338389-0
concurrency_n20_20260612_220524_redis_feed15_rep1,redis,sb:events:n20:feed15:rep1,a88295ad-33e8-4427-872c-eba006d8a0ef,3895113,0,0.0,6693271900,7849229500,7851208000,1781298338391-0
concurrency_n20_20260612_220524_redis_feed15_rep1,redis,sb:events:n20:feed15:rep1,27cf4ae2-0319-4fc6-9ace-9f960bb0e4e6,3895121,0,0.0,6693271900,7851542500,7855857800,1781298338395-0
concurrency_n20_20260612_220524_redis_feed15_rep1,redis,sb:events:n20:feed15:rep1,4af6d17a-69ad-4bca-aece-f3be76c10138,3895134,0,0.0,6693271900,7856239100,7867389600,1781298338400-0
concurrency_n20_20260612_220524_redis_feed15_rep1,redis,sb:events:n20:feed15:rep1,c6762724-3ad0-4ed1-b232-7f32ac192ec6,3895052,0,0.0,6693271900,7867811600,7869716800,1781298338409-0
concurrency_n20_20260612_220524_redis_feed15_rep1,redis,sb:events:n20:feed15:rep1,2f46ad65-50a4-4834-9bd9-86a61f034234,3895060,0,0.0,6693271900,7870085200,7872925600,1781298338412-0
concurrency_n20_20260612_220524_redis_feed15_rep1,redis,sb:events:n20:feed15:rep1,a40403c7-74d7-45e6-ba91-5ebd6c313d8e,3895067,0,0.0,6693271900,7873282100,7874530900,1781298338415-0
concurrency_n20_20260612_220524_redis_feed15_rep1,redis,sb:events:n20:feed15:rep1,77f9b3e5-e0e4-4032-8228-089aa0dd578b,3895074,0,0.0,6693271900,7874993000,7876293700,1781298338417-0
concurrency_n20_20260612_220524_redis_feed15_rep1,redis,sb:events:n20:feed15:rep1,8b3af8ba-e26c-40b0-8278-c3e4c7a925f8,3895086,0,0.0,6693271900,7876757700,7883537200,1781298338421-0
concurrency_n20_20260612_220524_redis_feed15_rep1,redis,sb:events:n20:feed15:rep1,52a1e2ea-5b27-4cb1-9204-865583191956,3895095,0,0.0,6693271900,7884092700,7891631900,1781298338432-0
concurrency_n20_20260612_220524_redis_feed15_rep1,redis,sb:events:n20:feed15:rep1,6810c39c-8726-412f-b831-62dfec867465,3895107,0,0.0,6693271900,7891999100,7905112900,1781298338445-0
concurrency_n20_20260612_220524_redis_feed15_rep1,redis,sb:events:n20:feed15:rep1,6d6ab3f4-8136-407c-a92f-3f8a6549abdd,3895113,0,0.0,6693271900,7905493000,7910671200,1781298338450-0
concurrency_n20_20260612_220524_redis_feed15_rep1,redis,sb:events:n20:feed15:rep1,92e52894-484a-48de-8051-469ea23d6aaa,3895121,0,0.0,6693271900,7911291300,7923151100,1781298338461-0
concurrency_n20_20260612_220524_redis_feed15_rep1,redis,sb:events:n20:feed15:rep1,a281da9d-e3f4-43f1-ac2e-f46bbd04fed0,3895134,0,0.0,6693271900,7923521800,7925311600,1781298338466-0
concurrency_n20_20260612_220524_redis_feed15_rep1,redis,sb:events:n20:feed15:rep1,ba22283a-c920-448c-804e-3737cccd9fff,3895052,0,0.0,6693271900,7925679500,7942856000,1781298338483-0
concurrency_n20_20260612_220524_redis_feed15_rep1,redis,sb:events:n20:feed15:rep1,3b3a42a2-e2a1-49f8-9b77-5ec638303a06,3895060,0,0.0,6693271900,7943280100,7945202500,1781298338485-0
concurrency_n20_20260612_220524_redis_feed15_rep1,redis,sb:events:n20:feed15:rep1,fae27a68-42f4-44cf-8fc0-8d4126407ae3,3895067,0,0.0,6693271900,7946320900,7948834800,1781298338488-0
concurrency_n20_20260612_220524_redis_feed15_rep1,redis,sb:events:n20:feed15:rep1,e627413d-5de5-402a-9bb3-90c4cd3b65ec,3895074,0,0.0,6693271900,7949283400,7952431800,1781298338492-0
concurrency_n20_20260612_220524_redis_feed15_rep1,redis,sb:events:n20:feed15:rep1,b795eae8-ba56-4343-8662-92a8da669bc5,3895086,0,0.0,6693271900,7952851900,7954744500,1781298338494-0
concurrency_n20_20260612_220524_redis_feed15_rep1,redis,sb:events:n20:feed15:rep1,a7102458-910f-4583-b653-e3165351e124,3895095,0,0.0,6693271900,7955432800,7957131600,1781298338497-0
concurrency_n20_20260612_220524_redis_feed15_rep1,redis,sb:events:n20:feed15:rep1,a549d56e-c626-419f-9244-ad813ec8e559,3895107,0,0.0,6693271900,7957469900,7958628800,1781298338499-0
concurrency_n20_20260612_220524_redis_feed15_rep1,redis,sb:events:n20:feed15:rep1,51a7253e-31ed-49f5-9494-f5ab0d2ee039,3895113,0,0.0,6693271900,7958890400,7961619400,1781298338502-0
concurrency_n20_20260612_220524_redis_feed15_rep1,redis,sb:events:n20:feed15:rep1,d16c061b-99fe-4266-ad73-d7f9c73482b0,3895121,0,0.0,6693271900,7962089800,7963878300,1781298338504-0
concurrency_n20_20260612_220524_redis_feed15_rep1,redis,sb:events:n20:feed15:rep1,6d5e4ad7-9dd8-428b-97f9-5eee0ee14c17,3895134,0,0.0,6693271900,7964382100,7965881200,1781298338506-0
concurrency_n20_20260612_220524_redis_feed15_rep1,redis,sb:events:n20:feed15:rep1,9a50295b-7f7a-449c-9ef3-87e60467e8e1,3895052,0,0.0,6693271900,7966415000,7968235900,1781298338509-0
concurrency_n20_20260612_220524_redis_feed15_rep1,redis,sb:events:n20:feed15:rep1,69bdfb9b-ba46-41c8-814a-98f0a43c6501,3895060,0,0.0,6693271900,7968497300,7969897600,1781298338510-0
concurrency_n20_20260612_220524_redis_feed15_rep1,redis,sb:events:n20:feed15:rep1,ad010a23-88fe-43af-8b5c-8cd1772842ac,3895067,0,0.0,6693271900,7970166600,7971997200,1781298338512-0
concurrency_n20_20260612_220524_redis_feed15_rep1,redis,sb:events:n20:feed15:rep1,16252ec8-ab09-4119-bcf6-7fd6524f9128,3895074,0,0.0,6693271900,7972297800,7974575400,1781298338514-0
concurrency_n20_20260612_220524_redis_feed15_rep1,redis,sb:events:n20:feed15:rep1,3aee3cdf-be11-4ee6-b4bb-828cb4edbe36,3895086,0,0.0,6693271900,7974858000,7976557200,1781298338517-0
concurrency_n20_20260612_220524_redis_feed15_rep1,redis,sb:events:n20:feed15:rep1,4a13ba2d-59ad-43d3-b567-6aee81422367,3895095,0,0.0,6693271900,7976854100,7979067500,1781298338519-0
concurrency_n20_20260612_220524_redis_feed15_rep1,redis,sb:events:n20:feed15:rep1,cc3b6a56-e194-4ce6-901d-a4f84177e81b,3895107,0,0.0,6693271900,7979369400,7980289300,1781298338521-0
concurrency_n20_20260612_220524_redis_feed15_rep1,redis,sb:events:n20:feed15:rep1,ac5aac4c-5a0e-44c2-97ca-ec38bdb05917,3895113,0,0.0,6693271900,7980564800,7983335400,1781298338523-0
concurrency_n20_20260612_220524_redis_feed15_rep1,redis,sb:events:n20:feed15:rep1,1cdd596e-bf1f-4096-848a-a2a5db4fd313,3895121,0,0.0,6693271900,7983604100,7985066000,1781298338526-0
concurrency_n20_20260612_220524_redis_feed15_rep1,redis,sb:events:n20:feed15:rep1,1bed9ec9-1af9-4570-a620-8aab3469a6dd,3895134,0,0.0,6693271900,7985342300,7987257100,1781298338527-0
concurrency_n20_20260612_220524_redis_feed15_rep1,redis,sb:events:n20:feed15:rep1,e03021cc-80c5-4ac6-909e-903dca845ee3,3895107,0,0.0,6693271900,7987528200,7988565700,1781298338529-0
concurrency_n20_20260612_220524_redis_feed15_rep1,redis,sb:events:n20:feed15:rep1,f3dfb8ef-6678-493f-bbce-99f9678b7f75,3895107,0,0.0,6693271900,7988872500,7989795700,1781298338530-0
concurrency_n20_20260612_220524_redis_feed15_rep1,redis,sb:events:n20:feed15:rep1,17c0df03-219a-4603-befe-8cd2f58d6d47,3895052,1,0.0833333333333333,6693966344,7990054500,7990899100,1781298338531-0
concurrency_n20_20260612_220524_redis_feed15_rep1,redis,sb:events:n20:feed15:rep1,b306ec30-5755-4017-861a-670617955a41,3895074,1,0.0833333333333333,6693966344,7991141500,7992510800,1781298338533-0
concurrency_n20_20260612_220524_redis_feed15_rep1,redis,sb:events:n20:feed15:rep1,6c4c62f2-7d95-4094-a714-50c0161ee2e6,3895052,1,0.0833333333333333,6693966344,7992839500,7994319900,1781298338534-0
concurrency_n20_20260612_220524_redis_feed15_rep1,redis,sb:events:n20:feed15:rep1,2b7eff06-8d56-4f2c-bab1-076d4077ed10,3895074,1,0.0833333333333333,6693966344,7994763200,7996904300,1781298338536-0
concurrency_n20_20260612_220524_redis_feed15_rep1,redis,sb:events:n20:feed15:rep1,8d4e66c1-7ddb-4e75-b89f-bdb0592be264,3895107,1,0.0833333333333333,6693966344,7997207200,8000320500,1781298338540-0
concurrency_n20_20260612_220524_redis_feed15_rep1,redis,sb:events:n20:feed15:rep1,ceaa47dd-e3bf-4016-ade0-ed3d54afe971,3895060,2,0.1666666666666666,6694660788,8000589600,8001922200,1781298338542-0
concurrency_n20_20260612_220524_redis_feed15_rep1,redis,sb:events:n20:feed15:rep1,0e2c9eac-6504-4dae-9939-5f2920e7102d,3895067,2,0.1666666666666666,6694660788,8002166800,8003325000,1781298338544-0
concurrency_n20_20260612_220524_redis_feed15_rep1,redis,sb:events:n20:feed15:rep1,40f9b6ab-32ab-47e8-8b92-9b97e90d4c4f,3895086,2,0.1666666666666666,6694660788,8003606400,8004623100,1781298338545-0
concurrency_n20_20260612_220524_redis_feed15_rep1,redis,sb:events:n20:feed15:rep1,f69d0d63-6ad0-41ea-bcec-f1b86b886a83,3895095,2,0.1666666666666666,6694660788,8004884100,8008218300,1781298338548-0
concurrency_n20_20260612_220524_redis_feed15_rep1,redis,sb:events:n20:feed15:rep1,d54cc444-c9f7-4e31-820a-28e0ad5d8ec4,3895113,2,0.1666666666666666,6694660788,8008481200,8009751100,1781298338550-0
concurrency_n20_20260612_220524_redis_feed15_rep1,redis,sb:events:n20:feed15:rep1,f8442e6f-3919-46bc-848a-5f545627cf82,3895121,2,0.1666666666666666,6694660788,8010289100,8011335800,1781298338552-0
concurrency_n20_20260612_220524_redis_feed15_rep1,redis,sb:events:n20:feed15:rep1,50dad646-a7c1-450b-8a63-2e2fd90b3cd1,3895134,2,0.1666666666666666,6694660788,8011606300,8012963700,1781298338553-0
concurrency_n20_20260612_220524_redis_feed15_rep1,redis,sb:events:n20:feed15:rep1,70432a35-52ff-429b-8a11-c47bba8fab19,3895060,2,0.1666666666666666,6694660788,8013463800,8014341500,1781298338555-0
concurrency_n20_20260612_220524_redis_feed15_rep1,redis,sb:events:n20:feed15:rep1,c04183cf-75d8-42b0-91fd-4a026dba10b4,3895067,2,0.1666666666666666,6694660788,8014829500,8015737700,1781298338556-0
concurrency_n20_20260612_220524_redis_feed15_rep1,redis,sb:events:n20:feed15:rep1,55321383-ae1f-407e-8f20-2524fd16d04a,3895086,2,0.1666666666666666,6694660788,8016031900,8016969100,1781298338558-0
concurrency_n20_20260612_220524_redis_feed15_rep1,redis,sb:events:n20:feed15:rep1,285e8e4a-7c84-4ca1-9688-d8b56d623cc2,3895095,2,0.1666666666666666,6694660788,8017290200,8018419100,1781298338559-0
concurrency_n20_20260612_220524_redis_feed15_rep1,redis,sb:events:n20:feed15:rep1,eb3fde27-a34b-42be-b262-d329e138fff2,3895113,2,0.1666666666666666,6694660788,8018671000,8019418800,1781298338560-0
concurrency_n20_20260612_220524_redis_feed15_rep1,redis,sb:events:n20:feed15:rep1,f296523f-5c17-4d25-8371-f7142523a057,3895121,2,0.1666666666666666,6694660788,8019799400,8021521000,1781298338562-0
concurrency_n20_20260612_220524_redis_feed15_rep1,redis,sb:events:n20:feed15:rep1,b293256b-d885-4135-98ca-8ecf12f9e5a6,3895134,2,0.1666666666666666,6694660788,8022053000,8023326600,1781298338564-0
concurrency_n20_20260612_220524_redis_feed15_rep1,redis,sb:events:n20:feed15:rep1,d6b118e9-dee4-4f3a-9046-2a086e85ca6b,3895074,2,0.1666666666666666,6694660788,8023641300,8025066900,1781298338565-0
concurrency_n20_20260612_220524_redis_feed15_rep1,redis,sb:events:n20:feed15:rep1,6acfcb07-7343-4821-aa28-a91f66140043,3895134,2,0.1666666666666666,6694660788,8025511200,8027753300,1781298338568-0
concurrency_n20_20260612_220524_redis_feed15_rep1,redis,sb:events:n20:feed15:rep1,080124d4-8c99-46a5-aaf3-9a935ccd1248,3895107,2,0.1666666666666666,6694660788,8028080600,8029512000,1781298338570-0
concurrency_n20_20260612_220524_redis_feed15_rep1,redis,sb:events:n20:feed15:rep1,f9a9b240-dc0d-49e8-b72a-ec081b4c2bf3,3895107,2,0.1666666666666666,6694660788,8029907000,8030988300,1781298338572-0
concurrency_n20_20260612_220524_redis_feed15_rep1,redis,sb:events:n20:feed15:rep1,e5f7cd6e-b6e9-4538-96f5-380ee1534325,3895107,2,0.1666666666666666,6694660788,8031251100,8032417200,1781298338573-0
concurrency_n20_20260612_220524_redis_feed15_rep1,redis,sb:events:n20:feed15:rep1,15bf07b2-c5b7-4074-8693-1d9e4a5b7153,3895052,3,0.25,6695355233,8032792500,8034425100,1781298338574-0
concurrency_n20_20260612_220524_redis_feed15_rep1,redis,sb:events:n20:feed15:rep1,748f1afc-2300-4252-bc9b-f161b5e7c6ef,3895060,3,0.25,6695355233,8034707700,8035798300,1781298338576-0
concurrency_n20_20260612_220524_redis_feed15_rep1,redis,sb:events:n20:feed15:rep1,28f3d343-a6db-4854-bae5-f3390857e90c,3895086,3,0.25,6695355233,8036251200,8037261800,1781298338578-0
concurrency_n20_20260612_220524_redis_feed15_rep1,redis,sb:events:n20:feed15:rep1,494d25f1-83d3-4375-aa5c-29dfd26dfebd,3895095,3,0.25,6695355233,8037501800,8038740700,1781298338579-0
concurrency_n20_20260612_220524_redis_feed15_rep1,redis,sb:events:n20:feed15:rep1,c5fa6ce0-df8d-42a2-8bdd-601d167d5ec1,3895121,3,0.25,6695355233,8039109700,8042731800,1781298338581-0
concurrency_n20_20260612_220524_redis_feed15_rep1,redis,sb:events:n20:feed15:rep1,3c689040-9b59-4fad-8456-48b2ec8a2058,3895052,3,0.25,6695355233,8043265900,8044564900,1781298338585-0
concurrency_n20_20260612_220524_redis_feed15_rep1,redis,sb:events:n20:feed15:rep1,c5dd24ba-9256-48e3-b852-121bc71914e3,3895107,3,0.25,6695355233,8044851000,8046159800,1781298338587-0
concurrency_n20_20260612_220524_redis_feed15_rep1,redis,sb:events:n20:feed15:rep1,3114849f-6506-405c-bb4d-71ba30905d5e,3895107,3,0.25,6695355233,8046537400,8047325500,1781298338588-0
concurrency_n20_20260612_220524_redis_feed15_rep1,redis,sb:events:n20:feed15:rep1,042f1fd2-3cd4-439a-97c4-9275f435f098,3895113,4,0.3333333333333333,6696049677,8047609800,8048458000,1781298338589-0
concurrency_n20_20260612_220524_redis_feed15_rep1,redis,sb:events:n20:feed15:rep1,4f14f36d-c3c1-45d5-9c94-a65f9489d40f,3895074,4,0.3333333333333333,6696049677,8048887700,8050073600,1781298338591-0
concurrency_n20_20260612_220524_redis_feed15_rep1,redis,sb:events:n20:feed15:rep1,980abd18-b5d2-49cd-b110-7f534fd23dfc,3895095,4,0.3333333333333333,6696049677,8050333500,8051216300,1781298338592-0
concurrency_n20_20260612_220524_redis_feed15_rep1,redis,sb:events:n20:feed15:rep1,0195cc34-10dc-41e9-ada9-e853f9c16f02,3895134,4,0.3333333333333333,6696049677,8051753100,8054028400,1781298338594-0
concurrency_n20_20260612_220524_redis_feed15_rep1,redis,sb:events:n20:feed15:rep1,88661240-834a-430d-8629-b37b64dbcddc,3895052,4,0.3333333333333333,6696049677,8054597000,8059084000,1781298338598-0
concurrency_n20_20260612_220524_redis_feed15_rep1,redis,sb:events:n20:feed15:rep1,2256b8d2-0b23-4080-9849-1553d0135c73,3895074,4,0.3333333333333333,6696049677,8059497800,8060434700,1781298338601-0
concurrency_n20_20260612_220524_redis_feed15_rep1,redis,sb:events:n20:feed15:rep1,df085776-1a71-4f2d-9b9a-d385914ac874,3895095,4,0.3333333333333333,6696049677,8061075300,8062263300,1781298338603-0
concurrency_n20_20260612_220524_redis_feed15_rep1,redis,sb:events:n20:feed15:rep1,5342ea84-0732-454a-9551-8bc9fbe70d05,3895134,4,0.3333333333333333,6696049677,8062724100,8064271700,1781298338605-0
concurrency_n20_20260612_220524_redis_feed15_rep1,redis,sb:events:n20:feed15:rep1,b8c2ef59-5a72-4382-8d37-ef532f1ba623,3895107,4,0.3333333333333333,6696049677,8064556600,8065481800,1781298338606-0
concurrency_n20_20260612_220524_redis_feed15_rep1,redis,sb:events:n20:feed15:rep1,aabb516d-6ede-4543-9394-967c0499af8a,3895067,5,0.4166666666666667,6696744122,8065726200,8066726000,1781298338607-0
concurrency_n20_20260612_220524_redis_feed15_rep1,redis,sb:events:n20:feed15:rep1,c93d7723-7a1c-4be8-97e1-0babb1be6f11,3895113,5,0.4166666666666667,6696744122,8066972000,8068224400,1781298338609-0
concurrency_n20_20260612_220524_redis_feed15_rep1,redis,sb:events:n20:feed15:rep1,3cb0c74e-75be-431c-917f-011efc184fdb,3895113,5,0.4166666666666667,6696744122,8068564800,8069534200,1781298338610-0
concurrency_n20_20260612_220524_redis_feed15_rep1,redis,sb:events:n20:feed15:rep1,3d52c020-9bad-49c3-8ae7-05c40e223268,3895113,5,0.4166666666666667,6696744122,8069786500,8078307100,1781298338618-0
concurrency_n20_20260612_220524_redis_feed15_rep1,redis,sb:events:n20:feed15:rep1,c744951c-c660-4c83-8083-049bf85c8cbd,3895060,6,0.5,6697438566,8078605600,8079391800,1781298338620-0
concurrency_n20_20260612_220524_redis_feed15_rep1,redis,sb:events:n20:feed15:rep1,39ec53e3-9bd4-4411-814d-6e1ede254aac,3895086,6,0.5,6697438566,8079753200,8081141900,1781298338621-0
concurrency_n20_20260612_220524_redis_feed15_rep1,redis,sb:events:n20:feed15:rep1,33fdf203-b847-4fa5-9021-5f1875717796,3895060,6,0.5,6697438566,8081475200,8082205500,1781298338623-0
concurrency_n20_20260612_220524_redis_feed15_rep1,redis,sb:events:n20:feed15:rep1,98e575e4-0886-40e5-96a8-9c9f857ebcc1,3895052,6,0.5,6697438566,8082455500,8083594700,1781298338624-0
concurrency_n20_20260612_220524_redis_feed15_rep1,redis,sb:events:n20:feed15:rep1,d4683bb7-cdad-4a7d-9851-743212fba939,3895074,6,0.5,6697438566,8083964400,8085008900,1781298338626-0
concurrency_n20_20260612_220524_redis_feed15_rep1,redis,sb:events:n20:feed15:rep1,f019df08-0da5-48d9-a838-1da35f369c3c,3895052,6,0.5,6697438566,8085361000,8089126300,1781298338629-0
concurrency_n20_20260612_220524_redis_feed15_rep1,redis,sb:events:n20:feed15:rep1,e8a7f299-6faa-4914-bcdf-2e44131ed85c,3895107,6,0.5,6697438566,8089494900,8091123200,1781298338631-0
concurrency_n20_20260612_220524_redis_feed15_rep1,redis,sb:events:n20:feed15:rep1,7ddab21c-8faf-4fbc-a290-a2cdb40b7df7,3895107,6,0.5,6697438566,8091379200,8092008900,1781298338633-0
concurrency_n20_20260612_220524_redis_feed15_rep1,redis,sb:events:n20:feed15:rep1,d6006eb1-3ef6-4955-a47a-7b2b9192b522,3895121,7,0.5833333333333334,6698133011,8092243200,8098406800,1781298338638-0
concurrency_n20_20260612_220524_redis_feed15_rep1,redis,sb:events:n20:feed15:rep1,d87f4aa7-4a9b-4319-8dd9-c5426dc81e34,3895121,7,0.5833333333333334,6698133011,8098853500,8099802900,1781298338640-0
concurrency_n20_20260612_220524_redis_feed15_rep1,redis,sb:events:n20:feed15:rep1,a88a8b7b-dab2-4a21-a85b-580af51a83d1,3895095,7,0.5833333333333334,6698133011,8100038000,8100682500,1781298338641-0
concurrency_n20_20260612_220524_redis_feed15_rep1,redis,sb:events:n20:feed15:rep1,a0313cd5-9822-48bf-8ca6-3c92789a7474,3895121,7,0.5833333333333334,6698133011,8100891700,8102533100,1781298338643-0
concurrency_n20_20260612_220524_redis_feed15_rep1,redis,sb:events:n20:feed15:rep1,39fe9846-f889-4790-956c-d8df633e77d5,3895074,7,0.5833333333333334,6698133011,8102784700,8104200100,1781298338645-0
concurrency_n20_20260612_220524_redis_feed15_rep1,redis,sb:events:n20:feed15:rep1,ff2841c0-d955-494b-a7a9-ac8bbb82ad73,3895113,7,0.5833333333333334,6698133011,8104581300,8113765100,1781298338654-0
concurrency_n20_20260612_220524_redis_feed15_rep1,redis,sb:events:n20:feed15:rep1,5550d825-5f3b-41f6-bba0-d4cf66c1438e,3895074,7,0.5833333333333334,6698133011,8114044100,8114792300,1781298338656-0
concurrency_n20_20260612_220524_redis_feed15_rep1,redis,sb:events:n20:feed15:rep1,5af66cb7-f6a6-47cb-a57d-696dcdbe6716,3895113,7,0.5833333333333334,6698133011,8115060400,8115907400,1781298338656-1
concurrency_n20_20260612_220524_redis_feed15_rep1,redis,sb:events:n20:feed15:rep1,e8aa6b61-931b-4bf8-b329-cb66ffbd4313,3895074,7,0.5833333333333334,6698133011,8116142200,8117893700,1781298338658-0
concurrency_n20_20260612_220524_redis_feed15_rep1,redis,sb:events:n20:feed15:rep1,45ee08ea-fdab-4a8e-8114-f0dec4a5e815,3895113,7,0.5833333333333334,6698133011,8118229600,8119553500,1781298338660-0
concurrency_n20_20260612_220524_redis_feed15_rep1,redis,sb:events:n20:feed15:rep1,b2d11f7f-8c0d-4533-b2a3-843e981238ad,3895067,8,0.6666666666666666,6698827455,8120062300,8122506300,1781298338662-0
concurrency_n20_20260612_220524_redis_feed15_rep1,redis,sb:events:n20:feed15:rep1,320e0bbb-8e37-429c-aa29-d58d9ae85075,3895067,8,0.6666666666666666,6698827455,8122902700,8124386300,1781298338664-0
concurrency_n20_20260612_220524_redis_feed15_rep1,redis,sb:events:n20:feed15:rep1,1739877d-1a9a-45a1-a72d-189cd19ce825,3895060,8,0.6666666666666666,6698827455,8124690400,8127107000,1781298338666-0
concurrency_n20_20260612_220524_redis_feed15_rep1,redis,sb:events:n20:feed15:rep1,2da5d3ff-deec-4d16-b866-8a7d1fbb93e9,3895060,8,0.6666666666666666,6698827455,8127381800,8128740100,1781298338669-0
concurrency_n20_20260612_220524_redis_feed15_rep1,redis,sb:events:n20:feed15:rep1,71c80fb5-ad88-4f1a-a7d4-fd63ed429bcd,3895095,8,0.6666666666666666,6698827455,8129069000,8129952800,1781298338671-0
concurrency_n20_20260612_220524_redis_feed15_rep1,redis,sb:events:n20:feed15:rep1,d8ec2ac3-0202-455a-8a5d-255e1e4cc473,3895121,8,0.6666666666666666,6698827455,8130227200,8131154300,1781298338672-0
concurrency_n20_20260612_220524_redis_feed15_rep1,redis,sb:events:n20:feed15:rep1,1d75ee1b-f1e8-43ab-a31d-cc0805acd5e2,3895052,8,0.6666666666666666,6698827455,8131398800,8132378400,1781298338673-0
concurrency_n20_20260612_220524_redis_feed15_rep1,redis,sb:events:n20:feed15:rep1,cc3655de-3632-4a2c-8a22-d670144485db,3895095,8,0.6666666666666666,6698827455,8132713300,8133446600,1781298338674-0
concurrency_n20_20260612_220524_redis_feed15_rep1,redis,sb:events:n20:feed15:rep1,38932aa9-ad68-4202-bc2b-cca968001831,3895113,8,0.6666666666666666,6698827455,8133660100,8134712000,1781298338675-0
concurrency_n20_20260612_220524_redis_feed15_rep1,redis,sb:events:n20:feed15:rep1,5ff692af-8337-40bf-bf94-3357c44a9765,3895113,8,0.6666666666666666,6698827455,8134968600,8135807700,1781298338676-0
concurrency_n20_20260612_220524_redis_feed15_rep1,redis,sb:events:n20:feed15:rep1,dd059ddd-697b-4957-a691-f20eec306ea5,3895121,9,0.75,6699521900,8136051600,8138075700,1781298338678-0
concurrency_n20_20260612_220524_redis_feed15_rep1,redis,sb:events:n20:feed15:rep1,8f1fbe41-034b-43eb-9585-edbb0aadb7ba,3895052,9,0.75,6699521900,8138352200,8139734200,1781298338680-0
concurrency_n20_20260612_220524_redis_feed15_rep1,redis,sb:events:n20:feed15:rep1,99c1964f-2b9c-4442-b485-f7e6ce554c84,3895095,9,0.75,6699521900,8139994000,8140904200,1781298338681-0
concurrency_n20_20260612_220524_redis_feed15_rep1,redis,sb:events:n20:feed15:rep1,629bf2a1-ed9d-4d49-a2d8-cfd7a59e6e3e,3895121,9,0.75,6699521900,8141122400,8142544000,1781298338683-0
concurrency_n20_20260612_220524_redis_feed15_rep1,redis,sb:events:n20:feed15:rep1,4127d02c-6da9-47dc-b26f-40da7d121a92,3895052,9,0.75,6699521900,8142930000,8152911200,1781298338693-0
concurrency_n20_20260612_220524_redis_feed15_rep1,redis,sb:events:n20:feed15:rep1,9d075ad4-9f9f-4e6f-a093-5919a1a920b3,3895074,9,0.75,6699521900,8153249200,8154852700,1781298338695-0
concurrency_n20_20260612_220524_redis_feed15_rep1,redis,sb:events:n20:feed15:rep1,0427f1ec-ddae-4698-ab55-cc0403e01b74,3895095,9,0.75,6699521900,8155162700,8169409800,1781298338710-0
concurrency_n20_20260612_220524_redis_feed15_rep1,redis,sb:events:n20:feed15:rep1,43c3670a-83aa-427e-b4db-68d69ea6f60a,3895074,9,0.75,6699521900,8169764000,8177960900,1781298338718-0
concurrency_n20_20260612_220524_redis_feed15_rep1,redis,sb:events:n20:feed15:rep1,31528025-7c8a-4a3c-abf4-a6b496204f3f,3895074,9,0.75,6699521900,8178345600,8182357200,1781298338721-0
concurrency_n20_20260612_220524_redis_feed15_rep1,redis,sb:events:n20:feed15:rep1,08b17ce3-0fb5-45ee-b37f-1dff007b694a,3895067,10,0.8333333333333334,6700216344,8182699300,8185229800,1781298338725-0
concurrency_n20_20260612_220524_redis_feed15_rep1,redis,sb:events:n20:feed15:rep1,174d1bd5-23b1-403b-b417-fc59eab9339c,3895134,10,0.8333333333333334,6700216344,8185766400,8197390100,1781298338731-0
concurrency_n20_20260612_220524_redis_feed15_rep1,redis,sb:events:n20:feed15:rep1,7cba4468-f2eb-4352-94e8-2474e078f085,3895067,10,0.8333333333333334,6700216344,8198490800,8215016800,1781298338755-0
concurrency_n20_20260612_220524_redis_feed15_rep1,redis,sb:events:n20:feed15:rep1,7604592e-b68b-4f0b-a7ff-eca7a0e2440b,3895134,10,0.8333333333333334,6700216344,8215307200,8216672600,1781298338757-0
concurrency_n20_20260612_220524_redis_feed15_rep1,redis,sb:events:n20:feed15:rep1,ed38d77f-8234-4921-88d2-52ae89331fc2,3895060,10,0.8333333333333334,6700216344,8217046700,8223235100,1781298338761-0
concurrency_n20_20260612_220524_redis_feed15_rep1,redis,sb:events:n20:feed15:rep1,3a82e4ae-0527-4391-a6c1-23c5e4ace661,3895067,10,0.8333333333333334,6700216344,8223974800,8228712800,1781298338768-0
concurrency_n20_20260612_220524_redis_feed15_rep1,redis,sb:events:n20:feed15:rep1,55773380-38a7-49a4-b73a-a688f19444c1,3895134,10,0.8333333333333334,6700216344,8229094800,8230653900,1781298338771-0
concurrency_n20_20260612_220524_redis_feed15_rep1,redis,sb:events:n20:feed15:rep1,7aa7a387-f694-48d3-9239-56af7324dae2,3895060,10,0.8333333333333334,6700216344,8230944400,8232920400,1781298338772-0
concurrency_n20_20260612_220524_redis_feed15_rep1,redis,sb:events:n20:feed15:rep1,74e102e0-b7bc-4d69-a21b-fe814eb02b6e,3895134,10,0.8333333333333334,6700216344,8233207900,8235010800,1781298338775-0
concurrency_n20_20260612_220524_redis_feed15_rep1,redis,sb:events:n20:feed15:rep1,2fdcfc97-4f53-46be-ae4a-a5b67c508cf9,3895121,10,0.8333333333333334,6700216344,8235301400,8236453700,1781298338777-0
concurrency_n20_20260612_220524_redis_feed15_rep1,redis,sb:events:n20:feed15:rep1,897c5f7a-b611-400d-a4bd-546cbba4e897,3895134,10,0.8333333333333334,6700216344,8236708700,8239513800,1781298338780-0
concurrency_n20_20260612_220524_redis_feed15_rep1,redis,sb:events:n20:feed15:rep1,fac6763f-5f80-4b02-94e3-799bd452abc8,3895113,10,0.8333333333333334,6700216344,8239835500,8241015800,1781298338782-0
concurrency_n20_20260612_220524_redis_feed15_rep1,redis,sb:events:n20:feed15:rep1,d5a131da-001e-451d-94a2-16c8fddf1ae0,3895086,11,0.9166666666666666,6700910788,8241291600,8242384500,1781298338783-0
concurrency_n20_20260612_220524_redis_feed15_rep1,redis,sb:events:n20:feed15:rep1,43134fef-e6aa-4650-9198-9da79f955c83,3895067,11,0.9166666666666666,6700910788,8242674600,8243804000,1781298338784-0
concurrency_n20_20260612_220524_redis_feed15_rep1,redis,sb:events:n20:feed15:rep1,b767f8cf-4d2d-45c2-befd-2acd1c356621,3895060,11,0.9166666666666666,6700910788,8244248800,8246440000,1781298338786-0
concurrency_n20_20260612_220524_redis_feed15_rep1,redis,sb:events:n20:feed15:rep1,e62a0339-6478-4758-9dda-9c3a672cda2b,3895067,11,0.9166666666666666,6700910788,8246942100,8248844300,1781298338789-0
concurrency_n20_20260612_220524_redis_feed15_rep1,redis,sb:events:n20:feed15:rep1,6fcdcd6a-f032-47d6-8ab5-40021f4c097d,3895095,11,0.9166666666666666,6700910788,8249140400,8262204500,1781298338802-0
concurrency_n20_20260612_220524_redis_feed15_rep1,redis,sb:events:n20:feed15:rep1,b2a1e34b-f362-4be7-abc3-7d5015d54850,3895121,11,0.9166666666666666,6700910788,8262503500,8266333000,1781298338806-0
concurrency_n20_20260612_220524_redis_feed15_rep1,redis,sb:events:n20:feed15:rep1,635f9e3a-22a3-4328-aa0d-299e2244750f,3895134,11,0.9166666666666666,6700910788,8266647400,8274904800,1781298338815-0
concurrency_n20_20260612_220524_redis_feed15_rep1,redis,sb:events:n20:feed15:rep1,523c9836-c56d-469f-a9b2-b2cccef6dab7,3895095,11,0.9166666666666666,6700910788,8275253300,8276706500,1781298338817-0
concurrency_n20_20260612_220524_redis_feed15_rep1,redis,sb:events:n20:feed15:rep1,480e7b02-6900-48ff-a092-84edfe968c1e,3895121,11,0.9166666666666666,6700910788,8276989900,8279216100,1781298338819-0
concurrency_n20_20260612_220524_redis_feed15_rep1,redis,sb:events:n20:feed15:rep1,177cc6d8-cc4d-4509-9a20-021f81a25de5,3895134,11,0.9166666666666666,6700910788,8279563300,8283759700,1781298338823-0
concurrency_n20_20260612_220524_redis_feed15_rep1,redis,sb:events:n20:feed15:rep1,7962ad90-9dc3-435e-b10a-9bbfa62c5d21,3895074,11,0.9166666666666666,6700910788,8284294700,8288674700,1781298338829-0
concurrency_n20_20260612_220524_redis_feed15_rep1,redis,sb:events:n20:feed15:rep1,429856a9-3da6-4b26-b2c7-bffd25ab0c19,3895113,11,0.9166666666666666,6700910788,8289029600,8290696100,1781298338831-0
concurrency_n20_20260612_220524_redis_feed15_rep1,redis,sb:events:n20:feed15:rep1,7913f543-9fcd-488e-84d6-8a14f0455694,3895074,11,0.9166666666666666,6700910788,8290976200,8292701800,1781298338833-0
concurrency_n20_20260612_220524_redis_feed15_rep1,redis,sb:events:n20:feed15:rep1,8847c801-2b00-4bf3-9bb8-88f92ab95fa1,3895074,11,0.9166666666666666,6700910788,8293388800,8296013900,1781298338835-0
concurrency_n20_20260612_220524_redis_feed15_rep1,redis,sb:events:n20:feed15:rep1,5b924c30-ccff-4008-a917-fda9ba37cba4,3895074,11,0.9166666666666666,6700910788,8296314900,8298378500,1781298338838-0
concurrency_n20_20260612_220524_redis_feed15_rep1,redis,sb:events:n20:feed15:rep1,1e2eb1e6-7441-4fcb-b532-b7e4ff107657,3895086,12,1.0,6701605233,8298779600,8299893000,1781298338840-0
concurrency_n20_20260612_220524_redis_feed15_rep1,redis,sb:events:n20:feed15:rep1,a03fa6b0-0944-4d90-9881-9d2b47418d86,3895086,12,1.0,6701605233,8300262200,8301207100,1781298338842-0
concurrency_n20_20260612_220524_redis_feed15_rep1,redis,sb:events:n20:feed15:rep1,e7281523-4786-460c-a9a4-c25b2828a783,3895086,12,1.0,6701605233,8301522900,8302502600,1781298338843-0
concurrency_n20_20260612_220524_redis_feed15_rep1,redis,sb:events:n20:feed15:rep1,585a8685-12a2-418f-91a6-4d2a02ad8430,3895052,12,1.0,6701605233,8302753200,8304121600,1781298338844-0
concurrency_n20_20260612_220524_redis_feed15_rep1,redis,sb:events:n20:feed15:rep1,316981db-6e7f-44a0-999e-b56d5da36fd6,3895060,12,1.0,6701605233,8304444900,8322150000,1781298338850-0
concurrency_n20_20260612_220524_redis_feed15_rep1,redis,sb:events:n20:feed15:rep1,86c3a258-b8ca-4ec4-955d-05e4a45f4053,3895067,12,1.0,6701605233,8322426200,8325222800,1781298338864-0
concurrency_n20_20260612_220524_redis_feed15_rep1,redis,sb:events:n20:feed15:rep1,e7b35a27-1240-4696-9680-00347a4fd4ab,3895067,12,1.0,6701605233,8325735700,8329212400,1781298338867-0
concurrency_n20_20260612_220524_redis_feed15_rep1,redis,sb:events:n20:feed15:rep1,66cebf02-2ea6-4c35-a551-862b09130220,3895107,12,1.0,6701605233,8329577700,8338740000,1781298338879-0
concurrency_n20_20260612_220524_redis_feed15_rep1,redis,sb:events:n20:feed15:rep1,817e0fb2-07b1-470b-9ad7-0bba4767e247,3895095,12,1.0,6701605233,8339117200,8345207200,1781298338886-0
concurrency_n20_20260612_220524_redis_feed15_rep1,redis,sb:events:n20:feed15:rep1,5bdb34eb-55f0-4afa-b200-3172dc49c743,3895121,12,1.0,6701605233,8345572000,8386191300,1781298338924-0
concurrency_n20_20260612_220524_redis_feed15_rep1,redis,sb:events:n20:feed15:rep1,01867a27-4aa7-42ac-ab96-6d7f49d8dcb8,3895134,12,1.0,6701605233,8387027600,8393677700,1781298338932-0
concurrency_n20_20260612_220524_redis_feed15_rep1,redis,sb:events:n20:feed15:rep1,ba2de37d-ee65-4feb-a5ea-b54fc0236494,3895113,12,1.0,6701605233,8394002100,8429899000,1781298338948-0
concurrency_n20_20260612_220524_redis_feed15_rep1,redis,sb:events:n20:feed15:rep1,c55ee278-e7d5-4f2f-aaf9-1d7e71c7ee6f,3895134,12,1.0,6701605233,8430409800,8436093000,1781298338976-0
concurrency_n20_20260612_220524_redis_feed15_rep1,redis,sb:events:n20:feed15:rep1,51fb02b5-26e7-43ac-8165-4ca01a5c46d6,3895113,12,1.0,6701605233,8436517500,8440573300,1781298338979-0
concurrency_n20_20260612_220524_redis_feed15_rep1,redis,sb:events:n20:feed15:rep1,da7c4c87-47cc-43e4-abc7-ed5153ccd953,3895086,13,1.0833333333333333,6702299677,8440912200,8443042000,1781298338983-0
concurrency_n20_20260612_220524_redis_feed15_rep1,redis,sb:events:n20:feed15:rep1,2d158032-d266-417c-b308-7988ff8c3ffc,3895086,13,1.0833333333333333,6702299677,8443502600,8445608600,1781298338985-0
concurrency_n20_20260612_220524_redis_feed15_rep1,redis,sb:events:n20:feed15:rep1,54f1c83c-f7c4-4413-8a2a-69aaac9bec05,3895052,13,1.0833333333333333,6702299677,8446026900,8448232000,1781298338988-0
concurrency_n20_20260612_220524_redis_feed15_rep1,redis,sb:events:n20:feed15:rep1,4c6fb264-6641-4514-9dfb-96a0f17f3899,3895060,13,1.0833333333333333,6702299677,8448602700,8450848800,1781298338991-0
concurrency_n20_20260612_220524_redis_feed15_rep1,redis,sb:events:n20:feed15:rep1,50fa5c47-ce69-41d3-bf4a-29b4f86d02fd,3895052,13,1.0833333333333333,6702299677,8451395400,8452970900,1781298338993-0
concurrency_n20_20260612_220524_redis_feed15_rep1,redis,sb:events:n20:feed15:rep1,fe1233fa-d40a-4e0c-8b0d-55809b7d774b,3895060,13,1.0833333333333333,6702299677,8453258500,8456317800,1781298338995-0
concurrency_n20_20260612_220524_redis_feed15_rep1,redis,sb:events:n20:feed15:rep1,e295f3e0-e0cc-4adc-91fa-062599b27d25,3895107,13,1.0833333333333333,6702299677,8456811600,8459392100,1781298338999-0
concurrency_n20_20260612_220524_redis_feed15_rep1,redis,sb:events:n20:feed15:rep1,d79cf0c7-e0cd-4718-a96e-2b06b1cb0bed,3895107,13,1.0833333333333333,6702299677,8459800700,8462244300,1781298339003-0
concurrency_n20_20260612_220524_redis_feed15_rep1,redis,sb:events:n20:feed15:rep1,d46689a3-08bd-4188-bc0d-6a6bace1f531,3895086,14,1.1666666666666667,6702994122,8462631100,8463716100,1781298339004-0
concurrency_n20_20260612_220524_redis_feed15_rep1,redis,sb:events:n20:feed15:rep1,93753357-15d4-4424-9899-669adf6f34ea,3895052,14,1.1666666666666667,6702994122,8464016800,8464964300,1781298339006-0
concurrency_n20_20260612_220524_redis_feed15_rep1,redis,sb:events:n20:feed15:rep1,1615450f-4d55-4fef-91d6-ab9f981c6185,3895095,14,1.1666666666666667,6702994122,8465210900,8466879300,1781298339007-0
concurrency_n20_20260612_220524_redis_feed15_rep1,redis,sb:events:n20:feed15:rep1,9dcf795d-a1b5-4b33-b421-af35da8f1708,3895095,14,1.1666666666666667,6702994122,8467174500,8468233500,1781298339009-0
concurrency_n20_20260612_220524_redis_feed15_rep1,redis,sb:events:n20:feed15:rep1,bd76ea17-62ca-436b-b60f-ebbce8df5a58,3895074,14,1.1666666666666667,6702994122,8468587700,8470225500,1781298339010-0
concurrency_n20_20260612_220524_redis_feed15_rep1,redis,sb:events:n20:feed15:rep1,d0309ed5-a714-4866-9594-2806ec7f3053,3895074,14,1.1666666666666667,6702994122,8470489300,8484523500,1781298339025-0
concurrency_n20_20260612_220524_redis_feed15_rep1,redis,sb:events:n20:feed15:rep1,59d5f7d4-b2c8-4777-ad5d-f682a5be2482,3895074,14,1.1666666666666667,6702994122,8485342300,8489411500,1781298339028-0
concurrency_n20_20260612_220524_redis_feed15_rep1,redis,sb:events:n20:feed15:rep1,7b8d5bb4-4ed6-4983-806a-c8ca1feeef81,3895121,15,1.25,6703688566,8489721400,8492371500,1781298339032-0
concurrency_n20_20260612_220524_redis_feed15_rep1,redis,sb:events:n20:feed15:rep1,bf8ecf65-adbc-42d1-99f7-c48a6ef2ec06,3895052,15,1.25,6703688566,8493469300,8494368100,1781298339035-0
concurrency_n20_20260612_220524_redis_feed15_rep1,redis,sb:events:n20:feed15:rep1,8d671e50-4b4d-4fcc-be94-351d53828756,3895107,15,1.25,6703688566,8494624300,8495898500,1781298339036-0
concurrency_n20_20260612_220524_redis_feed15_rep1,redis,sb:events:n20:feed15:rep1,4cf23b83-c0d3-4df1-bdef-c5caded9cc07,3895121,15,1.25,6703688566,8496213400,8497351500,1781298339038-0
concurrency_n20_20260612_220524_redis_feed15_rep1,redis,sb:events:n20:feed15:rep1,67f9bdbc-8feb-49b2-b7fe-705375aac0db,3895052,15,1.25,6703688566,8497603300,8500414500,1781298339040-0
concurrency_n20_20260612_220524_redis_feed15_rep1,redis,sb:events:n20:feed15:rep1,5891ef4b-5571-4b46-961f-60fcb3d5029b,3895095,15,1.25,6703688566,8500760600,8504319700,1781298339043-0
concurrency_n20_20260612_220524_redis_feed15_rep1,redis,sb:events:n20:feed15:rep1,a6fdb7f7-8cbe-4f00-a6bc-68733f24f18c,3895121,15,1.25,6703688566,8504660400,8507782300,1781298339047-0
concurrency_n20_20260612_220524_redis_feed15_rep1,redis,sb:events:n20:feed15:rep1,0ae08622-c5d6-4f51-ac0a-85c965101887,3895095,15,1.25,6703688566,8508167300,8511205700,1781298339051-0
concurrency_n20_20260612_220524_redis_feed15_rep1,redis,sb:events:n20:feed15:rep1,b2aa3ef3-18c5-47bb-8d2b-ae0489efea39,3895134,16,1.3333333333333333,6704383011,8511569600,8522055900,1781298339056-0
concurrency_n20_20260612_220524_redis_feed15_rep1,redis,sb:events:n20:feed15:rep1,923309c9-3dcf-4141-a48f-e3208bd1f952,3895113,16,1.3333333333333333,6704383011,8522369200,8532933600,1781298339071-0
concurrency_n20_20260612_220524_redis_feed15_rep1,redis,sb:events:n20:feed15:rep1,e8f5cb79-b270-408d-8a30-991d50c8bccd,3895095,16,1.3333333333333333,6704383011,8533300600,8537410400,1781298339075-0
concurrency_n20_20260612_220524_redis_feed15_rep1,redis,sb:events:n20:feed15:rep1,740e3759-e2fa-4c08-bb5e-ac9ff7760fce,3895074,16,1.3333333333333333,6704383011,8537699100,8563424500,1781298339102-0
concurrency_n20_20260612_220524_redis_feed15_rep1,redis,sb:events:n20:feed15:rep1,3f1b90e5-46c3-4832-b386-a774f9ef7762,3895074,16,1.3333333333333333,6704383011,8563696300,8569988600,1781298339111-0
concurrency_n20_20260612_220524_redis_feed15_rep1,redis,sb:events:n20:feed15:rep1,4453ce7d-4348-41a1-a86f-beae68288f76,3895074,16,1.3333333333333333,6704383011,8570301600,8572561500,1781298339112-0
concurrency_n20_20260612_220524_redis_feed15_rep1,redis,sb:events:n20:feed15:rep1,8eadb67c-5080-4a27-836f-922f5a6eeeb6,3895074,16,1.3333333333333333,6704383011,8572806100,8575448000,1781298339114-0
concurrency_n20_20260612_220524_redis_feed15_rep1,redis,sb:events:n20:feed15:rep1,4917b4e0-e17c-4412-bec0-734319e40d03,3895074,16,1.3333333333333333,6704383011,8575759400,8577635600,1781298339117-0
concurrency_n20_20260612_220524_redis_feed15_rep1,redis,sb:events:n20:feed15:rep1,6bae2646-95ef-4ae3-808b-79fa5756e3a0,3895086,17,1.4166666666666667,6705077455,8577943400,8579884700,1781298339119-0
concurrency_n20_20260612_220524_redis_feed15_rep1,redis,sb:events:n20:feed15:rep1,86a2db30-3020-4a3a-af2f-3b1d59b73adc,3895052,17,1.4166666666666667,6705077455,8580226900,8598322100,1781298339138-0
concurrency_n20_20260612_220524_redis_feed15_rep1,redis,sb:events:n20:feed15:rep1,6099cc29-0d11-4fee-9d00-ce786f36eca9,3895113,17,1.4166666666666667,6705077455,8598621500,8614853200,1781298339155-0
concurrency_n20_20260612_220524_redis_feed15_rep1,redis,sb:events:n20:feed15:rep1,da8b4ee3-3079-4353-ac9d-451a47100b52,3895121,17,1.4166666666666667,6705077455,8615155900,8617861000,1781298339157-0
concurrency_n20_20260612_220524_redis_feed15_rep1,redis,sb:events:n20:feed15:rep1,238ccd63-a906-4647-a994-0b592cedbb4d,3895113,17,1.4166666666666667,6705077455,8618133800,8620142900,1781298339160-0
concurrency_n20_20260612_220524_redis_feed15_rep1,redis,sb:events:n20:feed15:rep1,5f5f1bfd-17e6-4a75-a48d-23c004391ca0,3895121,17,1.4166666666666667,6705077455,8620615200,8623731700,1781298339163-0
concurrency_n20_20260612_220524_redis_feed15_rep1,redis,sb:events:n20:feed15:rep1,f56d4891-5044-48bc-98bd-2714de02c555,3895095,17,1.4166666666666667,6705077455,8623984500,8626735600,1781298339166-0
concurrency_n20_20260612_220524_redis_feed15_rep1,redis,sb:events:n20:feed15:rep1,74fb2011-216f-43aa-8c61-587989c3083d,3895095,17,1.4166666666666667,6705077455,8627136400,8630436900,1781298339170-0
concurrency_n20_20260612_220524_redis_feed15_rep1,redis,sb:events:n20:feed15:rep1,c4f630f3-cffd-4397-a545-146b8ed79cba,3895095,17,1.4166666666666667,6705077455,8630768800,8634717900,1781298339174-0
concurrency_n20_20260612_220524_redis_feed15_rep1,redis,sb:events:n20:feed15:rep1,a2d472e0-2844-401d-94b3-333c820b3d2d,3895086,18,1.5,6705771900,8635016500,8637416700,1781298339177-0
concurrency_n20_20260612_220524_redis_feed15_rep1,redis,sb:events:n20:feed15:rep1,a3d8c0c0-3e97-47d3-8bee-8eba75a19ae8,3895086,18,1.5,6705771900,8637731000,8639713800,1781298339179-0
concurrency_n20_20260612_220524_redis_feed15_rep1,redis,sb:events:n20:feed15:rep1,e1464657-428c-47db-b28c-41c44d976b21,3895086,18,1.5,6705771900,8639962800,8643006700,1781298339182-0
concurrency_n20_20260612_220524_redis_feed15_rep1,redis,sb:events:n20:feed15:rep1,f3cf7038-cbb0-4e2b-be0e-87d31d2aa135,3895086,18,1.5,6705771900,8643294200,8649728200,1781298339187-0
concurrency_n20_20260612_220524_redis_feed15_rep1,redis,sb:events:n20:feed15:rep1,c6cba519-72a4-4c6a-a204-27bb2809348d,3895107,18,1.5,6705771900,8650140200,8652755000,1781298339192-0
concurrency_n20_20260612_220524_redis_feed15_rep1,redis,sb:events:n20:feed15:rep1,415243ce-3849-4896-9be1-75365ad90b78,3895134,18,1.5,6705771900,8653185800,8656658800,1781298339195-0
concurrency_n20_20260612_220524_redis_feed15_rep1,redis,sb:events:n20:feed15:rep1,b4c2c8e7-ca1b-4d18-863e-e58021f75654,3895086,18,1.5,6705771900,8656967500,8659417900,1781298339199-0
concurrency_n20_20260612_220524_redis_feed15_rep1,redis,sb:events:n20:feed15:rep1,0419e708-847b-4ff2-a6f7-50031b3683e4,3895107,18,1.5,6705771900,8659652900,8689293600,1781298339227-0
concurrency_n20_20260612_220524_redis_feed15_rep1,redis,sb:events:n20:feed15:rep1,f9096f10-3921-40be-bcaa-d7439f4bef6c,3895134,18,1.5,6705771900,8689552400,8691856100,1781298339231-0
concurrency_n20_20260612_220524_redis_feed15_rep1,redis,sb:events:n20:feed15:rep1,da618d2e-27e6-47f5-ba91-a32d880fc3f3,3895052,18,1.5,6705771900,8692135600,8693998500,1781298339234-0
concurrency_n20_20260612_220524_redis_feed15_rep1,redis,sb:events:n20:feed15:rep1,c6085c22-483f-4a4b-a3a7-27fbee22ae65,3895052,18,1.5,6705771900,8694287200,8705776000,1781298339243-0
concurrency_n20_20260612_220524_redis_feed15_rep1,redis,sb:events:n20:feed15:rep1,3211acd7-830e-4b57-9d44-ffc087f09783,3895121,18,1.5,6705771900,8706260500,8714098000,1781298339251-0
concurrency_n20_20260612_220524_redis_feed15_rep1,redis,sb:events:n20:feed15:rep1,5ecff428-f7e5-4098-a070-003bae61d520,3895052,18,1.5,6705771900,8714734900,8721362000,1781298339259-0
concurrency_n20_20260612_220524_redis_feed15_rep1,redis,sb:events:n20:feed15:rep1,08a00791-17e3-4e67-acbb-494c7c518e23,3895095,18,1.5,6705771900,8721866700,8732296800,1781298339264-0
concurrency_n20_20260612_220524_redis_feed15_rep1,redis,sb:events:n20:feed15:rep1,4acda0ae-ebda-4589-806c-c3233063335e,3895107,19,1.5833333333333333,6706466344,8732570100,8734690700,1781298339274-0
concurrency_n20_20260612_220524_redis_feed15_rep1,redis,sb:events:n20:feed15:rep1,61c008f9-cf5c-4ebe-ae27-f5ee5b22c150,3895134,19,1.5833333333333333,6706466344,8734970000,8738282200,1781298339278-0
concurrency_n20_20260612_220524_redis_feed15_rep1,redis,sb:events:n20:feed15:rep1,95573a25-89e1-4453-899f-9231016295df,3895107,19,1.5833333333333333,6706466344,8738574500,8740920100,1781298339280-0
concurrency_n20_20260612_220524_redis_feed15_rep1,redis,sb:events:n20:feed15:rep1,7d098e93-c4a3-4d21-94e1-ee7f39346658,3895113,19,1.5833333333333333,6706466344,8741265000,8744923400,1781298339285-0
concurrency_n20_20260612_220524_redis_feed15_rep1,redis,sb:events:n20:feed15:rep1,f6afab09-dd54-41b0-9eab-2f54641f6cc7,3895134,19,1.5833333333333333,6706466344,8745217000,8751554200,1781298339289-0
concurrency_n20_20260612_220524_redis_feed15_rep1,redis,sb:events:n20:feed15:rep1,82b43325-f1c1-48f8-8a96-f447e73e0014,3895107,19,1.5833333333333333,6706466344,8751906500,8755447200,1781298339294-0
concurrency_n20_20260612_220524_redis_feed15_rep1,redis,sb:events:n20:feed15:rep1,babaa5b7-7d2a-455f-9d53-09929055b994,3895121,19,1.5833333333333333,6706466344,8755835800,8762871000,1781298339303-0
concurrency_n20_20260612_220524_redis_feed15_rep1,redis,sb:events:n20:feed15:rep1,fbeffccf-f6ec-4792-812e-6aa5f8535b6c,3895134,19,1.5833333333333333,6706466344,8763212900,8768053700,1781298339306-0
concurrency_n20_20260612_220524_redis_feed15_rep1,redis,sb:events:n20:feed15:rep1,31656a86-ac6f-48e7-8588-664d49470dcf,3895121,19,1.5833333333333333,6706466344,8768590000,8782814100,1781298339320-0
concurrency_n20_20260612_220524_redis_feed15_rep1,redis,sb:events:n20:feed15:rep1,c1fd3b58-ecc8-4b74-baf6-d706324c0a37,3895095,19,1.5833333333333333,6706466344,8783131400,8785683600,1781298339325-0
concurrency_n20_20260612_220524_redis_feed15_rep1,redis,sb:events:n20:feed15:rep1,34a68da4-a761-418e-a94a-29bb8fd8e96e,3895095,19,1.5833333333333333,6706466344,8786031700,8787920600,1781298339328-0
concurrency_n20_20260612_220524_redis_feed15_rep1,redis,sb:events:n20:feed15:rep1,5ea481e0-e6e1-4897-b6e0-78445211ad3d,3895060,20,1.6666666666666667,6707160788,8788186700,8789783500,1781298339330-0
concurrency_n20_20260612_220524_redis_feed15_rep1,redis,sb:events:n20:feed15:rep1,58a678fb-10ef-4114-9bbb-099466db1636,3895086,20,1.6666666666666667,6707160788,8790026000,8791579500,1781298339332-0
concurrency_n20_20260612_220524_redis_feed15_rep1,redis,sb:events:n20:feed15:rep1,5e0455ba-95d7-4dc9-92d6-c8b777a5c7b6,3895086,20,1.6666666666666667,6707160788,8791809500,8795194000,1781298339334-0
concurrency_n20_20260612_220524_redis_feed15_rep1,redis,sb:events:n20:feed15:rep1,9adb3957-42ed-4d0a-80fc-38ad27500ee0,3895113,20,1.6666666666666667,6707160788,8795546700,8798827500,1781298339337-0
concurrency_n20_20260612_220524_redis_feed15_rep1,redis,sb:events:n20:feed15:rep1,a6f33202-5449-458f-8473-9c4274528e11,3895052,20,1.6666666666666667,6707160788,8799489700,8803361800,1781298339341-0
concurrency_n20_20260612_220524_redis_feed15_rep1,redis,sb:events:n20:feed15:rep1,91c869e1-262b-4223-89b4-903cf7e9b527,3895107,20,1.6666666666666667,6707160788,8803702000,8806023900,1781298339345-0
concurrency_n20_20260612_220524_redis_feed15_rep1,redis,sb:events:n20:feed15:rep1,8e9c5a9a-0084-457b-93be-2ba84bbe4fcb,3895113,20,1.6666666666666667,6707160788,8806315000,8808154800,1781298339348-0
concurrency_n20_20260612_220524_redis_feed15_rep1,redis,sb:events:n20:feed15:rep1,91e88312-848a-47f2-8871-b71be8bb172c,3895107,20,1.6666666666666667,6707160788,8808427100,8811437500,1781298339350-0
concurrency_n20_20260612_220524_redis_feed15_rep1,redis,sb:events:n20:feed15:rep1,20d4b309-2546-439a-96d6-c362fb3ecb2d,3895113,20,1.6666666666666667,6707160788,8811809500,8816310200,1781298339355-0
concurrency_n20_20260612_220524_redis_feed15_rep1,redis,sb:events:n20:feed15:rep1,04f7f325-bfc0-4731-a32f-7f8232c8296e,3895121,20,1.6666666666666667,6707160788,8817525500,8845143200,1781298339384-0
concurrency_n20_20260612_220524_redis_feed15_rep1,redis,sb:events:n20:feed15:rep1,5bd4ec7d-4d90-4a2d-bcea-2fe45009e3e5,3895113,20,1.6666666666666667,6707160788,8845527200,8851556900,1781298339391-0
concurrency_n20_20260612_220524_redis_feed15_rep1,redis,sb:events:n20:feed15:rep1,90ec0daf-d61f-4501-ab28-c24d33c3ac5f,3895060,21,1.75,6707855233,8851945700,8854801000,1781298339394-0
concurrency_n20_20260612_220524_redis_feed15_rep1,redis,sb:events:n20:feed15:rep1,948f6c30-084e-4ef6-a45d-90557e5552d8,3895060,21,1.75,6707855233,8855068000,8889293000,1781298339430-0
concurrency_n20_20260612_220524_redis_feed15_rep1,redis,sb:events:n20:feed15:rep1,a4cf9a70-b481-4b49-9ce1-ca29ff7c506e,3895134,21,1.75,6707855233,8889827100,8919478600,1781298339460-0
concurrency_n20_20260612_220524_redis_feed15_rep1,redis,sb:events:n20:feed15:rep1,ce0cff7d-de0c-4e19-8496-2dd948d69413,3895052,21,1.75,6707855233,8919799800,8926703500,1781298339464-0
concurrency_n20_20260612_220524_redis_feed15_rep1,redis,sb:events:n20:feed15:rep1,d2616640-d066-4175-a00a-35d3db6e7ef0,3895134,21,1.75,6707855233,8927047300,8931362800,1781298339469-0
concurrency_n20_20260612_220524_redis_feed15_rep1,redis,sb:events:n20:feed15:rep1,ebaf6e35-461e-411b-a4c6-bd8c8807ed4b,3895052,21,1.75,6707855233,8931643800,8951841700,1781298339489-0
concurrency_n20_20260612_220524_redis_feed15_rep1,redis,sb:events:n20:feed15:rep1,377feb38-fa03-4b29-bb7f-2cfbb3baf194,3895107,21,1.75,6707855233,8952275800,9006136700,1781298339546-0
concurrency_n20_20260612_220524_redis_feed15_rep1,redis,sb:events:n20:feed15:rep1,a5317761-7d6b-4332-832c-56edfbce761f,3895121,21,1.75,6707855233,9006439600,9014124900,1781298339548-0
concurrency_n20_20260612_220524_redis_feed15_rep1,redis,sb:events:n20:feed15:rep1,d0a1094c-65af-4a38-8aa7-a18ff8210a8e,3895107,21,1.75,6707855233,9014635700,9018511400,1781298339556-0
concurrency_n20_20260612_220524_redis_feed15_rep1,redis,sb:events:n20:feed15:rep1,6824686d-4590-42ed-bcb5-84522be6958f,3895113,21,1.75,6707855233,9019030800,9022353400,1781298339561-0
concurrency_n20_20260612_220524_redis_feed15_rep1,redis,sb:events:n20:feed15:rep1,7b952b7f-319c-4b59-9887-322eb909afae,3895121,21,1.75,6707855233,9022667900,9027072000,1781298339566-0
concurrency_n20_20260612_220524_redis_feed15_rep1,redis,sb:events:n20:feed15:rep1,13cdffc6-1a64-46ed-9d46-9d52584911eb,3895095,21,1.75,6707855233,9027822900,9033026800,1781298339569-0
concurrency_n20_20260612_220524_redis_feed15_rep1,redis,sb:events:n20:feed15:rep1,4c5afbe4-b097-4acf-8087-c15c6b876bb2,3895113,21,1.75,6707855233,9033458000,9036518100,1781298339575-0
concurrency_n20_20260612_220524_redis_feed15_rep1,redis,sb:events:n20:feed15:rep1,d7d57b8f-e679-4a01-9112-8c67d14816da,3895121,21,1.75,6707855233,9036901700,9040829800,1781298339578-0
concurrency_n20_20260612_220524_redis_feed15_rep1,redis,sb:events:n20:feed15:rep1,380b0b2e-41af-476d-bb8d-683c2c4bc624,3895134,22,1.8333333333333333,6708549677,9041204700,9045748200,1781298339583-0
concurrency_n20_20260612_220524_redis_feed15_rep1,redis,sb:events:n20:feed15:rep1,9a40ee6a-81c2-48c1-b86d-7b611f1cbad9,3895052,22,1.8333333333333333,6708549677,9046094600,9064799900,1781298339603-0
concurrency_n20_20260612_220524_redis_feed15_rep1,redis,sb:events:n20:feed15:rep1,064b72e5-2907-4fec-ae0a-2108f5e8524f,3895052,22,1.8333333333333333,6708549677,9065048100,9067749300,1781298339607-0
concurrency_n20_20260612_220524_redis_feed15_rep1,redis,sb:events:n20:feed15:rep1,13033282-511b-44a2-bdfb-112ad4f2cbe2,3895107,22,1.8333333333333333,6708549677,9068097800,9071763900,1781298339610-0
concurrency_n20_20260612_220524_redis_feed15_rep1,redis,sb:events:n20:feed15:rep1,6d76d333-ddbe-4dd4-b0e0-f04bace0d42c,3895121,22,1.8333333333333333,6708549677,9072078200,9075844300,1781298339614-0
concurrency_n20_20260612_220524_redis_feed15_rep1,redis,sb:events:n20:feed15:rep1,b718de1e-9955-427d-a714-9612b515b37f,3895060,23,1.9166666666666667,6709244122,9076141000,9080976700,1781298339619-0
concurrency_n20_20260612_220524_redis_feed15_rep1,redis,sb:events:n20:feed15:rep1,5d1189db-89e2-4f3a-9fe7-9ca309a9180b,3895086,23,1.9166666666666667,6709244122,9081239800,9083034100,1781298339624-0
concurrency_n20_20260612_220524_redis_feed15_rep1,redis,sb:events:n20:feed15:rep1,bf131dfc-aa54-477b-aa3a-fe427e0f5a4d,3895052,23,1.9166666666666667,6709244122,9083330400,9085531300,1781298339625-0
concurrency_n20_20260612_220524_redis_feed15_rep1,redis,sb:events:n20:feed15:rep1,f436fba2-fe86-4de4-81a8-6f0ade75bb37,3895095,23,1.9166666666666667,6709244122,9085823500,9088210000,1781298339628-0
concurrency_n20_20260612_220524_redis_feed15_rep1,redis,sb:events:n20:feed15:rep1,0ff21259-8e4f-4ca9-b2f0-eeca108eaf72,3895107,23,1.9166666666666667,6709244122,9088504300,9099981400,1781298339633-0
concurrency_n20_20260612_220524_redis_feed15_rep1,redis,sb:events:n20:feed15:rep1,cb77e8ab-344f-468f-81fa-a6da694d993e,3895095,23,1.9166666666666667,6709244122,9100280300,9102780700,1781298339642-0
concurrency_n20_20260612_220524_redis_feed15_rep1,redis,sb:events:n20:feed15:rep1,0330715d-3ebb-4144-b556-11d9aea021f7,3895107,23,1.9166666666666667,6709244122,9103066400,9110203100,1781298339646-0
concurrency_n20_20260612_220524_redis_feed15_rep1,redis,sb:events:n20:feed15:rep1,13f2f67e-ce8a-45c1-91d1-965bd994230e,3895107,23,1.9166666666666667,6709244122,9110496100,9112667100,1781298339652-0
concurrency_n20_20260612_220524_redis_feed15_rep1,redis,sb:events:n20:feed15:rep1,30439125-dd53-46d2-95b0-e188be25443c,3895067,24,2.0,6709938566,9112928600,9115245200,1781298339655-0
concurrency_n20_20260612_220524_redis_feed15_rep1,redis,sb:events:n20:feed15:rep1,11e909cf-1292-4ff6-877b-047271284066,3895060,24,2.0,6709938566,9115505900,9117399100,1781298339657-0
concurrency_n20_20260612_220524_redis_feed15_rep1,redis,sb:events:n20:feed15:rep1,43d00079-b73c-4617-aa1a-2d5d3d54ba34,3895086,24,2.0,6709938566,9117670200,9120197200,1781298339659-0
concurrency_n20_20260612_220524_redis_feed15_rep1,redis,sb:events:n20:feed15:rep1,a332d835-268e-4498-8bfb-67085f324c46,3895086,24,2.0,6709938566,9120483200,9122921500,1781298339662-0
concurrency_n20_20260612_220524_redis_feed15_rep1,redis,sb:events:n20:feed15:rep1,cf31353b-8f9d-4a5e-9fbe-b74bcc381264,3895121,24,2.0,6709938566,9123192000,9124669700,1781298339665-0
concurrency_n20_20260612_220524_redis_feed15_rep1,redis,sb:events:n20:feed15:rep1,e8f164f5-a160-4c46-a82c-abe4e89677d9,3895121,24,2.0,6709938566,9124924200,9130233200,1781298339669-0
concurrency_n20_20260612_220524_redis_feed15_rep1,redis,sb:events:n20:feed15:rep1,dcc91b79-7910-496f-853c-e3a279361c9c,3895107,24,2.0,6709938566,9130507600,9133600500,1781298339672-0
concurrency_n20_20260612_220524_redis_feed15_rep1,redis,sb:events:n20:feed15:rep1,a815f844-803f-46d0-98ef-cb7d3aca3c8b,3895067,25,2.083333333333333,6710633011,9133863300,9136723300,1781298339676-0
concurrency_n20_20260612_220524_redis_feed15_rep1,redis,sb:events:n20:feed15:rep1,ead699aa-f13c-4cdf-8423-f658ad925cb5,3895067,25,2.083333333333333,6710633011,9137098300,9139140400,1781298339679-0
concurrency_n20_20260612_220524_redis_feed15_rep1,redis,sb:events:n20:feed15:rep1,9f680d72-f947-4b6e-a483-04e6cb981cf5,3895060,25,2.083333333333333,6710633011,9139429600,9141580900,1781298339681-0
concurrency_n20_20260612_220524_redis_feed15_rep1,redis,sb:events:n20:feed15:rep1,84c01004-f3ae-4fda-bcdd-31980eb13196,3895060,25,2.083333333333333,6710633011,9141847400,9144153200,1781298339684-0
concurrency_n20_20260612_220524_redis_feed15_rep1,redis,sb:events:n20:feed15:rep1,2b8248b7-ca1e-4b25-8019-43dcd354312b,3895134,25,2.083333333333333,6710633011,9144415500,9157395900,1781298339698-0
concurrency_n20_20260612_220524_redis_feed15_rep1,redis,sb:events:n20:feed15:rep1,07087bbe-871b-46b9-af20-4c074da4a10d,3895113,25,2.083333333333333,6710633011,9157726000,9175276200,1781298339714-0
concurrency_n20_20260612_220524_redis_feed15_rep1,redis,sb:events:n20:feed15:rep1,24fa959e-ad78-4dfb-9cf7-ff352947271c,3895052,25,2.083333333333333,6710633011,9175749300,9178517300,1781298339717-0
concurrency_n20_20260612_220524_redis_feed15_rep1,redis,sb:events:n20:feed15:rep1,03f103fa-f1fc-463e-87d9-cd3db62d4291,3895052,25,2.083333333333333,6710633011,9178775900,9180203300,1781298339720-0
concurrency_n20_20260612_220524_redis_feed15_rep1,redis,sb:events:n20:feed15:rep1,da6d72e8-314a-4232-892f-7f2b7aa233da,3895052,25,2.083333333333333,6710633011,9181987000,9184382000,1781298339724-0
concurrency_n20_20260612_220524_redis_feed15_rep1,redis,sb:events:n20:feed15:rep1,197edbf9-491f-48e7-b569-16790aa29662,3895107,25,2.083333333333333,6710633011,9184861400,9187292400,1781298339726-0
concurrency_n20_20260612_220524_redis_feed15_rep1,redis,sb:events:n20:feed15:rep1,8cbf25e7-f76d-430e-b1c7-4b5c77f460f1,3895107,25,2.083333333333333,6710633011,9187634700,9189958400,1781298339729-0
concurrency_n20_20260612_220524_redis_feed15_rep1,redis,sb:events:n20:feed15:rep1,e1f2d0bd-aeb0-42b2-867d-f5e407986d61,3895086,26,2.1666666666666665,6711327455,9190309400,9206891000,1781298339746-0
concurrency_n20_20260612_220524_redis_feed15_rep1,redis,sb:events:n20:feed15:rep1,1cfdd0b2-0f61-4520-8329-c24d895696b1,3895113,26,2.1666666666666665,6711327455,9207414500,9209964600,1781298339749-0
concurrency_n20_20260612_220524_redis_feed15_rep1,redis,sb:events:n20:feed15:rep1,4a4a7e44-43c5-44e2-bf4c-ca1637daea87,3895107,26,2.1666666666666665,6711327455,9210377300,9213067300,1781298339752-0
concurrency_n20_20260612_220524_redis_feed15_rep1,redis,sb:events:n20:feed15:rep1,b812268f-ce7d-4b17-9ad2-f38e50908694,3895107,26,2.1666666666666665,6711327455,9213359500,9215959600,1781298339755-0
concurrency_n20_20260612_220524_redis_feed15_rep1,redis,sb:events:n20:feed15:rep1,984ac2c7-33e7-43ac-8152-f88bdf9bcb40,3895107,26,2.1666666666666665,6711327455,9216274200,9218446800,1781298339758-0
concurrency_n20_20260612_220524_redis_feed15_rep1,redis,sb:events:n20:feed15:rep1,2c82e5ca-792d-4700-8f46-ad27ebbb3545,3895107,26,2.1666666666666665,6711327455,9219355400,9222033100,1781298339762-0
concurrency_n20_20260612_220524_redis_feed15_rep1,redis,sb:events:n20:feed15:rep1,d109e813-a171-4eab-bd01-20c8e0a2d54b,3895067,27,2.25,6712021900,9222334900,9224993900,1781298339765-0
concurrency_n20_20260612_220524_redis_feed15_rep1,redis,sb:events:n20:feed15:rep1,4dbc35f7-4520-4c1d-a0c1-81c1760b2c40,3895067,27,2.25,6712021900,9225273700,9227536100,1781298339767-0
concurrency_n20_20260612_220524_redis_feed15_rep1,redis,sb:events:n20:feed15:rep1,10df0432-33a1-4c21-9b36-dc9a9488ba69,3895067,27,2.25,6712021900,9227940900,9245634500,1781298339770-0
concurrency_n20_20260612_220524_redis_feed15_rep1,redis,sb:events:n20:feed15:rep1,1ada5a52-ccdd-47d6-bfae-a3c6cfe6695c,3895086,27,2.25,6712021900,9246046800,9248222900,1781298339788-0
concurrency_n20_20260612_220524_redis_feed15_rep1,redis,sb:events:n20:feed15:rep1,49b31666-46f5-4aa7-a2b1-869d05a27d90,3895086,27,2.25,6712021900,9248480400,9251163300,1781298339790-0
concurrency_n20_20260612_220524_redis_feed15_rep1,redis,sb:events:n20:feed15:rep1,3e22029c-1ffc-479a-8824-66a065a2fdf6,3895134,27,2.25,6712021900,9251451200,9253904800,1781298339793-0
concurrency_n20_20260612_220524_redis_feed15_rep1,redis,sb:events:n20:feed15:rep1,c3ae126d-34d6-421c-813d-3e3179428b05,3895086,27,2.25,6712021900,9254193500,9256527800,1781298339796-0
concurrency_n20_20260612_220524_redis_feed15_rep1,redis,sb:events:n20:feed15:rep1,3ef9a433-6ad8-4533-b8c7-8465064ae209,3895134,27,2.25,6712021900,9256813100,9258727700,1781298339798-0
concurrency_n20_20260612_220524_redis_feed15_rep1,redis,sb:events:n20:feed15:rep1,cfe9b540-ca3b-4aad-b553-0674713203bb,3895113,27,2.25,6712021900,9259017300,9260914000,1781298339801-0
concurrency_n20_20260612_220524_redis_feed15_rep1,redis,sb:events:n20:feed15:rep1,6a8269d2-5ce9-4921-9502-03ae5b27b8b6,3895113,27,2.25,6712021900,9261357200,9263133900,1781298339803-0
concurrency_n20_20260612_220524_redis_feed15_rep1,redis,sb:events:n20:feed15:rep1,87c20b3f-2fe3-4696-b387-5997a79262eb,3895052,27,2.25,6712021900,9263392700,9264970000,1781298339805-0
concurrency_n20_20260612_220524_redis_feed15_rep1,redis,sb:events:n20:feed15:rep1,ce148b24-1185-48a7-bc22-d593e8115f3c,3895052,27,2.25,6712021900,9265284800,9268563600,1781298339808-0
concurrency_n20_20260612_220524_redis_feed15_rep1,redis,sb:events:n20:feed15:rep1,12eedca2-420b-4b01-a81d-12b847d2f8a6,3895107,27,2.25,6712021900,9269030600,9270398100,1781298339811-0
concurrency_n20_20260612_220524_redis_feed15_rep1,redis,sb:events:n20:feed15:rep1,b343f95e-f220-4957-afda-b760c0859784,3895107,27,2.25,6712021900,9270675600,9290776800,1781298339828-0
concurrency_n20_20260612_220524_redis_feed15_rep1,redis,sb:events:n20:feed15:rep1,d4611d70-d895-41fc-95ab-a1c65347c86b,3895095,28,2.333333333333333,6712716344,9291021400,9294029300,1781298339833-0
concurrency_n20_20260612_220524_redis_feed15_rep1,redis,sb:events:n20:feed15:rep1,e3e1f7c7-4932-4722-9f8c-b801ec0f3eb9,3895113,28,2.333333333333333,6712716344,9294367900,9295718500,1781298339836-0
concurrency_n20_20260612_220524_redis_feed15_rep1,redis,sb:events:n20:feed15:rep1,f2148745-955f-4ae6-99fc-7eea72344f5c,3895052,28,2.333333333333333,6712716344,9296024900,9297746500,1781298339838-0
concurrency_n20_20260612_220524_redis_feed15_rep1,redis,sb:events:n20:feed15:rep1,2e41f9b8-5553-4025-bfb2-90dc50a9013a,3895107,28,2.333333333333333,6712716344,9298142300,9300481700,1781298339841-0
concurrency_n20_20260612_220524_redis_feed15_rep1,redis,sb:events:n20:feed15:rep1,78f5f9b2-8e23-4ed5-bc21-6cb65b4bfecd,3895107,28,2.333333333333333,6712716344,9300759700,9301939600,1781298339842-0
concurrency_n20_20260612_220524_redis_feed15_rep1,redis,sb:events:n20:feed15:rep1,d0c9136b-fb00-4bfe-bd7f-3b3dbdc6992c,3895107,28,2.333333333333333,6712716344,9302213000,9307763800,1781298339844-0
concurrency_n20_20260612_220524_redis_feed15_rep1,redis,sb:events:n20:feed15:rep1,9279e24a-1872-4df5-9f01-bb6acffcaaf3,3895107,28,2.333333333333333,6712716344,9308069000,9309554000,1781298339850-0
concurrency_n20_20260612_220524_redis_feed15_rep1,redis,sb:events:n20:feed15:rep1,79692146-523d-48d7-bb97-a2bfe9215a4c,3895107,28,2.333333333333333,6712716344,9309819600,9311611200,1781298339852-0
concurrency_n20_20260612_220524_redis_feed15_rep1,redis,sb:events:n20:feed15:rep1,447b0a0c-05be-471b-aaf1-2bc3a39574a6,3895067,29,2.4166666666666665,6713410788,9311872900,9313500100,1781298339854-0
concurrency_n20_20260612_220524_redis_feed15_rep1,redis,sb:events:n20:feed15:rep1,5a772691-1265-464f-aabd-c573e8a0ab8c,3895074,29,2.4166666666666665,6713410788,9313803800,9315051100,1781298339855-0
concurrency_n20_20260612_220524_redis_feed15_rep1,redis,sb:events:n20:feed15:rep1,6b3357d7-8b5b-4068-944b-8abb2b0458ff,3895086,29,2.4166666666666665,6713410788,9315270600,9317144200,1781298339857-0
concurrency_n20_20260612_220524_redis_feed15_rep1,redis,sb:events:n20:feed15:rep1,263393dd-6b86-4b3d-b4d4-08e19a071251,3895134,29,2.4166666666666665,6713410788,9318295900,9320328800,1781298339860-0
concurrency_n20_20260612_220524_redis_feed15_rep1,redis,sb:events:n20:feed15:rep1,8ecf55aa-b2b4-4325-87ae-b9773d146ca4,3895086,29,2.4166666666666665,6713410788,9320696300,9322550000,1781298339862-0
concurrency_n20_20260612_220524_redis_feed15_rep1,redis,sb:events:n20:feed15:rep1,dcdc9caf-542f-4fed-b166-7702a8293952,3895086,29,2.4166666666666665,6713410788,9322827000,9324766500,1781298339865-0
concurrency_n20_20260612_220524_redis_feed15_rep1,redis,sb:events:n20:feed15:rep1,ae5bee75-9e2e-4cae-8851-9bc9f0cc7b5a,3895095,29,2.4166666666666665,6713410788,9325065400,9326463600,1781298339867-0
concurrency_n20_20260612_220524_redis_feed15_rep1,redis,sb:events:n20:feed15:rep1,aa1a96f4-8527-46a3-acd2-83312ccc9a0e,3895095,29,2.4166666666666665,6713410788,9326739100,9329087800,1781298339869-0
concurrency_n20_20260612_220524_redis_feed15_rep1,redis,sb:events:n20:feed15:rep1,ee3252c0-e79b-495e-ae80-583351179971,3895113,29,2.4166666666666665,6713410788,9329373400,9344808100,1781298339884-0
concurrency_n20_20260612_220524_redis_feed15_rep1,redis,sb:events:n20:feed15:rep1,19f46068-5944-4812-bfac-1e1aa46413fb,3895113,29,2.4166666666666665,6713410788,9345067600,9347676400,1781298339887-0
concurrency_n20_20260612_220524_redis_feed15_rep1,redis,sb:events:n20:feed15:rep1,914c3940-48b4-4246-bd08-2b34e8349649,3895052,29,2.4166666666666665,6713410788,9348403600,9351594000,1781298339890-0
concurrency_n20_20260612_220524_redis_feed15_rep1,redis,sb:events:n20:feed15:rep1,45e61b15-c483-49fa-8a40-525424f6f0fd,3895107,29,2.4166666666666665,6713410788,9351894700,9356848200,1781298339894-0
concurrency_n20_20260612_220524_redis_feed15_rep1,redis,sb:events:n20:feed15:rep1,15787cdd-9935-4bff-b68c-760a497af7cc,3895107,29,2.4166666666666665,6713410788,9357200700,9360719200,1781298339900-0
concurrency_n20_20260612_220524_redis_feed15_rep1,redis,sb:events:n20:feed15:rep1,71b87a61-6e42-47b4-b6be-ca855a10d871,3895074,30,2.5,6714105233,9360978400,9362927000,1781298339902-0
concurrency_n20_20260612_220524_redis_feed15_rep1,redis,sb:events:n20:feed15:rep1,627a9ff5-4a44-4ca1-a183-ed241303d231,3895074,30,2.5,6714105233,9363203100,9365068300,1781298339905-0
concurrency_n20_20260612_220524_redis_feed15_rep1,redis,sb:events:n20:feed15:rep1,0eb76ef4-ed2e-4a58-b18f-6a3f6722f9e1,3895074,30,2.5,6714105233,9365440600,9366923000,1781298339907-0
concurrency_n20_20260612_220524_redis_feed15_rep1,redis,sb:events:n20:feed15:rep1,9351a75c-1c91-4205-b38c-4875eb4ab288,3895134,30,2.5,6714105233,9367199800,9371259800,1781298339910-0
concurrency_n20_20260612_220524_redis_feed15_rep1,redis,sb:events:n20:feed15:rep1,b1ebe5e7-8980-4421-b068-c1b1a36c650d,3895134,30,2.5,6714105233,9371695600,9374081300,1781298339914-0
concurrency_n20_20260612_220524_redis_feed15_rep1,redis,sb:events:n20:feed15:rep1,f1851ae9-876d-42a8-8c1c-9d39b58512ef,3895134,30,2.5,6714105233,9374396300,9375908000,1781298339916-0
concurrency_n20_20260612_220524_redis_feed15_rep1,redis,sb:events:n20:feed15:rep1,296e5f1d-e535-4774-b97f-5a38164d4b8f,3895095,30,2.5,6714105233,9376178700,9378940800,1781298339918-0
