run,backend,n_produced,n_consumed,n_matched,tti_p50_ms,tti_p95_ms,tti_p99_ms,tti_max_ms,transport_p50_ms,transport_p95_ms,transport_p99_ms,transport_max_ms,schedlag_p50_ms,schedlag_p95_ms,schedlag_p99_ms,schedlag_max_ms,tti_miss_100ms,schedlag_miss_100ms,tti_miss_250ms,schedlag_miss_250ms,tti_miss_500ms,schedlag_miss_500ms,tti_miss_1000ms,schedlag_miss_1000ms,tti_miss_2000ms,schedlag_miss_2000ms,tti_miss_5000ms,schedlag_miss_5000ms
s2_kafka_rep1_20251230_232006,kafka,1043,1043,1043,697.563798,1234.3699578,1287.36853032,1302.148975,1.153963,1.4739565000000001,1.6429279799999998,104.831063,696.552473,1233.2366181,1286.15210888,1300.922537,1.0,0.9990412272291467,0.8811121764141898,0.8801534036433365,0.660594439117929,0.6596356663470757,0.24352828379674019,0.24256951102588686,0.0,0.0,0.0,0.0
s2_kafka_rep2_20251230_232351,kafka,1043,1043,1043,695.10676,1215.2222441,1262.2826249,1273.524232,1.134625,1.3805303999999996,1.5803368199999992,111.454864,693.532946,1213.9396536,1261.18955652,1272.430525,1.0,0.9990412272291467,0.8830297219558965,0.8820709491850431,0.6663470757430489,0.6653883029721956,0.23585810162991372,0.2348993288590604,0.0,0.0,0.0,0.0
s2_kafka_rep3_20251230_232739,kafka,1043,1043,1043,683.425926,1211.8359834999999,1256.7964654,1268.66885,1.120267,1.4450059,1.7054549599999993,104.269184,682.035631,1210.7520937,1255.71290654,1267.450709,1.0,0.9990412272291467,0.8686481303930969,0.8676893576222435,0.6586768935762224,0.6577181208053692,0.23010546500479387,0.22914669223394055,0.0,0.0,0.0,0.0
s2_kafka_rep4_20251230_233129,kafka,1043,1043,1043,926.534114,1561.7049415,1609.0280115399999,1620.833033,1.367654,2.2616042999999997,3.1738993599999987,104.17921,924.813241,1560.4834948999999,1608.0771878399999,1619.786479,1.0,0.9990412272291467,0.87535953978907,0.8744007670182167,0.7209971236816874,0.7200383509108341,0.4573346116970278,0.4563758389261745,0.0,0.0,0.0,0.0
s2_kafka_rep5_20251230_233519,kafka,1043,1043,1043,661.002686,1191.4858390999998,1241.55156054,1253.203761,1.051753,1.5817085,1.87473552,104.478325,660.065195,1190.4636715000001,1240.3907838799998,1252.195426,1.0,0.9990412272291467,0.8705656759348035,0.8696069031639502,0.6558005752636625,0.6548418024928092,0.2080536912751678,0.20709491850431447,0.0,0.0,0.0,0.0
s2_redis_rep1_20251230_232201,redis,1043,1043,1043,199.89681,375.4747584,390.65331812,394.691786,2.013738,2.7021566999999997,3.155154379999991,4.665897,197.719295,373.62857859999997,388.45070811999994,392.152007,0.7526366251198466,0.7468839884947267,0.3710450623202301,0.36720997123681687,0.0,0.0,0.0,0.0,0.0,0.0,0.0,0.0
s2_redis_rep2_20251230_232548,redis,1043,1043,1043,193.193141,375.2139974,390.65574397999995,394.697244,1.775993,2.3775769999999996,2.90850864,3.333918,191.582687,373.6575409,389.28806127999997,393.20386,0.7468839884947267,0.7420901246404602,0.37392138063279,0.3691275167785235,0.0,0.0,0.0,0.0,0.0,0.0,0.0,0.0
s2_redis_rep3_20251230_232937,redis,1043,1043,1043,196.115092,367.6390311,383.15562064,386.95239,1.877678,2.4905049,2.7448493799999993,3.268646,194.318866,365.7139788,381.46028662,385.221622,0.7535953978907,0.74784276126558,0.35570469798657717,0.35091083413231067,0.0,0.0,0.0,0.0,0.0,0.0,0.0,0.0
s2_redis_rep4_20251230_233328,redis,1043,1043,1043,195.699782,365.8826615,380.81892351999994,384.263742,1.867571,2.549463,2.782162179999999,2.945667,193.271366,364.44374469999997,379.17823036,382.624,0.7545541706615532,0.7497603068072867,0.3547459252157239,0.35091083413231067,0.0,0.0,0.0,0.0,0.0,0.0,0.0,0.0
s2_redis_rep5_20251230_233717,redis,1043,1043,1043,202.069155,382.0979216,397.83269278,401.569955,1.766063,2.3314866,2.4544269199999995,3.385485,200.239881,380.3098561,396.48074477999995,400.043699,0.7622243528283796,0.7583892617449665,0.38063279002876316,0.37583892617449666,0.0,0.0,0.0,0.0,0.0,0.0,0.0,0.0
