run_id,backend,config,pct_under_betting,pct_under_live_alert,pct_under_coaching,pct_under_broadcast,pct_under_fan_app
batch1_20260615_kafka_single_s1_n10_rep1,kafka,single,0.0,0.0,0.0,0.0,83.8794233289646
batch1_20260615_kafka_single_s1_n10_rep2,kafka,single,0.0,0.0,0.0,0.0,82.13193534294452
batch1_20260615_kafka_single_s1_n20_rep1,kafka,single,0.0,0.0,0.0,0.0,83.13674093490607
batch1_20260615_kafka_single_s1_n20_rep2,kafka,single,0.0,0.0,0.0,0.0,83.96679772826562
batch1_20260615_kafka_single_s1_n5_rep1,kafka,single,0.0,0.0,0.0,0.0,82.56880733944953
batch1_20260615_kafka_single_s1_n5_rep2,kafka,single,0.0,0.0,0.0,0.0,80.95238095238095
batch1_20260615_kafka_single_s2_n10_rep1,kafka,single,0.0,0.0,0.0,0.0,33.84098544232923
batch1_20260615_kafka_single_s2_n10_rep2,kafka,single,0.0,0.0,0.0,0.0,37.60358342665173
batch1_20260615_kafka_single_s2_n20_rep1,kafka,single,0.0,0.0,0.0,0.0,37.827547592385216
batch1_20260615_kafka_single_s2_n20_rep2,kafka,single,0.0,0.0,0.0,0.0,37.60358342665173
batch1_20260615_kafka_single_s2_n5_rep1,kafka,single,0.0,0.0,0.0,0.0,41.724524076147816
batch1_20260615_kafka_single_s2_n5_rep2,kafka,single,0.0,0.0,0.0,0.0,35.92385218365062
batch1_20260615_kafka_single_s2full_n10_rep1,kafka,single,0.0,0.0,0.0,0.0,35.19952352590828
batch1_20260615_kafka_single_s2full_n10_rep2,kafka,single,0.0,0.0,0.0,0.0,37.998808814770705
batch1_20260615_kafka_single_s2full_n20_rep1,kafka,single,0.0,0.0,0.0,0.0,35.120111177288074
batch1_20260615_kafka_single_s2full_n20_rep2,kafka,single,0.0,0.0,0.0,0.0,28.50903315465555
batch1_20260615_kafka_single_s2full_n5_rep1,kafka,single,0.0,0.0,0.0,0.0,35.75540996624975
batch1_20260615_kafka_single_s2full_n5_rep2,kafka,single,0.0,0.0,0.0,0.0,31.129640659122494
batch1_20260615_kafka_single_s2sf12_n10_rep1,kafka,single,0.0,0.0,0.0,0.0,41.38857782754759
batch1_20260615_kafka_single_s2sf12_n10_rep2,kafka,single,0.0,0.0,0.0,0.0,40.87346024636058
batch1_20260615_kafka_single_s2sf12_n20_rep1,kafka,single,0.0,0.0,0.0,0.0,39.2609182530795
batch1_20260615_kafka_single_s2sf12_n20_rep2,kafka,single,0.0,0.0,0.0,0.0,42.44120940649496
batch1_20260615_kafka_single_s2sf12_n5_rep1,kafka,single,0.0,0.0,0.0,0.0,35.879059350503915
batch1_20260615_kafka_single_s2sf12_n5_rep2,kafka,single,0.0,0.0,0.0,0.0,42.70996640537514
batch1_20260615_kafka_single_s2sf12j2_n10_rep1,kafka,single,0.0,0.0,0.0,0.0,43.00111982082867
batch1_20260615_kafka_single_s2sf12j2_n10_rep2,kafka,single,0.0,0.0,0.0,0.0,45.890257558790594
batch1_20260615_kafka_single_s2sf12j2_n20_rep1,kafka,single,0.0,0.0,0.0,0.0,45.44232922732363
batch1_20260615_kafka_single_s2sf12j2_n20_rep2,kafka,single,0.0,0.0,0.0,0.0,39.171332586786114
batch1_20260615_kafka_single_s2sf12j2_n5_rep1,kafka,single,0.0,0.0,0.0,0.0,43.00111982082867
batch1_20260615_kafka_single_s2sf12j2_n5_rep2,kafka,single,0.0,0.0,0.0,0.0,44.56886898096305
batch1_20260615_redis_single_s1_n10_rep1,redis,single,0.0,0.0,0.0,0.0,100.0
batch1_20260615_redis_single_s1_n10_rep2,redis,single,0.0,0.0,0.0,0.0,100.0
batch1_20260615_redis_single_s1_n20_rep1,redis,single,0.0,0.0,0.0,0.0,100.0
batch1_20260615_redis_single_s1_n20_rep2,redis,single,0.0,0.0,0.0,0.0,100.0
batch1_20260615_redis_single_s1_n5_rep1,redis,single,0.0,0.0,0.0,0.0,100.0
batch1_20260615_redis_single_s1_n5_rep2,redis,single,0.0,0.0,0.0,0.0,100.0
batch1_20260615_redis_single_s2_n10_rep1,redis,single,0.0,0.0,0.0,0.0,100.0
batch1_20260615_redis_single_s2_n10_rep2,redis,single,0.0,0.0,0.0,0.0,100.0
batch1_20260615_redis_single_s2_n5_rep1,redis,single,0.0,0.0,0.0,0.0,100.0
batch1_20260615_redis_single_s2_n5_rep2,redis,single,0.0,0.0,0.0,0.0,100.0
batch2_20260615_kafka_cluster_s1_n10_rep1,kafka,cluster,0.0,0.0,0.0,0.0,17.649628658802975
batch2_20260615_kafka_cluster_s1_n10_rep2,kafka,cluster,0.0,0.0,0.0,0.0,17.693315858453474
batch2_20260615_kafka_cluster_s1_n20_rep1,kafka,cluster,0.0,0.0,0.0,0.0,17.82437745740498
batch2_20260615_kafka_cluster_s1_n20_rep2,kafka,cluster,0.0,0.0,0.0,0.0,17.868064657055484
batch2_20260615_kafka_cluster_s1_n5_rep1,kafka,cluster,0.0,0.0,0.0,0.0,16.12057667103539
batch2_20260615_kafka_cluster_s1_n5_rep2,kafka,cluster,0.0,0.0,0.0,0.0,17.169069462647446
batch2_20260615_kafka_cluster_s2_n10_rep1,kafka,cluster,0.0,0.0,0.0,0.0,9.092945128779395
batch2_20260615_kafka_cluster_s2_n10_rep2,kafka,cluster,0.0,0.0,0.0,0.0,9.070548712206051
batch2_20260615_kafka_cluster_s2_n20_rep1,kafka,cluster,0.0,0.0,0.0,0.0,8.24188129899216
batch2_20260615_kafka_cluster_s2_n20_rep2,kafka,cluster,0.0,0.0,0.0,0.0,9.272116461366187
batch2_20260615_kafka_cluster_s2_n5_rep1,kafka,cluster,0.0,0.0,0.0,0.0,9.11534154535274
batch2_20260615_kafka_cluster_s2_n5_rep2,kafka,cluster,0.0,0.0,0.0,0.0,9.160134378499441
batch2_20260615_kafka_cluster_s2full_n10_rep1,kafka,cluster,0.0,0.0,0.0,0.0,6.948580504268409
batch2_20260615_kafka_cluster_s2full_n10_rep2,kafka,cluster,0.0,0.0,0.0,0.0,8.338296605122098
batch2_20260615_kafka_cluster_s2full_n20_rep1,kafka,cluster,0.0,0.0,0.0,0.0,8.338296605122098
batch2_20260615_kafka_cluster_s2full_n20_rep2,kafka,cluster,0.0,0.0,0.0,0.0,8.199324995036728
batch2_20260615_kafka_cluster_s2full_n5_rep1,kafka,cluster,0.0,0.0,0.0,0.0,8.258884256501887
batch2_20260615_kafka_cluster_s2full_n5_rep2,kafka,cluster,0.0,0.0,0.0,0.0,6.948580504268409
batch2_20260615_kafka_cluster_s2sf12_n10_rep1,kafka,cluster,0.0,0.0,0.0,0.0,9.316909294512875
batch2_20260615_kafka_cluster_s2sf12_n10_rep2,kafka,cluster,0.0,0.0,0.0,0.0,9.20492721164614
batch2_20260615_kafka_cluster_s2sf12_n20_rep1,kafka,cluster,0.0,0.0,0.0,0.0,9.070548712206051
batch2_20260615_kafka_cluster_s2sf12_n20_rep2,kafka,cluster,0.0,0.0,0.0,0.0,9.272116461366187
batch2_20260615_kafka_cluster_s2sf12_n5_rep1,kafka,cluster,0.0,0.0,0.0,0.0,9.137737961926096
batch2_20260615_kafka_cluster_s2sf12_n5_rep2,kafka,cluster,0.0,0.0,0.0,0.0,7.54759238521836
batch2_20260615_kafka_cluster_s2sf12j2_n10_rep1,kafka,cluster,0.0,0.0,0.0,0.0,9.406494960806267
batch2_20260615_kafka_cluster_s2sf12j2_n10_rep2,kafka,cluster,0.0,0.0,0.0,0.0,9.496080627099667
batch2_20260615_kafka_cluster_s2sf12j2_n20_rep1,kafka,cluster,0.0,0.0,0.0,0.0,9.518477043673013
batch2_20260615_kafka_cluster_s2sf12j2_n20_rep2,kafka,cluster,0.0,0.0,0.0,0.0,9.451287793952968
batch2_20260615_kafka_cluster_s2sf12j2_n5_rep1,kafka,cluster,0.0,0.0,0.0,0.0,9.540873460246358
batch2_20260615_kafka_cluster_s2sf12j2_n5_rep2,kafka,cluster,0.0,0.0,0.0,0.0,9.33930571108622
batch2_20260615_redis_cluster_s1_n10_rep1,redis,cluster,0.0,0.0,0.0,0.0,96.81083442551332
batch2_20260615_redis_cluster_s1_n10_rep2,redis,cluster,0.0,0.0,0.0,0.0,91.69943206640454
batch2_20260615_redis_cluster_s1_n20_rep1,redis,cluster,0.0,0.0,0.0,0.0,90.38881607688947
batch2_20260615_redis_cluster_s1_n20_rep2,redis,cluster,0.0,0.0,0.0,0.0,0.0
batch2_20260615_redis_cluster_s1_n5_rep1,redis,cluster,0.0,0.0,0.0,0.0,93.57798165137613
batch2_20260615_redis_cluster_s1_n5_rep2,redis,cluster,0.0,0.0,0.0,0.0,0.0
batch2_20260615_redis_cluster_s2_n10_rep1,redis,cluster,0.0,0.0,0.0,0.0,44.52407614781635
batch2_20260615_redis_cluster_s2_n10_rep2,redis,cluster,0.0,0.0,0.0,0.0,43.82978723404255
batch2_20260615_redis_cluster_s2_n5_rep1,redis,cluster,0.0,0.0,0.0,0.0,0.0
batch2_20260615_redis_cluster_s2_n5_rep2,redis,cluster,0.0,0.0,0.0,0.0,46.11422172452407
batch3_20260616_redis_cluster_s2_n20_rep1,redis,cluster,0.0,0.0,0.0,0.0,0.0
batch3_20260616_redis_cluster_s2_n20_rep2,redis,cluster,0.0,0.0,0.0,0.0,41.3437849944009
batch3_20260616_redis_cluster_s2full_n10_rep1,redis,cluster,0.0,0.0,0.0,0.0,0.0
batch3_20260616_redis_cluster_s2full_n10_rep2,redis,cluster,0.0,0.0,0.0,0.0,42.187810204486794
batch3_20260616_redis_cluster_s2full_n20_rep1,redis,cluster,0.0,0.0,0.0,0.0,0.0
batch3_20260616_redis_cluster_s2full_n20_rep2,redis,cluster,0.0,0.0,0.0,0.0,44.03414730990669
batch3_20260616_redis_cluster_s2full_n5_rep1,redis,cluster,0.0,0.0,0.0,0.0,41.87016081000595
batch3_20260616_redis_cluster_s2full_n5_rep2,redis,cluster,0.0,0.0,0.0,0.0,43.91502878697637
batch3_20260616_redis_cluster_s2sf12_n10_rep1,redis,cluster,0.0,0.0,0.0,0.0,0.0
batch3_20260616_redis_cluster_s2sf12_n10_rep2,redis,cluster,0.0,0.0,0.0,0.0,43.02351623740201
batch3_20260616_redis_cluster_s2sf12_n20_rep1,redis,cluster,0.0,0.0,0.0,0.0,0.0
batch3_20260616_redis_cluster_s2sf12_n20_rep2,redis,cluster,0.0,0.0,0.0,0.0,42.463605823068306
batch3_20260616_redis_cluster_s2sf12_n5_rep1,redis,cluster,0.0,0.0,0.0,0.0,43.337066069428886
batch3_20260616_redis_cluster_s2sf12_n5_rep2,redis,cluster,0.0,0.0,0.0,0.0,43.807390817469205
batch3_20260616_redis_cluster_s2sf12j2_n10_rep1,redis,cluster,0.0,0.0,0.0,0.0,0.0
batch3_20260616_redis_cluster_s2sf12j2_n10_rep2,redis,cluster,0.0,0.0,0.0,0.0,42.57558790593505
batch3_20260616_redis_cluster_s2sf12j2_n20_rep1,redis,cluster,0.0,0.0,0.0,0.0,0.0
batch3_20260616_redis_cluster_s2sf12j2_n20_rep2,redis,cluster,0.0,0.0,0.0,0.0,38.52183650615901
batch3_20260616_redis_cluster_s2sf12j2_n5_rep1,redis,cluster,0.0,0.0,0.0,0.0,44.546472564389695
batch3_20260616_redis_cluster_s2sf12j2_n5_rep2,redis,cluster,0.0,0.0,0.0,0.0,42.82194848824188
batch3_20260616_redis_single_s2_n20_rep1,redis,single,0.0,0.0,0.0,0.0,100.0
batch3_20260616_redis_single_s2_n20_rep2,redis,single,0.0,0.0,0.0,0.0,100.0
batch3_20260616_redis_single_s2full_n10_rep1,redis,single,0.0,0.0,0.0,0.0,67.26225928131824
batch3_20260616_redis_single_s2full_n10_rep2,redis,single,0.0,0.0,0.0,0.0,67.34167162993845
batch3_20260616_redis_single_s2full_n20_rep1,redis,single,0.0,0.0,0.0,0.0,67.26225928131824
batch3_20260616_redis_single_s2full_n20_rep2,redis,single,0.0,0.0,0.0,0.0,67.26225928131824
batch3_20260616_redis_single_s2full_n5_rep1,redis,single,0.0,0.0,0.0,0.0,67.26225928131824
batch3_20260616_redis_single_s2full_n5_rep2,redis,single,0.0,0.0,0.0,0.0,67.38137780424856
batch3_20260616_redis_single_s2sf12_n10_rep1,redis,single,0.0,0.0,0.0,0.0,100.0
batch3_20260616_redis_single_s2sf12_n10_rep2,redis,single,0.0,0.0,0.0,0.0,100.0
batch3_20260616_redis_single_s2sf12_n20_rep1,redis,single,0.0,0.0,0.0,0.0,100.0
batch3_20260616_redis_single_s2sf12_n20_rep2,redis,single,0.0,0.0,0.0,0.0,100.0
batch3_20260616_redis_single_s2sf12_n5_rep1,redis,single,0.0,0.0,0.0,0.0,100.0
batch3_20260616_redis_single_s2sf12_n5_rep2,redis,single,0.0,0.0,0.0,0.0,100.0
batch3_20260616_redis_single_s2sf12j2_n10_rep1,redis,single,0.0,0.0,0.0,0.0,100.0
batch3_20260616_redis_single_s2sf12j2_n10_rep2,redis,single,0.0,0.0,0.0,0.0,100.0
batch3_20260616_redis_single_s2sf12j2_n20_rep1,redis,single,0.0,0.0,0.0,0.0,100.0
batch3_20260616_redis_single_s2sf12j2_n20_rep2,redis,single,0.0,0.0,0.0,0.0,100.0
batch3_20260616_redis_single_s2sf12j2_n5_rep1,redis,single,0.0,0.0,0.0,0.0,100.0
batch3_20260616_redis_single_s2sf12j2_n5_rep2,redis,single,0.0,0.0,0.0,0.0,100.0
