run_id,backend,topic,partition,offset,t_consume_ns,event_id,match_id,t_sim_seconds,t_emit_offset_s,t_emit_planned_ns,s3_uid,s3_rev,s3_is_correction
concurrency_n20_20260612_220524_kafka_feed4_rep1,kafka,sb-events-n20-feed4-rep1,2,181,4266957200,69bb4fa7-f177-49a8-9b19-7c01cd9d9a9c,3895052,0,0.0,2419806400,3895052:69bb4fa7-f177-49a8-9b19-7c01cd9d9a9c,1,False
concurrency_n20_20260612_220524_kafka_feed4_rep1,kafka,sb-events-n20-feed4-rep1,1,209,4271185100,207c41be-4905-457d-af38-e356b67981de,3895060,0,0.0,2419806400,3895060:207c41be-4905-457d-af38-e356b67981de,1,False
concurrency_n20_20260612_220524_kafka_feed4_rep1,kafka,sb-events-n20-feed4-rep1,0,194,4275926100,7eb000ee-2ef0-462a-bd57-e4320f459c68,3895067,0,0.0,2419806400,3895067:7eb000ee-2ef0-462a-bd57-e4320f459c68,1,False
concurrency_n20_20260612_220524_kafka_feed4_rep1,kafka,sb-events-n20-feed4-rep1,2,182,4280592500,664c81bb-315d-4de4-86d5-f326eebf0684,3895074,0,0.0,2419806400,3895074:664c81bb-315d-4de4-86d5-f326eebf0684,1,False
concurrency_n20_20260612_220524_kafka_feed4_rep1,kafka,sb-events-n20-feed4-rep1,0,195,4286116200,6c9ebdf9-117f-4a31-8b52-ebcf3c35d0c6,3895086,0,0.0,2419806400,3895086:6c9ebdf9-117f-4a31-8b52-ebcf3c35d0c6,1,False
concurrency_n20_20260612_220524_kafka_feed4_rep1,kafka,sb-events-n20-feed4-rep1,2,183,4291201500,9103cd62-6a36-40c6-9f80-ab1f6d258133,3895095,0,0.0,2419806400,3895095:9103cd62-6a36-40c6-9f80-ab1f6d258133,1,False
concurrency_n20_20260612_220524_kafka_feed4_rep1,kafka,sb-events-n20-feed4-rep1,0,196,4296781800,84fbca7e-c79e-4f67-8026-4c9578366292,3895107,0,0.0,2419806400,3895107:84fbca7e-c79e-4f67-8026-4c9578366292,1,False
concurrency_n20_20260612_220524_kafka_feed4_rep1,kafka,sb-events-n20-feed4-rep1,1,210,4300720500,ea1e6876-4179-4750-8231-55c3d6ec8001,3895113,0,0.0,2419806400,3895113:ea1e6876-4179-4750-8231-55c3d6ec8001,1,False
concurrency_n20_20260612_220524_kafka_feed4_rep1,kafka,sb-events-n20-feed4-rep1,1,211,4304574400,16d29511-a5c7-4a18-a4b4-d40571e69bd4,3895121,0,0.0,2419806400,3895121:16d29511-a5c7-4a18-a4b4-d40571e69bd4,1,False
concurrency_n20_20260612_220524_kafka_feed4_rep1,kafka,sb-events-n20-feed4-rep1,0,197,4308823200,7f498384-e379-41b8-bdd2-8bf16412e8cc,3895134,0,0.0,2419806400,3895134:7f498384-e379-41b8-bdd2-8bf16412e8cc,1,False
concurrency_n20_20260612_220524_kafka_feed4_rep1,kafka,sb-events-n20-feed4-rep1,1,212,4311734800,9790a466-9c56-42aa-96aa-a9ad1a6f8811,3895052,0,0.0,2419806400,3895052:9790a466-9c56-42aa-96aa-a9ad1a6f8811,1,False
concurrency_n20_20260612_220524_kafka_feed4_rep1,kafka,sb-events-n20-feed4-rep1,0,198,4314971900,fefef503-f3cc-4d41-9b3f-9ddc57b6a93b,3895060,0,0.0,2419806400,3895060:fefef503-f3cc-4d41-9b3f-9ddc57b6a93b,1,False
concurrency_n20_20260612_220524_kafka_feed4_rep1,kafka,sb-events-n20-feed4-rep1,2,184,4319381800,d593adb3-8980-46f6-b384-4a91f4ec01ba,3895067,0,0.0,2419806400,3895067:d593adb3-8980-46f6-b384-4a91f4ec01ba,1,False
concurrency_n20_20260612_220524_kafka_feed4_rep1,kafka,sb-events-n20-feed4-rep1,0,199,4323302200,3dd463f6-b445-407d-8120-bf6aeab35526,3895074,0,0.0,2419806400,3895074:3dd463f6-b445-407d-8120-bf6aeab35526,1,False
concurrency_n20_20260612_220524_kafka_feed4_rep1,kafka,sb-events-n20-feed4-rep1,0,200,4327061700,6755b1ac-4f37-4c35-b1ef-181d68375e7d,3895086,0,0.0,2419806400,3895086:6755b1ac-4f37-4c35-b1ef-181d68375e7d,1,False
concurrency_n20_20260612_220524_kafka_feed4_rep1,kafka,sb-events-n20-feed4-rep1,2,185,4331096500,73376ffb-3f9f-4570-9b3e-c51d44315ef3,3895095,0,0.0,2419806400,3895095:73376ffb-3f9f-4570-9b3e-c51d44315ef3,1,False
concurrency_n20_20260612_220524_kafka_feed4_rep1,kafka,sb-events-n20-feed4-rep1,0,201,4333942500,b4bd630b-4e82-4f31-8947-17beb238dc5a,3895107,0,0.0,2419806400,3895107:b4bd630b-4e82-4f31-8947-17beb238dc5a,1,False
concurrency_n20_20260612_220524_kafka_feed4_rep1,kafka,sb-events-n20-feed4-rep1,0,202,4338655700,a88295ad-33e8-4427-872c-eba006d8a0ef,3895113,0,0.0,2419806400,3895113:a88295ad-33e8-4427-872c-eba006d8a0ef,1,False
concurrency_n20_20260612_220524_kafka_feed4_rep1,kafka,sb-events-n20-feed4-rep1,1,213,4343286100,27cf4ae2-0319-4fc6-9ace-9f960bb0e4e6,3895121,0,0.0,2419806400,3895121:27cf4ae2-0319-4fc6-9ace-9f960bb0e4e6,1,False
concurrency_n20_20260612_220524_kafka_feed4_rep1,kafka,sb-events-n20-feed4-rep1,1,214,4349719000,4af6d17a-69ad-4bca-aece-f3be76c10138,3895134,0,0.0,2419806400,3895134:4af6d17a-69ad-4bca-aece-f3be76c10138,1,False
concurrency_n20_20260612_220524_kafka_feed4_rep1,kafka,sb-events-n20-feed4-rep1,1,215,4353630400,c6762724-3ad0-4ed1-b232-7f32ac192ec6,3895052,0,0.0,2419806400,3895052:c6762724-3ad0-4ed1-b232-7f32ac192ec6,1,False
concurrency_n20_20260612_220524_kafka_feed4_rep1,kafka,sb-events-n20-feed4-rep1,0,203,4356438900,2f46ad65-50a4-4834-9bd9-86a61f034234,3895060,0,0.0,2419806400,3895060:2f46ad65-50a4-4834-9bd9-86a61f034234,1,False
concurrency_n20_20260612_220524_kafka_feed4_rep1,kafka,sb-events-n20-feed4-rep1,1,216,4360700100,a40403c7-74d7-45e6-ba91-5ebd6c313d8e,3895067,0,0.0,2419806400,3895067:a40403c7-74d7-45e6-ba91-5ebd6c313d8e,1,False
concurrency_n20_20260612_220524_kafka_feed4_rep1,kafka,sb-events-n20-feed4-rep1,0,204,4363207000,77f9b3e5-e0e4-4032-8228-089aa0dd578b,3895074,0,0.0,2419806400,3895074:77f9b3e5-e0e4-4032-8228-089aa0dd578b,1,False
concurrency_n20_20260612_220524_kafka_feed4_rep1,kafka,sb-events-n20-feed4-rep1,2,186,4368700700,8b3af8ba-e26c-40b0-8278-c3e4c7a925f8,3895086,0,0.0,2419806400,3895086:8b3af8ba-e26c-40b0-8278-c3e4c7a925f8,1,False
concurrency_n20_20260612_220524_kafka_feed4_rep1,kafka,sb-events-n20-feed4-rep1,2,187,4372529000,52a1e2ea-5b27-4cb1-9204-865583191956,3895095,0,0.0,2419806400,3895095:52a1e2ea-5b27-4cb1-9204-865583191956,1,False
concurrency_n20_20260612_220524_kafka_feed4_rep1,kafka,sb-events-n20-feed4-rep1,0,205,4376885600,6810c39c-8726-412f-b831-62dfec867465,3895107,0,0.0,2419806400,3895107:6810c39c-8726-412f-b831-62dfec867465,1,False
concurrency_n20_20260612_220524_kafka_feed4_rep1,kafka,sb-events-n20-feed4-rep1,2,188,4381928400,6d6ab3f4-8136-407c-a92f-3f8a6549abdd,3895113,0,0.0,2419806400,3895113:6d6ab3f4-8136-407c-a92f-3f8a6549abdd,1,False
concurrency_n20_20260612_220524_kafka_feed4_rep1,kafka,sb-events-n20-feed4-rep1,1,217,4401269800,92e52894-484a-48de-8051-469ea23d6aaa,3895121,0,0.0,2419806400,3895121:92e52894-484a-48de-8051-469ea23d6aaa,1,False
concurrency_n20_20260612_220524_kafka_feed4_rep1,kafka,sb-events-n20-feed4-rep1,2,189,4401318900,a281da9d-e3f4-43f1-ac2e-f46bbd04fed0,3895134,0,0.0,2419806400,3895134:a281da9d-e3f4-43f1-ac2e-f46bbd04fed0,1,False
concurrency_n20_20260612_220524_kafka_feed4_rep1,kafka,sb-events-n20-feed4-rep1,2,190,4401338500,ba22283a-c920-448c-804e-3737cccd9fff,3895052,0,0.0,2419806400,3895052:ba22283a-c920-448c-804e-3737cccd9fff,1,False
concurrency_n20_20260612_220524_kafka_feed4_rep1,kafka,sb-events-n20-feed4-rep1,2,191,4403850300,3b3a42a2-e2a1-49f8-9b77-5ec638303a06,3895060,0,0.0,2419806400,3895060:3b3a42a2-e2a1-49f8-9b77-5ec638303a06,1,False
concurrency_n20_20260612_220524_kafka_feed4_rep1,kafka,sb-events-n20-feed4-rep1,1,218,4422996100,fae27a68-42f4-44cf-8fc0-8d4126407ae3,3895067,0,0.0,2419806400,3895067:fae27a68-42f4-44cf-8fc0-8d4126407ae3,1,False
concurrency_n20_20260612_220524_kafka_feed4_rep1,kafka,sb-events-n20-feed4-rep1,1,219,4426384200,e627413d-5de5-402a-9bb3-90c4cd3b65ec,3895074,0,0.0,2419806400,3895074:e627413d-5de5-402a-9bb3-90c4cd3b65ec,1,False
concurrency_n20_20260612_220524_kafka_feed4_rep1,kafka,sb-events-n20-feed4-rep1,2,192,4432902100,b795eae8-ba56-4343-8662-92a8da669bc5,3895086,0,0.0,2419806400,3895086:b795eae8-ba56-4343-8662-92a8da669bc5,1,False
concurrency_n20_20260612_220524_kafka_feed4_rep1,kafka,sb-events-n20-feed4-rep1,2,193,4437345000,a7102458-910f-4583-b653-e3165351e124,3895095,0,0.0,2419806400,3895095:a7102458-910f-4583-b653-e3165351e124,1,False
concurrency_n20_20260612_220524_kafka_feed4_rep1,kafka,sb-events-n20-feed4-rep1,1,220,4440521700,a549d56e-c626-419f-9244-ad813ec8e559,3895107,0,0.0,2419806400,3895107:a549d56e-c626-419f-9244-ad813ec8e559,1,False
concurrency_n20_20260612_220524_kafka_feed4_rep1,kafka,sb-events-n20-feed4-rep1,1,221,4444437200,51a7253e-31ed-49f5-9494-f5ab0d2ee039,3895113,0,0.0,2419806400,3895113:51a7253e-31ed-49f5-9494-f5ab0d2ee039,1,False
concurrency_n20_20260612_220524_kafka_feed4_rep1,kafka,sb-events-n20-feed4-rep1,1,222,4448387600,d16c061b-99fe-4266-ad73-d7f9c73482b0,3895121,0,0.0,2419806400,3895121:d16c061b-99fe-4266-ad73-d7f9c73482b0,1,False
concurrency_n20_20260612_220524_kafka_feed4_rep1,kafka,sb-events-n20-feed4-rep1,1,223,4453458000,6d5e4ad7-9dd8-428b-97f9-5eee0ee14c17,3895134,0,0.0,2419806400,3895134:6d5e4ad7-9dd8-428b-97f9-5eee0ee14c17,1,False
concurrency_n20_20260612_220524_kafka_feed4_rep1,kafka,sb-events-n20-feed4-rep1,0,206,4457617500,9a50295b-7f7a-449c-9ef3-87e60467e8e1,3895052,0,0.0,2419806400,3895052:9a50295b-7f7a-449c-9ef3-87e60467e8e1,1,False
concurrency_n20_20260612_220524_kafka_feed4_rep1,kafka,sb-events-n20-feed4-rep1,0,207,4471882800,69bdfb9b-ba46-41c8-814a-98f0a43c6501,3895060,0,0.0,2419806400,3895060:69bdfb9b-ba46-41c8-814a-98f0a43c6501,1,False
concurrency_n20_20260612_220524_kafka_feed4_rep1,kafka,sb-events-n20-feed4-rep1,1,224,4476993400,ad010a23-88fe-43af-8b5c-8cd1772842ac,3895067,0,0.0,2419806400,3895067:ad010a23-88fe-43af-8b5c-8cd1772842ac,1,False
concurrency_n20_20260612_220524_kafka_feed4_rep1,kafka,sb-events-n20-feed4-rep1,2,194,4483305300,16252ec8-ab09-4119-bcf6-7fd6524f9128,3895074,0,0.0,2419806400,3895074:16252ec8-ab09-4119-bcf6-7fd6524f9128,1,False
concurrency_n20_20260612_220524_kafka_feed4_rep1,kafka,sb-events-n20-feed4-rep1,1,225,4489083600,3aee3cdf-be11-4ee6-b4bb-828cb4edbe36,3895086,0,0.0,2419806400,3895086:3aee3cdf-be11-4ee6-b4bb-828cb4edbe36,1,False
concurrency_n20_20260612_220524_kafka_feed4_rep1,kafka,sb-events-n20-feed4-rep1,2,195,4493031700,4a13ba2d-59ad-43d3-b567-6aee81422367,3895095,0,0.0,2419806400,3895095:4a13ba2d-59ad-43d3-b567-6aee81422367,1,False
concurrency_n20_20260612_220524_kafka_feed4_rep1,kafka,sb-events-n20-feed4-rep1,1,226,4499513800,cc3b6a56-e194-4ce6-901d-a4f84177e81b,3895107,0,0.0,2419806400,3895107:cc3b6a56-e194-4ce6-901d-a4f84177e81b,1,False
concurrency_n20_20260612_220524_kafka_feed4_rep1,kafka,sb-events-n20-feed4-rep1,1,227,4502481500,ac5aac4c-5a0e-44c2-97ca-ec38bdb05917,3895113,0,0.0,2419806400,3895113:ac5aac4c-5a0e-44c2-97ca-ec38bdb05917,1,False
concurrency_n20_20260612_220524_kafka_feed4_rep1,kafka,sb-events-n20-feed4-rep1,2,196,4507025900,1cdd596e-bf1f-4096-848a-a2a5db4fd313,3895121,0,0.0,2419806400,3895121:1cdd596e-bf1f-4096-848a-a2a5db4fd313,1,False
concurrency_n20_20260612_220524_kafka_feed4_rep1,kafka,sb-events-n20-feed4-rep1,1,228,4510746800,1bed9ec9-1af9-4570-a620-8aab3469a6dd,3895134,0,0.0,2419806400,3895134:1bed9ec9-1af9-4570-a620-8aab3469a6dd,1,False
concurrency_n20_20260612_220524_kafka_feed4_rep1,kafka,sb-events-n20-feed4-rep1,1,229,4516304000,e03021cc-80c5-4ac6-909e-903dca845ee3,3895107,0,0.0,2419806400,3895107:e03021cc-80c5-4ac6-909e-903dca845ee3,1,False
concurrency_n20_20260612_220524_kafka_feed4_rep1,kafka,sb-events-n20-feed4-rep1,0,208,4526338400,f3dfb8ef-6678-493f-bbce-99f9678b7f75,3895107,0,0.0,2419806400,3895107:f3dfb8ef-6678-493f-bbce-99f9678b7f75,1,False
concurrency_n20_20260612_220524_kafka_feed4_rep1,kafka,sb-events-n20-feed4-rep1,2,197,4529788000,17c0df03-219a-4603-befe-8cd2f58d6d47,3895052,1,0.0833333333333333,2420500844,3895052:17c0df03-219a-4603-befe-8cd2f58d6d47,1,False
concurrency_n20_20260612_220524_kafka_feed4_rep1,kafka,sb-events-n20-feed4-rep1,2,198,4534757100,b306ec30-5755-4017-861a-670617955a41,3895074,1,0.0833333333333333,2420500844,3895074:b306ec30-5755-4017-861a-670617955a41,1,False
concurrency_n20_20260612_220524_kafka_feed4_rep1,kafka,sb-events-n20-feed4-rep1,1,230,4544347200,6c4c62f2-7d95-4094-a714-50c0161ee2e6,3895052,1,0.0833333333333333,2420500844,3895052:6c4c62f2-7d95-4094-a714-50c0161ee2e6,1,False
concurrency_n20_20260612_220524_kafka_feed4_rep1,kafka,sb-events-n20-feed4-rep1,2,199,4548704100,2b7eff06-8d56-4f2c-bab1-076d4077ed10,3895074,1,0.0833333333333333,2420500844,3895074:2b7eff06-8d56-4f2c-bab1-076d4077ed10,1,False
concurrency_n20_20260612_220524_kafka_feed4_rep1,kafka,sb-events-n20-feed4-rep1,0,209,4552689900,8d4e66c1-7ddb-4e75-b89f-bdb0592be264,3895107,1,0.0833333333333333,2420500844,3895107:8d4e66c1-7ddb-4e75-b89f-bdb0592be264,1,False
concurrency_n20_20260612_220524_kafka_feed4_rep1,kafka,sb-events-n20-feed4-rep1,0,210,4557824200,ceaa47dd-e3bf-4016-ade0-ed3d54afe971,3895060,2,0.1666666666666666,2421195288,3895060:ceaa47dd-e3bf-4016-ade0-ed3d54afe971,1,False
concurrency_n20_20260612_220524_kafka_feed4_rep1,kafka,sb-events-n20-feed4-rep1,1,231,4571042200,0e2c9eac-6504-4dae-9939-5f2920e7102d,3895067,2,0.1666666666666666,2421195288,3895067:0e2c9eac-6504-4dae-9939-5f2920e7102d,1,False
concurrency_n20_20260612_220524_kafka_feed4_rep1,kafka,sb-events-n20-feed4-rep1,0,211,4580901100,40f9b6ab-32ab-47e8-8b92-9b97e90d4c4f,3895086,2,0.1666666666666666,2421195288,3895086:40f9b6ab-32ab-47e8-8b92-9b97e90d4c4f,1,False
concurrency_n20_20260612_220524_kafka_feed4_rep1,kafka,sb-events-n20-feed4-rep1,2,200,4585498800,f69d0d63-6ad0-41ea-bcec-f1b86b886a83,3895095,2,0.1666666666666666,2421195288,3895095:f69d0d63-6ad0-41ea-bcec-f1b86b886a83,1,False
concurrency_n20_20260612_220524_kafka_feed4_rep1,kafka,sb-events-n20-feed4-rep1,1,232,4590991800,d54cc444-c9f7-4e31-820a-28e0ad5d8ec4,3895113,2,0.1666666666666666,2421195288,3895113:d54cc444-c9f7-4e31-820a-28e0ad5d8ec4,1,False
concurrency_n20_20260612_220524_kafka_feed4_rep1,kafka,sb-events-n20-feed4-rep1,1,233,4595105300,f8442e6f-3919-46bc-848a-5f545627cf82,3895121,2,0.1666666666666666,2421195288,3895121:f8442e6f-3919-46bc-848a-5f545627cf82,1,False
concurrency_n20_20260612_220524_kafka_feed4_rep1,kafka,sb-events-n20-feed4-rep1,2,201,4598846100,50dad646-a7c1-450b-8a63-2e2fd90b3cd1,3895134,2,0.1666666666666666,2421195288,3895134:50dad646-a7c1-450b-8a63-2e2fd90b3cd1,1,False
concurrency_n20_20260612_220524_kafka_feed4_rep1,kafka,sb-events-n20-feed4-rep1,2,202,4604355400,70432a35-52ff-429b-8a11-c47bba8fab19,3895060,2,0.1666666666666666,2421195288,3895060:70432a35-52ff-429b-8a11-c47bba8fab19,1,False
concurrency_n20_20260612_220524_kafka_feed4_rep1,kafka,sb-events-n20-feed4-rep1,1,234,4608258200,c04183cf-75d8-42b0-91fd-4a026dba10b4,3895067,2,0.1666666666666666,2421195288,3895067:c04183cf-75d8-42b0-91fd-4a026dba10b4,1,False
concurrency_n20_20260612_220524_kafka_feed4_rep1,kafka,sb-events-n20-feed4-rep1,2,203,4613025900,55321383-ae1f-407e-8f20-2524fd16d04a,3895086,2,0.1666666666666666,2421195288,3895086:55321383-ae1f-407e-8f20-2524fd16d04a,1,False
concurrency_n20_20260612_220524_kafka_feed4_rep1,kafka,sb-events-n20-feed4-rep1,2,204,4616966200,285e8e4a-7c84-4ca1-9688-d8b56d623cc2,3895095,2,0.1666666666666666,2421195288,3895095:285e8e4a-7c84-4ca1-9688-d8b56d623cc2,1,False
concurrency_n20_20260612_220524_kafka_feed4_rep1,kafka,sb-events-n20-feed4-rep1,0,212,4622001900,eb3fde27-a34b-42be-b262-d329e138fff2,3895113,2,0.1666666666666666,2421195288,3895113:eb3fde27-a34b-42be-b262-d329e138fff2,1,False
concurrency_n20_20260612_220524_kafka_feed4_rep1,kafka,sb-events-n20-feed4-rep1,1,235,4626155300,f296523f-5c17-4d25-8371-f7142523a057,3895121,2,0.1666666666666666,2421195288,3895121:f296523f-5c17-4d25-8371-f7142523a057,1,False
concurrency_n20_20260612_220524_kafka_feed4_rep1,kafka,sb-events-n20-feed4-rep1,0,213,4630831500,b293256b-d885-4135-98ca-8ecf12f9e5a6,3895134,2,0.1666666666666666,2421195288,3895134:b293256b-d885-4135-98ca-8ecf12f9e5a6,1,False
concurrency_n20_20260612_220524_kafka_feed4_rep1,kafka,sb-events-n20-feed4-rep1,2,205,4635912600,d6b118e9-dee4-4f3a-9046-2a086e85ca6b,3895074,2,0.1666666666666666,2421195288,3895074:d6b118e9-dee4-4f3a-9046-2a086e85ca6b,1,False
concurrency_n20_20260612_220524_kafka_feed4_rep1,kafka,sb-events-n20-feed4-rep1,2,206,4641963700,6acfcb07-7343-4821-aa28-a91f66140043,3895134,2,0.1666666666666666,2421195288,3895134:6acfcb07-7343-4821-aa28-a91f66140043,1,False
concurrency_n20_20260612_220524_kafka_feed4_rep1,kafka,sb-events-n20-feed4-rep1,2,207,4649223100,080124d4-8c99-46a5-aaf3-9a935ccd1248,3895107,2,0.1666666666666666,2421195288,3895107:080124d4-8c99-46a5-aaf3-9a935ccd1248,1,False
concurrency_n20_20260612_220524_kafka_feed4_rep1,kafka,sb-events-n20-feed4-rep1,1,236,4655405200,f9a9b240-dc0d-49e8-b72a-ec081b4c2bf3,3895107,2,0.1666666666666666,2421195288,3895107:f9a9b240-dc0d-49e8-b72a-ec081b4c2bf3,1,False
concurrency_n20_20260612_220524_kafka_feed4_rep1,kafka,sb-events-n20-feed4-rep1,2,208,4660212600,e5f7cd6e-b6e9-4538-96f5-380ee1534325,3895107,2,0.1666666666666666,2421195288,3895107:e5f7cd6e-b6e9-4538-96f5-380ee1534325,1,False
concurrency_n20_20260612_220524_kafka_feed4_rep1,kafka,sb-events-n20-feed4-rep1,1,237,4665499800,15bf07b2-c5b7-4074-8693-1d9e4a5b7153,3895052,3,0.25,2421889733,3895052:15bf07b2-c5b7-4074-8693-1d9e4a5b7153,1,False
concurrency_n20_20260612_220524_kafka_feed4_rep1,kafka,sb-events-n20-feed4-rep1,0,214,4671766500,748f1afc-2300-4252-bc9b-f161b5e7c6ef,3895060,3,0.25,2421889733,3895060:748f1afc-2300-4252-bc9b-f161b5e7c6ef,1,False
concurrency_n20_20260612_220524_kafka_feed4_rep1,kafka,sb-events-n20-feed4-rep1,1,238,4675283300,28f3d343-a6db-4854-bae5-f3390857e90c,3895086,3,0.25,2421889733,3895086:28f3d343-a6db-4854-bae5-f3390857e90c,1,False
concurrency_n20_20260612_220524_kafka_feed4_rep1,kafka,sb-events-n20-feed4-rep1,1,239,4679669500,494d25f1-83d3-4375-aa5c-29dfd26dfebd,3895095,3,0.25,2421889733,3895095:494d25f1-83d3-4375-aa5c-29dfd26dfebd,1,False
concurrency_n20_20260612_220524_kafka_feed4_rep1,kafka,sb-events-n20-feed4-rep1,2,209,4684155800,c5fa6ce0-df8d-42a2-8bdd-601d167d5ec1,3895121,3,0.25,2421889733,3895121:c5fa6ce0-df8d-42a2-8bdd-601d167d5ec1,1,False
concurrency_n20_20260612_220524_kafka_feed4_rep1,kafka,sb-events-n20-feed4-rep1,0,215,4687655900,3c689040-9b59-4fad-8456-48b2ec8a2058,3895052,3,0.25,2421889733,3895052:3c689040-9b59-4fad-8456-48b2ec8a2058,1,False
concurrency_n20_20260612_220524_kafka_feed4_rep1,kafka,sb-events-n20-feed4-rep1,2,210,4702168800,c5dd24ba-9256-48e3-b852-121bc71914e3,3895107,3,0.25,2421889733,3895107:c5dd24ba-9256-48e3-b852-121bc71914e3,1,False
concurrency_n20_20260612_220524_kafka_feed4_rep1,kafka,sb-events-n20-feed4-rep1,1,240,4709878000,3114849f-6506-405c-bb4d-71ba30905d5e,3895107,3,0.25,2421889733,3895107:3114849f-6506-405c-bb4d-71ba30905d5e,1,False
concurrency_n20_20260612_220524_kafka_feed4_rep1,kafka,sb-events-n20-feed4-rep1,0,216,4715050900,042f1fd2-3cd4-439a-97c4-9275f435f098,3895113,4,0.3333333333333333,2422584177,3895113:042f1fd2-3cd4-439a-97c4-9275f435f098,1,False
concurrency_n20_20260612_220524_kafka_feed4_rep1,kafka,sb-events-n20-feed4-rep1,1,241,4719207000,4f14f36d-c3c1-45d5-9c94-a65f9489d40f,3895074,4,0.3333333333333333,2422584177,3895074:4f14f36d-c3c1-45d5-9c94-a65f9489d40f,1,False
concurrency_n20_20260612_220524_kafka_feed4_rep1,kafka,sb-events-n20-feed4-rep1,1,242,4724563700,980abd18-b5d2-49cd-b110-7f534fd23dfc,3895095,4,0.3333333333333333,2422584177,3895095:980abd18-b5d2-49cd-b110-7f534fd23dfc,1,False
concurrency_n20_20260612_220524_kafka_feed4_rep1,kafka,sb-events-n20-feed4-rep1,1,243,4730522900,0195cc34-10dc-41e9-ada9-e853f9c16f02,3895134,4,0.3333333333333333,2422584177,3895134:0195cc34-10dc-41e9-ada9-e853f9c16f02,1,False
concurrency_n20_20260612_220524_kafka_feed4_rep1,kafka,sb-events-n20-feed4-rep1,1,244,4735453800,88661240-834a-430d-8629-b37b64dbcddc,3895052,4,0.3333333333333333,2422584177,3895052:88661240-834a-430d-8629-b37b64dbcddc,1,False
concurrency_n20_20260612_220524_kafka_feed4_rep1,kafka,sb-events-n20-feed4-rep1,0,217,4738627000,2256b8d2-0b23-4080-9849-1553d0135c73,3895074,4,0.3333333333333333,2422584177,3895074:2256b8d2-0b23-4080-9849-1553d0135c73,1,False
concurrency_n20_20260612_220524_kafka_feed4_rep1,kafka,sb-events-n20-feed4-rep1,1,245,4743536100,df085776-1a71-4f2d-9b9a-d385914ac874,3895095,4,0.3333333333333333,2422584177,3895095:df085776-1a71-4f2d-9b9a-d385914ac874,1,False
concurrency_n20_20260612_220524_kafka_feed4_rep1,kafka,sb-events-n20-feed4-rep1,1,246,4747802100,5342ea84-0732-454a-9551-8bc9fbe70d05,3895134,4,0.3333333333333333,2422584177,3895134:5342ea84-0732-454a-9551-8bc9fbe70d05,1,False
concurrency_n20_20260612_220524_kafka_feed4_rep1,kafka,sb-events-n20-feed4-rep1,1,247,4752812200,b8c2ef59-5a72-4382-8d37-ef532f1ba623,3895107,4,0.3333333333333333,2422584177,3895107:b8c2ef59-5a72-4382-8d37-ef532f1ba623,1,False
concurrency_n20_20260612_220524_kafka_feed4_rep1,kafka,sb-events-n20-feed4-rep1,0,218,4763327500,aabb516d-6ede-4543-9394-967c0499af8a,3895067,5,0.4166666666666667,2423278622,3895067:aabb516d-6ede-4543-9394-967c0499af8a,1,False
concurrency_n20_20260612_220524_kafka_feed4_rep1,kafka,sb-events-n20-feed4-rep1,1,248,4765629800,c93d7723-7a1c-4be8-97e1-0babb1be6f11,3895113,5,0.4166666666666667,2423278622,3895113:c93d7723-7a1c-4be8-97e1-0babb1be6f11,1,False
concurrency_n20_20260612_220524_kafka_feed4_rep1,kafka,sb-events-n20-feed4-rep1,1,249,4769379900,3cb0c74e-75be-431c-917f-011efc184fdb,3895113,5,0.4166666666666667,2423278622,3895113:3cb0c74e-75be-431c-917f-011efc184fdb,1,False
concurrency_n20_20260612_220524_kafka_feed4_rep1,kafka,sb-events-n20-feed4-rep1,0,219,4774179000,3d52c020-9bad-49c3-8ae7-05c40e223268,3895113,5,0.4166666666666667,2423278622,3895113:3d52c020-9bad-49c3-8ae7-05c40e223268,1,False
concurrency_n20_20260612_220524_kafka_feed4_rep1,kafka,sb-events-n20-feed4-rep1,2,211,4779392100,c744951c-c660-4c83-8083-049bf85c8cbd,3895060,6,0.5,2423973066,3895060:c744951c-c660-4c83-8083-049bf85c8cbd,1,False
concurrency_n20_20260612_220524_kafka_feed4_rep1,kafka,sb-events-n20-feed4-rep1,2,212,4786591400,39ec53e3-9bd4-4411-814d-6e1ede254aac,3895086,6,0.5,2423973066,3895086:39ec53e3-9bd4-4411-814d-6e1ede254aac,1,False
concurrency_n20_20260612_220524_kafka_feed4_rep1,kafka,sb-events-n20-feed4-rep1,0,220,4793936300,33fdf203-b847-4fa5-9021-5f1875717796,3895060,6,0.5,2423973066,3895060:33fdf203-b847-4fa5-9021-5f1875717796,1,False
concurrency_n20_20260612_220524_kafka_feed4_rep1,kafka,sb-events-n20-feed4-rep1,0,221,4798966900,98e575e4-0886-40e5-96a8-9c9f857ebcc1,3895052,6,0.5,2423973066,3895052:98e575e4-0886-40e5-96a8-9c9f857ebcc1,1,False
concurrency_n20_20260612_220524_kafka_feed4_rep1,kafka,sb-events-n20-feed4-rep1,0,222,4804841400,d4683bb7-cdad-4a7d-9851-743212fba939,3895074,6,0.5,2423973066,3895074:d4683bb7-cdad-4a7d-9851-743212fba939,1,False
concurrency_n20_20260612_220524_kafka_feed4_rep1,kafka,sb-events-n20-feed4-rep1,1,250,4809019800,f019df08-0da5-48d9-a838-1da35f369c3c,3895052,6,0.5,2423973066,3895052:f019df08-0da5-48d9-a838-1da35f369c3c,1,False
concurrency_n20_20260612_220524_kafka_feed4_rep1,kafka,sb-events-n20-feed4-rep1,1,251,4817146000,e8a7f299-6faa-4914-bcdf-2e44131ed85c,3895107,6,0.5,2423973066,3895107:e8a7f299-6faa-4914-bcdf-2e44131ed85c,1,False
concurrency_n20_20260612_220524_kafka_feed4_rep1,kafka,sb-events-n20-feed4-rep1,0,223,4822991400,7ddab21c-8faf-4fbc-a290-a2cdb40b7df7,3895107,6,0.5,2423973066,3895107:7ddab21c-8faf-4fbc-a290-a2cdb40b7df7,1,False
concurrency_n20_20260612_220524_kafka_feed4_rep1,kafka,sb-events-n20-feed4-rep1,0,224,4827094600,d6006eb1-3ef6-4955-a47a-7b2b9192b522,3895121,7,0.5833333333333334,2424667511,3895121:d6006eb1-3ef6-4955-a47a-7b2b9192b522,1,False
concurrency_n20_20260612_220524_kafka_feed4_rep1,kafka,sb-events-n20-feed4-rep1,0,225,4833009500,d87f4aa7-4a9b-4319-8dd9-c5426dc81e34,3895121,7,0.5833333333333334,2424667511,3895121:d87f4aa7-4a9b-4319-8dd9-c5426dc81e34,1,False
concurrency_n20_20260612_220524_kafka_feed4_rep1,kafka,sb-events-n20-feed4-rep1,0,226,4840300200,a88a8b7b-dab2-4a21-a85b-580af51a83d1,3895095,7,0.5833333333333334,2424667511,3895095:a88a8b7b-dab2-4a21-a85b-580af51a83d1,1,False
concurrency_n20_20260612_220524_kafka_feed4_rep1,kafka,sb-events-n20-feed4-rep1,0,227,4844692400,a0313cd5-9822-48bf-8ca6-3c92789a7474,3895121,7,0.5833333333333334,2424667511,3895121:a0313cd5-9822-48bf-8ca6-3c92789a7474,1,False
concurrency_n20_20260612_220524_kafka_feed4_rep1,kafka,sb-events-n20-feed4-rep1,2,213,4850875600,39fe9846-f889-4790-956c-d8df633e77d5,3895074,7,0.5833333333333334,2424667511,3895074:39fe9846-f889-4790-956c-d8df633e77d5,1,False
concurrency_n20_20260612_220524_kafka_feed4_rep1,kafka,sb-events-n20-feed4-rep1,2,214,4859741800,ff2841c0-d955-494b-a7a9-ac8bbb82ad73,3895113,7,0.5833333333333334,2424667511,3895113:ff2841c0-d955-494b-a7a9-ac8bbb82ad73,1,False
concurrency_n20_20260612_220524_kafka_feed4_rep1,kafka,sb-events-n20-feed4-rep1,0,228,4867169300,5550d825-5f3b-41f6-bba0-d4cf66c1438e,3895074,7,0.5833333333333334,2424667511,3895074:5550d825-5f3b-41f6-bba0-d4cf66c1438e,1,False
concurrency_n20_20260612_220524_kafka_feed4_rep1,kafka,sb-events-n20-feed4-rep1,2,215,4874032100,5af66cb7-f6a6-47cb-a57d-696dcdbe6716,3895113,7,0.5833333333333334,2424667511,3895113:5af66cb7-f6a6-47cb-a57d-696dcdbe6716,1,False
concurrency_n20_20260612_220524_kafka_feed4_rep1,kafka,sb-events-n20-feed4-rep1,2,216,4876613400,e8aa6b61-931b-4bf8-b329-cb66ffbd4313,3895074,7,0.5833333333333334,2424667511,3895074:e8aa6b61-931b-4bf8-b329-cb66ffbd4313,1,False
concurrency_n20_20260612_220524_kafka_feed4_rep1,kafka,sb-events-n20-feed4-rep1,0,229,4881365300,45ee08ea-fdab-4a8e-8114-f0dec4a5e815,3895113,7,0.5833333333333334,2424667511,3895113:45ee08ea-fdab-4a8e-8114-f0dec4a5e815,1,False
concurrency_n20_20260612_220524_kafka_feed4_rep1,kafka,sb-events-n20-feed4-rep1,0,230,4886132100,b2d11f7f-8c0d-4533-b2a3-843e981238ad,3895067,8,0.6666666666666666,2425361955,3895067:b2d11f7f-8c0d-4533-b2a3-843e981238ad,1,False
concurrency_n20_20260612_220524_kafka_feed4_rep1,kafka,sb-events-n20-feed4-rep1,2,217,4890884100,320e0bbb-8e37-429c-aa29-d58d9ae85075,3895067,8,0.6666666666666666,2425361955,3895067:320e0bbb-8e37-429c-aa29-d58d9ae85075,1,False
concurrency_n20_20260612_220524_kafka_feed4_rep1,kafka,sb-events-n20-feed4-rep1,0,231,4896611300,1739877d-1a9a-45a1-a72d-189cd19ce825,3895060,8,0.6666666666666666,2425361955,3895060:1739877d-1a9a-45a1-a72d-189cd19ce825,1,False
concurrency_n20_20260612_220524_kafka_feed4_rep1,kafka,sb-events-n20-feed4-rep1,0,232,4901787000,2da5d3ff-deec-4d16-b866-8a7d1fbb93e9,3895060,8,0.6666666666666666,2425361955,3895060:2da5d3ff-deec-4d16-b866-8a7d1fbb93e9,1,False
concurrency_n20_20260612_220524_kafka_feed4_rep1,kafka,sb-events-n20-feed4-rep1,0,233,4907188400,71c80fb5-ad88-4f1a-a7d4-fd63ed429bcd,3895095,8,0.6666666666666666,2425361955,3895095:71c80fb5-ad88-4f1a-a7d4-fd63ed429bcd,1,False
concurrency_n20_20260612_220524_kafka_feed4_rep1,kafka,sb-events-n20-feed4-rep1,1,252,4912283300,d8ec2ac3-0202-455a-8a5d-255e1e4cc473,3895121,8,0.6666666666666666,2425361955,3895121:d8ec2ac3-0202-455a-8a5d-255e1e4cc473,1,False
concurrency_n20_20260612_220524_kafka_feed4_rep1,kafka,sb-events-n20-feed4-rep1,2,218,4917482100,1d75ee1b-f1e8-43ab-a31d-cc0805acd5e2,3895052,8,0.6666666666666666,2425361955,3895052:1d75ee1b-f1e8-43ab-a31d-cc0805acd5e2,1,False
concurrency_n20_20260612_220524_kafka_feed4_rep1,kafka,sb-events-n20-feed4-rep1,1,253,4920907200,cc3655de-3632-4a2c-8a22-d670144485db,3895095,8,0.6666666666666666,2425361955,3895095:cc3655de-3632-4a2c-8a22-d670144485db,1,False
concurrency_n20_20260612_220524_kafka_feed4_rep1,kafka,sb-events-n20-feed4-rep1,0,234,4926764500,38932aa9-ad68-4202-bc2b-cca968001831,3895113,8,0.6666666666666666,2425361955,3895113:38932aa9-ad68-4202-bc2b-cca968001831,1,False
concurrency_n20_20260612_220524_kafka_feed4_rep1,kafka,sb-events-n20-feed4-rep1,1,254,4951400200,5ff692af-8337-40bf-bf94-3357c44a9765,3895113,8,0.6666666666666666,2425361955,3895113:5ff692af-8337-40bf-bf94-3357c44a9765,1,False
concurrency_n20_20260612_220524_kafka_feed4_rep1,kafka,sb-events-n20-feed4-rep1,0,235,4958419700,dd059ddd-697b-4957-a691-f20eec306ea5,3895121,9,0.75,2426056400,3895121:dd059ddd-697b-4957-a691-f20eec306ea5,1,False
concurrency_n20_20260612_220524_kafka_feed4_rep1,kafka,sb-events-n20-feed4-rep1,1,255,4963936500,8f1fbe41-034b-43eb-9585-edbb0aadb7ba,3895052,9,0.75,2426056400,3895052:8f1fbe41-034b-43eb-9585-edbb0aadb7ba,1,False
concurrency_n20_20260612_220524_kafka_feed4_rep1,kafka,sb-events-n20-feed4-rep1,0,236,4970027400,99c1964f-2b9c-4442-b485-f7e6ce554c84,3895095,9,0.75,2426056400,3895095:99c1964f-2b9c-4442-b485-f7e6ce554c84,1,False
concurrency_n20_20260612_220524_kafka_feed4_rep1,kafka,sb-events-n20-feed4-rep1,1,256,4975381300,629bf2a1-ed9d-4d49-a2d8-cfd7a59e6e3e,3895121,9,0.75,2426056400,3895121:629bf2a1-ed9d-4d49-a2d8-cfd7a59e6e3e,1,False
concurrency_n20_20260612_220524_kafka_feed4_rep1,kafka,sb-events-n20-feed4-rep1,1,257,4979921000,4127d02c-6da9-47dc-b26f-40da7d121a92,3895052,9,0.75,2426056400,3895052:4127d02c-6da9-47dc-b26f-40da7d121a92,1,False
concurrency_n20_20260612_220524_kafka_feed4_rep1,kafka,sb-events-n20-feed4-rep1,2,219,4984624500,9d075ad4-9f9f-4e6f-a093-5919a1a920b3,3895074,9,0.75,2426056400,3895074:9d075ad4-9f9f-4e6f-a093-5919a1a920b3,1,False
concurrency_n20_20260612_220524_kafka_feed4_rep1,kafka,sb-events-n20-feed4-rep1,2,220,4989600600,0427f1ec-ddae-4698-ab55-cc0403e01b74,3895095,9,0.75,2426056400,3895095:0427f1ec-ddae-4698-ab55-cc0403e01b74,1,False
concurrency_n20_20260612_220524_kafka_feed4_rep1,kafka,sb-events-n20-feed4-rep1,0,237,4995268300,43c3670a-83aa-427e-b4db-68d69ea6f60a,3895074,9,0.75,2426056400,3895074:43c3670a-83aa-427e-b4db-68d69ea6f60a,1,False
concurrency_n20_20260612_220524_kafka_feed4_rep1,kafka,sb-events-n20-feed4-rep1,2,221,5001831900,31528025-7c8a-4a3c-abf4-a6b496204f3f,3895074,9,0.75,2426056400,3895074:31528025-7c8a-4a3c-abf4-a6b496204f3f,1,False
concurrency_n20_20260612_220524_kafka_feed4_rep1,kafka,sb-events-n20-feed4-rep1,1,258,5008963500,08b17ce3-0fb5-45ee-b37f-1dff007b694a,3895067,10,0.8333333333333334,2426750844,3895067:08b17ce3-0fb5-45ee-b37f-1dff007b694a,1,False
concurrency_n20_20260612_220524_kafka_feed4_rep1,kafka,sb-events-n20-feed4-rep1,0,238,5015464700,174d1bd5-23b1-403b-b417-fc59eab9339c,3895134,10,0.8333333333333334,2426750844,3895134:174d1bd5-23b1-403b-b417-fc59eab9339c,1,False
concurrency_n20_20260612_220524_kafka_feed4_rep1,kafka,sb-events-n20-feed4-rep1,0,239,5021697200,7cba4468-f2eb-4352-94e8-2474e078f085,3895067,10,0.8333333333333334,2426750844,3895067:7cba4468-f2eb-4352-94e8-2474e078f085,1,False
concurrency_n20_20260612_220524_kafka_feed4_rep1,kafka,sb-events-n20-feed4-rep1,1,259,5025911600,7604592e-b68b-4f0b-a7ff-eca7a0e2440b,3895134,10,0.8333333333333334,2426750844,3895134:7604592e-b68b-4f0b-a7ff-eca7a0e2440b,1,False
concurrency_n20_20260612_220524_kafka_feed4_rep1,kafka,sb-events-n20-feed4-rep1,0,240,5031823500,ed38d77f-8234-4921-88d2-52ae89331fc2,3895060,10,0.8333333333333334,2426750844,3895060:ed38d77f-8234-4921-88d2-52ae89331fc2,1,False
concurrency_n20_20260612_220524_kafka_feed4_rep1,kafka,sb-events-n20-feed4-rep1,0,241,5040198500,3a82e4ae-0527-4391-a6c1-23c5e4ace661,3895067,10,0.8333333333333334,2426750844,3895067:3a82e4ae-0527-4391-a6c1-23c5e4ace661,1,False
concurrency_n20_20260612_220524_kafka_feed4_rep1,kafka,sb-events-n20-feed4-rep1,1,260,5044747900,55773380-38a7-49a4-b73a-a688f19444c1,3895134,10,0.8333333333333334,2426750844,3895134:55773380-38a7-49a4-b73a-a688f19444c1,1,False
concurrency_n20_20260612_220524_kafka_feed4_rep1,kafka,sb-events-n20-feed4-rep1,2,222,5049943800,7aa7a387-f694-48d3-9239-56af7324dae2,3895060,10,0.8333333333333334,2426750844,3895060:7aa7a387-f694-48d3-9239-56af7324dae2,1,False
concurrency_n20_20260612_220524_kafka_feed4_rep1,kafka,sb-events-n20-feed4-rep1,0,242,5057751100,74e102e0-b7bc-4d69-a21b-fe814eb02b6e,3895134,10,0.8333333333333334,2426750844,3895134:74e102e0-b7bc-4d69-a21b-fe814eb02b6e,1,False
concurrency_n20_20260612_220524_kafka_feed4_rep1,kafka,sb-events-n20-feed4-rep1,2,223,5063673300,2fdcfc97-4f53-46be-ae4a-a5b67c508cf9,3895121,10,0.8333333333333334,2426750844,3895121:2fdcfc97-4f53-46be-ae4a-a5b67c508cf9,1,False
concurrency_n20_20260612_220524_kafka_feed4_rep1,kafka,sb-events-n20-feed4-rep1,0,243,5069205200,897c5f7a-b611-400d-a4bd-546cbba4e897,3895134,10,0.8333333333333334,2426750844,3895134:897c5f7a-b611-400d-a4bd-546cbba4e897,1,False
concurrency_n20_20260612_220524_kafka_feed4_rep1,kafka,sb-events-n20-feed4-rep1,0,244,5074470800,fac6763f-5f80-4b02-94e3-799bd452abc8,3895113,10,0.8333333333333334,2426750844,3895113:fac6763f-5f80-4b02-94e3-799bd452abc8,1,False
concurrency_n20_20260612_220524_kafka_feed4_rep1,kafka,sb-events-n20-feed4-rep1,2,224,5080688200,d5a131da-001e-451d-94a2-16c8fddf1ae0,3895086,11,0.9166666666666666,2427445288,3895086:d5a131da-001e-451d-94a2-16c8fddf1ae0,1,False
concurrency_n20_20260612_220524_kafka_feed4_rep1,kafka,sb-events-n20-feed4-rep1,0,245,5088405100,43134fef-e6aa-4650-9198-9da79f955c83,3895067,11,0.9166666666666666,2427445288,3895067:43134fef-e6aa-4650-9198-9da79f955c83,1,False
concurrency_n20_20260612_220524_kafka_feed4_rep1,kafka,sb-events-n20-feed4-rep1,1,261,5095862300,b767f8cf-4d2d-45c2-befd-2acd1c356621,3895060,11,0.9166666666666666,2427445288,3895060:b767f8cf-4d2d-45c2-befd-2acd1c356621,1,False
concurrency_n20_20260612_220524_kafka_feed4_rep1,kafka,sb-events-n20-feed4-rep1,0,246,5100279300,e62a0339-6478-4758-9dda-9c3a672cda2b,3895067,11,0.9166666666666666,2427445288,3895067:e62a0339-6478-4758-9dda-9c3a672cda2b,1,False
concurrency_n20_20260612_220524_kafka_feed4_rep1,kafka,sb-events-n20-feed4-rep1,1,262,5105495300,6fcdcd6a-f032-47d6-8ab5-40021f4c097d,3895095,11,0.9166666666666666,2427445288,3895095:6fcdcd6a-f032-47d6-8ab5-40021f4c097d,1,False
concurrency_n20_20260612_220524_kafka_feed4_rep1,kafka,sb-events-n20-feed4-rep1,0,247,5111044900,b2a1e34b-f362-4be7-abc3-7d5015d54850,3895121,11,0.9166666666666666,2427445288,3895121:b2a1e34b-f362-4be7-abc3-7d5015d54850,1,False
concurrency_n20_20260612_220524_kafka_feed4_rep1,kafka,sb-events-n20-feed4-rep1,1,263,5116367800,635f9e3a-22a3-4328-aa0d-299e2244750f,3895134,11,0.9166666666666666,2427445288,3895134:635f9e3a-22a3-4328-aa0d-299e2244750f,1,False
concurrency_n20_20260612_220524_kafka_feed4_rep1,kafka,sb-events-n20-feed4-rep1,1,264,5122765100,523c9836-c56d-469f-a9b2-b2cccef6dab7,3895095,11,0.9166666666666666,2427445288,3895095:523c9836-c56d-469f-a9b2-b2cccef6dab7,1,False
concurrency_n20_20260612_220524_kafka_feed4_rep1,kafka,sb-events-n20-feed4-rep1,1,265,5128541800,480e7b02-6900-48ff-a092-84edfe968c1e,3895121,11,0.9166666666666666,2427445288,3895121:480e7b02-6900-48ff-a092-84edfe968c1e,1,False
concurrency_n20_20260612_220524_kafka_feed4_rep1,kafka,sb-events-n20-feed4-rep1,2,225,5138330500,177cc6d8-cc4d-4509-9a20-021f81a25de5,3895134,11,0.9166666666666666,2427445288,3895134:177cc6d8-cc4d-4509-9a20-021f81a25de5,1,False
concurrency_n20_20260612_220524_kafka_feed4_rep1,kafka,sb-events-n20-feed4-rep1,0,248,5143276100,7962ad90-9dc3-435e-b10a-9bbfa62c5d21,3895074,11,0.9166666666666666,2427445288,3895074:7962ad90-9dc3-435e-b10a-9bbfa62c5d21,1,False
concurrency_n20_20260612_220524_kafka_feed4_rep1,kafka,sb-events-n20-feed4-rep1,2,226,5148789500,429856a9-3da6-4b26-b2c7-bffd25ab0c19,3895113,11,0.9166666666666666,2427445288,3895113:429856a9-3da6-4b26-b2c7-bffd25ab0c19,1,False
concurrency_n20_20260612_220524_kafka_feed4_rep1,kafka,sb-events-n20-feed4-rep1,1,266,5159157900,7913f543-9fcd-488e-84d6-8a14f0455694,3895074,11,0.9166666666666666,2427445288,3895074:7913f543-9fcd-488e-84d6-8a14f0455694,1,False
concurrency_n20_20260612_220524_kafka_feed4_rep1,kafka,sb-events-n20-feed4-rep1,0,249,5164002400,8847c801-2b00-4bf3-9bb8-88f92ab95fa1,3895074,11,0.9166666666666666,2427445288,3895074:8847c801-2b00-4bf3-9bb8-88f92ab95fa1,1,False
concurrency_n20_20260612_220524_kafka_feed4_rep1,kafka,sb-events-n20-feed4-rep1,0,250,5169561800,5b924c30-ccff-4008-a917-fda9ba37cba4,3895074,11,0.9166666666666666,2427445288,3895074:5b924c30-ccff-4008-a917-fda9ba37cba4,1,False
concurrency_n20_20260612_220524_kafka_feed4_rep1,kafka,sb-events-n20-feed4-rep1,2,227,5178292900,1e2eb1e6-7441-4fcb-b532-b7e4ff107657,3895086,12,1.0,2428139733,3895086:1e2eb1e6-7441-4fcb-b532-b7e4ff107657,1,False
concurrency_n20_20260612_220524_kafka_feed4_rep1,kafka,sb-events-n20-feed4-rep1,1,267,5188540900,a03fa6b0-0944-4d90-9881-9d2b47418d86,3895086,12,1.0,2428139733,3895086:a03fa6b0-0944-4d90-9881-9d2b47418d86,1,False
concurrency_n20_20260612_220524_kafka_feed4_rep1,kafka,sb-events-n20-feed4-rep1,0,251,5190900300,e7281523-4786-460c-a9a4-c25b2828a783,3895086,12,1.0,2428139733,3895086:e7281523-4786-460c-a9a4-c25b2828a783,1,False
concurrency_n20_20260612_220524_kafka_feed4_rep1,kafka,sb-events-n20-feed4-rep1,1,268,5202371700,585a8685-12a2-418f-91a6-4d2a02ad8430,3895052,12,1.0,2428139733,3895052:585a8685-12a2-418f-91a6-4d2a02ad8430,1,False
concurrency_n20_20260612_220524_kafka_feed4_rep1,kafka,sb-events-n20-feed4-rep1,2,228,5213820400,316981db-6e7f-44a0-999e-b56d5da36fd6,3895060,12,1.0,2428139733,3895060:316981db-6e7f-44a0-999e-b56d5da36fd6,1,False
concurrency_n20_20260612_220524_kafka_feed4_rep1,kafka,sb-events-n20-feed4-rep1,0,252,5220241100,86c3a258-b8ca-4ec4-955d-05e4a45f4053,3895067,12,1.0,2428139733,3895067:86c3a258-b8ca-4ec4-955d-05e4a45f4053,1,False
concurrency_n20_20260612_220524_kafka_feed4_rep1,kafka,sb-events-n20-feed4-rep1,1,269,5225864600,e7b35a27-1240-4696-9680-00347a4fd4ab,3895067,12,1.0,2428139733,3895067:e7b35a27-1240-4696-9680-00347a4fd4ab,1,False
concurrency_n20_20260612_220524_kafka_feed4_rep1,kafka,sb-events-n20-feed4-rep1,0,253,5232905400,66cebf02-2ea6-4c35-a551-862b09130220,3895107,12,1.0,2428139733,3895107:66cebf02-2ea6-4c35-a551-862b09130220,1,False
concurrency_n20_20260612_220524_kafka_feed4_rep1,kafka,sb-events-n20-feed4-rep1,2,229,5237704200,817e0fb2-07b1-470b-9ad7-0bba4767e247,3895095,12,1.0,2428139733,3895095:817e0fb2-07b1-470b-9ad7-0bba4767e247,1,False
concurrency_n20_20260612_220524_kafka_feed4_rep1,kafka,sb-events-n20-feed4-rep1,2,230,5248470900,5bdb34eb-55f0-4afa-b200-3172dc49c743,3895121,12,1.0,2428139733,3895121:5bdb34eb-55f0-4afa-b200-3172dc49c743,1,False
concurrency_n20_20260612_220524_kafka_feed4_rep1,kafka,sb-events-n20-feed4-rep1,2,231,5253184000,01867a27-4aa7-42ac-ab96-6d7f49d8dcb8,3895134,12,1.0,2428139733,3895134:01867a27-4aa7-42ac-ab96-6d7f49d8dcb8,1,False
concurrency_n20_20260612_220524_kafka_feed4_rep1,kafka,sb-events-n20-feed4-rep1,1,270,5257370200,ba2de37d-ee65-4feb-a5ea-b54fc0236494,3895113,12,1.0,2428139733,3895113:ba2de37d-ee65-4feb-a5ea-b54fc0236494,1,False
concurrency_n20_20260612_220524_kafka_feed4_rep1,kafka,sb-events-n20-feed4-rep1,1,271,5268130900,c55ee278-e7d5-4f2f-aaf9-1d7e71c7ee6f,3895134,12,1.0,2428139733,3895134:c55ee278-e7d5-4f2f-aaf9-1d7e71c7ee6f,1,False
concurrency_n20_20260612_220524_kafka_feed4_rep1,kafka,sb-events-n20-feed4-rep1,2,232,5274391600,51fb02b5-26e7-43ac-8165-4ca01a5c46d6,3895113,12,1.0,2428139733,3895113:51fb02b5-26e7-43ac-8165-4ca01a5c46d6,1,False
concurrency_n20_20260612_220524_kafka_feed4_rep1,kafka,sb-events-n20-feed4-rep1,0,254,5283144600,da7c4c87-47cc-43e4-abc7-ed5153ccd953,3895086,13,1.0833333333333333,2428834177,3895086:da7c4c87-47cc-43e4-abc7-ed5153ccd953,1,False
concurrency_n20_20260612_220524_kafka_feed4_rep1,kafka,sb-events-n20-feed4-rep1,0,255,5291141500,2d158032-d266-417c-b308-7988ff8c3ffc,3895086,13,1.0833333333333333,2428834177,3895086:2d158032-d266-417c-b308-7988ff8c3ffc,1,False
concurrency_n20_20260612_220524_kafka_feed4_rep1,kafka,sb-events-n20-feed4-rep1,0,256,5300234400,54f1c83c-f7c4-4413-8a2a-69aaac9bec05,3895052,13,1.0833333333333333,2428834177,3895052:54f1c83c-f7c4-4413-8a2a-69aaac9bec05,1,False
concurrency_n20_20260612_220524_kafka_feed4_rep1,kafka,sb-events-n20-feed4-rep1,1,272,5304323300,4c6fb264-6641-4514-9dfb-96a0f17f3899,3895060,13,1.0833333333333333,2428834177,3895060:4c6fb264-6641-4514-9dfb-96a0f17f3899,1,False
concurrency_n20_20260612_220524_kafka_feed4_rep1,kafka,sb-events-n20-feed4-rep1,2,233,5310165900,50fa5c47-ce69-41d3-bf4a-29b4f86d02fd,3895052,13,1.0833333333333333,2428834177,3895052:50fa5c47-ce69-41d3-bf4a-29b4f86d02fd,1,False
concurrency_n20_20260612_220524_kafka_feed4_rep1,kafka,sb-events-n20-feed4-rep1,0,257,5319599100,fe1233fa-d40a-4e0c-8b0d-55809b7d774b,3895060,13,1.0833333333333333,2428834177,3895060:fe1233fa-d40a-4e0c-8b0d-55809b7d774b,1,False
concurrency_n20_20260612_220524_kafka_feed4_rep1,kafka,sb-events-n20-feed4-rep1,2,234,5327352000,e295f3e0-e0cc-4adc-91fa-062599b27d25,3895107,13,1.0833333333333333,2428834177,3895107:e295f3e0-e0cc-4adc-91fa-062599b27d25,1,False
concurrency_n20_20260612_220524_kafka_feed4_rep1,kafka,sb-events-n20-feed4-rep1,2,235,5337376000,d79cf0c7-e0cd-4718-a96e-2b06b1cb0bed,3895107,13,1.0833333333333333,2428834177,3895107:d79cf0c7-e0cd-4718-a96e-2b06b1cb0bed,1,False
concurrency_n20_20260612_220524_kafka_feed4_rep1,kafka,sb-events-n20-feed4-rep1,2,236,5342968600,d46689a3-08bd-4188-bc0d-6a6bace1f531,3895086,14,1.1666666666666667,2429528622,3895086:d46689a3-08bd-4188-bc0d-6a6bace1f531,1,False
concurrency_n20_20260612_220524_kafka_feed4_rep1,kafka,sb-events-n20-feed4-rep1,2,237,5350507700,93753357-15d4-4424-9899-669adf6f34ea,3895052,14,1.1666666666666667,2429528622,3895052:93753357-15d4-4424-9899-669adf6f34ea,1,False
concurrency_n20_20260612_220524_kafka_feed4_rep1,kafka,sb-events-n20-feed4-rep1,2,238,5357206300,1615450f-4d55-4fef-91d6-ab9f981c6185,3895095,14,1.1666666666666667,2429528622,3895095:1615450f-4d55-4fef-91d6-ab9f981c6185,1,False
concurrency_n20_20260612_220524_kafka_feed4_rep1,kafka,sb-events-n20-feed4-rep1,1,273,5364551300,9dcf795d-a1b5-4b33-b421-af35da8f1708,3895095,14,1.1666666666666667,2429528622,3895095:9dcf795d-a1b5-4b33-b421-af35da8f1708,1,False
concurrency_n20_20260612_220524_kafka_feed4_rep1,kafka,sb-events-n20-feed4-rep1,1,274,5370782700,bd76ea17-62ca-436b-b60f-ebbce8df5a58,3895074,14,1.1666666666666667,2429528622,3895074:bd76ea17-62ca-436b-b60f-ebbce8df5a58,1,False
concurrency_n20_20260612_220524_kafka_feed4_rep1,kafka,sb-events-n20-feed4-rep1,0,258,5377583400,d0309ed5-a714-4866-9594-2806ec7f3053,3895074,14,1.1666666666666667,2429528622,3895074:d0309ed5-a714-4866-9594-2806ec7f3053,1,False
concurrency_n20_20260612_220524_kafka_feed4_rep1,kafka,sb-events-n20-feed4-rep1,2,239,5384239500,59d5f7d4-b2c8-4777-ad5d-f682a5be2482,3895074,14,1.1666666666666667,2429528622,3895074:59d5f7d4-b2c8-4777-ad5d-f682a5be2482,1,False
concurrency_n20_20260612_220524_kafka_feed4_rep1,kafka,sb-events-n20-feed4-rep1,0,259,5392042000,7b8d5bb4-4ed6-4983-806a-c8ca1feeef81,3895121,15,1.25,2430223066,3895121:7b8d5bb4-4ed6-4983-806a-c8ca1feeef81,1,False
concurrency_n20_20260612_220524_kafka_feed4_rep1,kafka,sb-events-n20-feed4-rep1,1,275,5401254400,bf8ecf65-adbc-42d1-99f7-c48a6ef2ec06,3895052,15,1.25,2430223066,3895052:bf8ecf65-adbc-42d1-99f7-c48a6ef2ec06,1,False
concurrency_n20_20260612_220524_kafka_feed4_rep1,kafka,sb-events-n20-feed4-rep1,2,240,5407179800,8d671e50-4b4d-4fcc-be94-351d53828756,3895107,15,1.25,2430223066,3895107:8d671e50-4b4d-4fcc-be94-351d53828756,1,False
concurrency_n20_20260612_220524_kafka_feed4_rep1,kafka,sb-events-n20-feed4-rep1,0,260,5415843800,4cf23b83-c0d3-4df1-bdef-c5caded9cc07,3895121,15,1.25,2430223066,3895121:4cf23b83-c0d3-4df1-bdef-c5caded9cc07,1,False
concurrency_n20_20260612_220524_kafka_feed4_rep1,kafka,sb-events-n20-feed4-rep1,0,261,5422512400,67f9bdbc-8feb-49b2-b7fe-705375aac0db,3895052,15,1.25,2430223066,3895052:67f9bdbc-8feb-49b2-b7fe-705375aac0db,1,False
concurrency_n20_20260612_220524_kafka_feed4_rep1,kafka,sb-events-n20-feed4-rep1,2,241,5430100900,5891ef4b-5571-4b46-961f-60fcb3d5029b,3895095,15,1.25,2430223066,3895095:5891ef4b-5571-4b46-961f-60fcb3d5029b,1,False
concurrency_n20_20260612_220524_kafka_feed4_rep1,kafka,sb-events-n20-feed4-rep1,1,276,5440355600,a6fdb7f7-8cbe-4f00-a6bc-68733f24f18c,3895121,15,1.25,2430223066,3895121:a6fdb7f7-8cbe-4f00-a6bc-68733f24f18c,1,False
concurrency_n20_20260612_220524_kafka_feed4_rep1,kafka,sb-events-n20-feed4-rep1,2,242,5446302900,0ae08622-c5d6-4f51-ac0a-85c965101887,3895095,15,1.25,2430223066,3895095:0ae08622-c5d6-4f51-ac0a-85c965101887,1,False
concurrency_n20_20260612_220524_kafka_feed4_rep1,kafka,sb-events-n20-feed4-rep1,2,243,5453032600,b2aa3ef3-18c5-47bb-8d2b-ae0489efea39,3895134,16,1.3333333333333333,2430917511,3895134:b2aa3ef3-18c5-47bb-8d2b-ae0489efea39,1,False
concurrency_n20_20260612_220524_kafka_feed4_rep1,kafka,sb-events-n20-feed4-rep1,0,262,5458717000,923309c9-3dcf-4141-a48f-e3208bd1f952,3895113,16,1.3333333333333333,2430917511,3895113:923309c9-3dcf-4141-a48f-e3208bd1f952,1,False
concurrency_n20_20260612_220524_kafka_feed4_rep1,kafka,sb-events-n20-feed4-rep1,1,277,5467842100,e8f5cb79-b270-408d-8a30-991d50c8bccd,3895095,16,1.3333333333333333,2430917511,3895095:e8f5cb79-b270-408d-8a30-991d50c8bccd,1,False
concurrency_n20_20260612_220524_kafka_feed4_rep1,kafka,sb-events-n20-feed4-rep1,0,263,5478657900,740e3759-e2fa-4c08-bb5e-ac9ff7760fce,3895074,16,1.3333333333333333,2430917511,3895074:740e3759-e2fa-4c08-bb5e-ac9ff7760fce,1,False
concurrency_n20_20260612_220524_kafka_feed4_rep1,kafka,sb-events-n20-feed4-rep1,0,264,5484150100,3f1b90e5-46c3-4832-b386-a774f9ef7762,3895074,16,1.3333333333333333,2430917511,3895074:3f1b90e5-46c3-4832-b386-a774f9ef7762,1,False
concurrency_n20_20260612_220524_kafka_feed4_rep1,kafka,sb-events-n20-feed4-rep1,2,244,5487497300,4453ce7d-4348-41a1-a86f-beae68288f76,3895074,16,1.3333333333333333,2430917511,3895074:4453ce7d-4348-41a1-a86f-beae68288f76,1,False
concurrency_n20_20260612_220524_kafka_feed4_rep1,kafka,sb-events-n20-feed4-rep1,1,278,5497250200,8eadb67c-5080-4a27-836f-922f5a6eeeb6,3895074,16,1.3333333333333333,2430917511,3895074:8eadb67c-5080-4a27-836f-922f5a6eeeb6,1,False
concurrency_n20_20260612_220524_kafka_feed4_rep1,kafka,sb-events-n20-feed4-rep1,1,279,5499775800,4917b4e0-e17c-4412-bec0-734319e40d03,3895074,16,1.3333333333333333,2430917511,3895074:4917b4e0-e17c-4412-bec0-734319e40d03,1,False
concurrency_n20_20260612_220524_kafka_feed4_rep1,kafka,sb-events-n20-feed4-rep1,1,280,5504888100,6bae2646-95ef-4ae3-808b-79fa5756e3a0,3895086,17,1.4166666666666667,2431611955,3895086:6bae2646-95ef-4ae3-808b-79fa5756e3a0,1,False
concurrency_n20_20260612_220524_kafka_feed4_rep1,kafka,sb-events-n20-feed4-rep1,1,281,5509296700,86a2db30-3020-4a3a-af2f-3b1d59b73adc,3895052,17,1.4166666666666667,2431611955,3895052:86a2db30-3020-4a3a-af2f-3b1d59b73adc,1,False
concurrency_n20_20260612_220524_kafka_feed4_rep1,kafka,sb-events-n20-feed4-rep1,2,245,5518163000,6099cc29-0d11-4fee-9d00-ce786f36eca9,3895113,17,1.4166666666666667,2431611955,3895113:6099cc29-0d11-4fee-9d00-ce786f36eca9,1,False
concurrency_n20_20260612_220524_kafka_feed4_rep1,kafka,sb-events-n20-feed4-rep1,1,282,5520659700,da8b4ee3-3079-4353-ac9d-451a47100b52,3895121,17,1.4166666666666667,2431611955,3895121:da8b4ee3-3079-4353-ac9d-451a47100b52,1,False
concurrency_n20_20260612_220524_kafka_feed4_rep1,kafka,sb-events-n20-feed4-rep1,1,283,5523913100,238ccd63-a906-4647-a994-0b592cedbb4d,3895113,17,1.4166666666666667,2431611955,3895113:238ccd63-a906-4647-a994-0b592cedbb4d,1,False
concurrency_n20_20260612_220524_kafka_feed4_rep1,kafka,sb-events-n20-feed4-rep1,0,265,5528511700,5f5f1bfd-17e6-4a75-a48d-23c004391ca0,3895121,17,1.4166666666666667,2431611955,3895121:5f5f1bfd-17e6-4a75-a48d-23c004391ca0,1,False
concurrency_n20_20260612_220524_kafka_feed4_rep1,kafka,sb-events-n20-feed4-rep1,1,284,5531850000,f56d4891-5044-48bc-98bd-2714de02c555,3895095,17,1.4166666666666667,2431611955,3895095:f56d4891-5044-48bc-98bd-2714de02c555,1,False
concurrency_n20_20260612_220524_kafka_feed4_rep1,kafka,sb-events-n20-feed4-rep1,1,285,5537323700,74fb2011-216f-43aa-8c61-587989c3083d,3895095,17,1.4166666666666667,2431611955,3895095:74fb2011-216f-43aa-8c61-587989c3083d,1,False
concurrency_n20_20260612_220524_kafka_feed4_rep1,kafka,sb-events-n20-feed4-rep1,2,246,5542996300,c4f630f3-cffd-4397-a545-146b8ed79cba,3895095,17,1.4166666666666667,2431611955,3895095:c4f630f3-cffd-4397-a545-146b8ed79cba,1,False
concurrency_n20_20260612_220524_kafka_feed4_rep1,kafka,sb-events-n20-feed4-rep1,2,247,5561333700,a2d472e0-2844-401d-94b3-333c820b3d2d,3895086,18,1.5,2432306400,3895086:a2d472e0-2844-401d-94b3-333c820b3d2d,1,False
concurrency_n20_20260612_220524_kafka_feed4_rep1,kafka,sb-events-n20-feed4-rep1,2,248,5568404400,a3d8c0c0-3e97-47d3-8bee-8eba75a19ae8,3895086,18,1.5,2432306400,3895086:a3d8c0c0-3e97-47d3-8bee-8eba75a19ae8,1,False
concurrency_n20_20260612_220524_kafka_feed4_rep1,kafka,sb-events-n20-feed4-rep1,0,266,5570627900,e1464657-428c-47db-b28c-41c44d976b21,3895086,18,1.5,2432306400,3895086:e1464657-428c-47db-b28c-41c44d976b21,1,False
concurrency_n20_20260612_220524_kafka_feed4_rep1,kafka,sb-events-n20-feed4-rep1,0,267,5574544600,f3cf7038-cbb0-4e2b-be0e-87d31d2aa135,3895086,18,1.5,2432306400,3895086:f3cf7038-cbb0-4e2b-be0e-87d31d2aa135,1,False
concurrency_n20_20260612_220524_kafka_feed4_rep1,kafka,sb-events-n20-feed4-rep1,1,286,5578399100,c6cba519-72a4-4c6a-a204-27bb2809348d,3895107,18,1.5,2432306400,3895107:c6cba519-72a4-4c6a-a204-27bb2809348d,1,False
concurrency_n20_20260612_220524_kafka_feed4_rep1,kafka,sb-events-n20-feed4-rep1,2,249,5586877900,415243ce-3849-4896-9be1-75365ad90b78,3895134,18,1.5,2432306400,3895134:415243ce-3849-4896-9be1-75365ad90b78,1,False
concurrency_n20_20260612_220524_kafka_feed4_rep1,kafka,sb-events-n20-feed4-rep1,2,250,5591629000,b4c2c8e7-ca1b-4d18-863e-e58021f75654,3895086,18,1.5,2432306400,3895086:b4c2c8e7-ca1b-4d18-863e-e58021f75654,1,False
concurrency_n20_20260612_220524_kafka_feed4_rep1,kafka,sb-events-n20-feed4-rep1,2,251,5598709500,0419e708-847b-4ff2-a6f7-50031b3683e4,3895107,18,1.5,2432306400,3895107:0419e708-847b-4ff2-a6f7-50031b3683e4,1,False
concurrency_n20_20260612_220524_kafka_feed4_rep1,kafka,sb-events-n20-feed4-rep1,2,252,5606004200,f9096f10-3921-40be-bcaa-d7439f4bef6c,3895134,18,1.5,2432306400,3895134:f9096f10-3921-40be-bcaa-d7439f4bef6c,1,False
concurrency_n20_20260612_220524_kafka_feed4_rep1,kafka,sb-events-n20-feed4-rep1,1,287,5612612700,da618d2e-27e6-47f5-ba91-a32d880fc3f3,3895052,18,1.5,2432306400,3895052:da618d2e-27e6-47f5-ba91-a32d880fc3f3,1,False
concurrency_n20_20260612_220524_kafka_feed4_rep1,kafka,sb-events-n20-feed4-rep1,0,268,5622136300,c6085c22-483f-4a4b-a3a7-27fbee22ae65,3895052,18,1.5,2432306400,3895052:c6085c22-483f-4a4b-a3a7-27fbee22ae65,1,False
concurrency_n20_20260612_220524_kafka_feed4_rep1,kafka,sb-events-n20-feed4-rep1,0,269,5626109900,3211acd7-830e-4b57-9d44-ffc087f09783,3895121,18,1.5,2432306400,3895121:3211acd7-830e-4b57-9d44-ffc087f09783,1,False
concurrency_n20_20260612_220524_kafka_feed4_rep1,kafka,sb-events-n20-feed4-rep1,0,270,5634623500,5ecff428-f7e5-4098-a070-003bae61d520,3895052,18,1.5,2432306400,3895052:5ecff428-f7e5-4098-a070-003bae61d520,1,False
concurrency_n20_20260612_220524_kafka_feed4_rep1,kafka,sb-events-n20-feed4-rep1,2,253,5640352400,08a00791-17e3-4e67-acbb-494c7c518e23,3895095,18,1.5,2432306400,3895095:08a00791-17e3-4e67-acbb-494c7c518e23,1,False
concurrency_n20_20260612_220524_kafka_feed4_rep1,kafka,sb-events-n20-feed4-rep1,2,254,5646846500,4acda0ae-ebda-4589-806c-c3233063335e,3895107,19,1.5833333333333333,2433000844,3895107:4acda0ae-ebda-4589-806c-c3233063335e,1,False
concurrency_n20_20260612_220524_kafka_feed4_rep1,kafka,sb-events-n20-feed4-rep1,0,271,5652672900,61c008f9-cf5c-4ebe-ae27-f5ee5b22c150,3895134,19,1.5833333333333333,2433000844,3895134:61c008f9-cf5c-4ebe-ae27-f5ee5b22c150,1,False
concurrency_n20_20260612_220524_kafka_feed4_rep1,kafka,sb-events-n20-feed4-rep1,0,272,5658513200,95573a25-89e1-4453-899f-9231016295df,3895107,19,1.5833333333333333,2433000844,3895107:95573a25-89e1-4453-899f-9231016295df,1,False
concurrency_n20_20260612_220524_kafka_feed4_rep1,kafka,sb-events-n20-feed4-rep1,0,273,5664555400,7d098e93-c4a3-4d21-94e1-ee7f39346658,3895113,19,1.5833333333333333,2433000844,3895113:7d098e93-c4a3-4d21-94e1-ee7f39346658,1,False
concurrency_n20_20260612_220524_kafka_feed4_rep1,kafka,sb-events-n20-feed4-rep1,1,288,5672956500,f6afab09-dd54-41b0-9eab-2f54641f6cc7,3895134,19,1.5833333333333333,2433000844,3895134:f6afab09-dd54-41b0-9eab-2f54641f6cc7,1,False
concurrency_n20_20260612_220524_kafka_feed4_rep1,kafka,sb-events-n20-feed4-rep1,0,274,5680213700,82b43325-f1c1-48f8-8a96-f447e73e0014,3895107,19,1.5833333333333333,2433000844,3895107:82b43325-f1c1-48f8-8a96-f447e73e0014,1,False
concurrency_n20_20260612_220524_kafka_feed4_rep1,kafka,sb-events-n20-feed4-rep1,1,289,5691283100,babaa5b7-7d2a-455f-9d53-09929055b994,3895121,19,1.5833333333333333,2433000844,3895121:babaa5b7-7d2a-455f-9d53-09929055b994,1,False
concurrency_n20_20260612_220524_kafka_feed4_rep1,kafka,sb-events-n20-feed4-rep1,2,255,5701442500,fbeffccf-f6ec-4792-812e-6aa5f8535b6c,3895134,19,1.5833333333333333,2433000844,3895134:fbeffccf-f6ec-4792-812e-6aa5f8535b6c,1,False
concurrency_n20_20260612_220524_kafka_feed4_rep1,kafka,sb-events-n20-feed4-rep1,1,290,5708232100,31656a86-ac6f-48e7-8588-664d49470dcf,3895121,19,1.5833333333333333,2433000844,3895121:31656a86-ac6f-48e7-8588-664d49470dcf,1,False
concurrency_n20_20260612_220524_kafka_feed4_rep1,kafka,sb-events-n20-feed4-rep1,1,291,5713116000,c1fd3b58-ecc8-4b74-baf6-d706324c0a37,3895095,19,1.5833333333333333,2433000844,3895095:c1fd3b58-ecc8-4b74-baf6-d706324c0a37,1,False
concurrency_n20_20260612_220524_kafka_feed4_rep1,kafka,sb-events-n20-feed4-rep1,1,292,5722770800,34a68da4-a761-418e-a94a-29bb8fd8e96e,3895095,19,1.5833333333333333,2433000844,3895095:34a68da4-a761-418e-a94a-29bb8fd8e96e,1,False
concurrency_n20_20260612_220524_kafka_feed4_rep1,kafka,sb-events-n20-feed4-rep1,0,275,5733562600,5ea481e0-e6e1-4897-b6e0-78445211ad3d,3895060,20,1.6666666666666667,2433695288,3895060:5ea481e0-e6e1-4897-b6e0-78445211ad3d,1,False
concurrency_n20_20260612_220524_kafka_feed4_rep1,kafka,sb-events-n20-feed4-rep1,1,293,5743391800,58a678fb-10ef-4114-9bbb-099466db1636,3895086,20,1.6666666666666667,2433695288,3895086:58a678fb-10ef-4114-9bbb-099466db1636,1,False
concurrency_n20_20260612_220524_kafka_feed4_rep1,kafka,sb-events-n20-feed4-rep1,0,276,5750403500,5e0455ba-95d7-4dc9-92d6-c8b777a5c7b6,3895086,20,1.6666666666666667,2433695288,3895086:5e0455ba-95d7-4dc9-92d6-c8b777a5c7b6,1,False
concurrency_n20_20260612_220524_kafka_feed4_rep1,kafka,sb-events-n20-feed4-rep1,2,256,5760379500,9adb3957-42ed-4d0a-80fc-38ad27500ee0,3895113,20,1.6666666666666667,2433695288,3895113:9adb3957-42ed-4d0a-80fc-38ad27500ee0,1,False
concurrency_n20_20260612_220524_kafka_feed4_rep1,kafka,sb-events-n20-feed4-rep1,0,277,5766234500,a6f33202-5449-458f-8473-9c4274528e11,3895052,20,1.6666666666666667,2433695288,3895052:a6f33202-5449-458f-8473-9c4274528e11,1,False
concurrency_n20_20260612_220524_kafka_feed4_rep1,kafka,sb-events-n20-feed4-rep1,0,278,5773578900,91c869e1-262b-4223-89b4-903cf7e9b527,3895107,20,1.6666666666666667,2433695288,3895107:91c869e1-262b-4223-89b4-903cf7e9b527,1,False
concurrency_n20_20260612_220524_kafka_feed4_rep1,kafka,sb-events-n20-feed4-rep1,0,279,5784658300,8e9c5a9a-0084-457b-93be-2ba84bbe4fcb,3895113,20,1.6666666666666667,2433695288,3895113:8e9c5a9a-0084-457b-93be-2ba84bbe4fcb,1,False
concurrency_n20_20260612_220524_kafka_feed4_rep1,kafka,sb-events-n20-feed4-rep1,0,280,5787248600,91e88312-848a-47f2-8871-b71be8bb172c,3895107,20,1.6666666666666667,2433695288,3895107:91e88312-848a-47f2-8871-b71be8bb172c,1,False
concurrency_n20_20260612_220524_kafka_feed4_rep1,kafka,sb-events-n20-feed4-rep1,0,281,5790991300,20d4b309-2546-439a-96d6-c362fb3ecb2d,3895113,20,1.6666666666666667,2433695288,3895113:20d4b309-2546-439a-96d6-c362fb3ecb2d,1,False
concurrency_n20_20260612_220524_kafka_feed4_rep1,kafka,sb-events-n20-feed4-rep1,2,257,5799438000,04f7f325-bfc0-4731-a32f-7f8232c8296e,3895121,20,1.6666666666666667,2433695288,3895121:04f7f325-bfc0-4731-a32f-7f8232c8296e,1,False
concurrency_n20_20260612_220524_kafka_feed4_rep1,kafka,sb-events-n20-feed4-rep1,2,258,5810334500,5bd4ec7d-4d90-4a2d-bcea-2fe45009e3e5,3895113,20,1.6666666666666667,2433695288,3895113:5bd4ec7d-4d90-4a2d-bcea-2fe45009e3e5,1,False
concurrency_n20_20260612_220524_kafka_feed4_rep1,kafka,sb-events-n20-feed4-rep1,1,294,5820788300,90ec0daf-d61f-4501-ab28-c24d33c3ac5f,3895060,21,1.75,2434389733,3895060:90ec0daf-d61f-4501-ab28-c24d33c3ac5f,1,False
concurrency_n20_20260612_220524_kafka_feed4_rep1,kafka,sb-events-n20-feed4-rep1,1,295,5834519500,948f6c30-084e-4ef6-a45d-90557e5552d8,3895060,21,1.75,2434389733,3895060:948f6c30-084e-4ef6-a45d-90557e5552d8,1,False
concurrency_n20_20260612_220524_kafka_feed4_rep1,kafka,sb-events-n20-feed4-rep1,1,296,5840920100,a4cf9a70-b481-4b49-9ce1-ca29ff7c506e,3895134,21,1.75,2434389733,3895134:a4cf9a70-b481-4b49-9ce1-ca29ff7c506e,1,False
concurrency_n20_20260612_220524_kafka_feed4_rep1,kafka,sb-events-n20-feed4-rep1,0,282,5847882500,ce0cff7d-de0c-4e19-8496-2dd948d69413,3895052,21,1.75,2434389733,3895052:ce0cff7d-de0c-4e19-8496-2dd948d69413,1,False
concurrency_n20_20260612_220524_kafka_feed4_rep1,kafka,sb-events-n20-feed4-rep1,2,259,5855208600,d2616640-d066-4175-a00a-35d3db6e7ef0,3895134,21,1.75,2434389733,3895134:d2616640-d066-4175-a00a-35d3db6e7ef0,1,False
concurrency_n20_20260612_220524_kafka_feed4_rep1,kafka,sb-events-n20-feed4-rep1,0,283,5861931400,ebaf6e35-461e-411b-a4c6-bd8c8807ed4b,3895052,21,1.75,2434389733,3895052:ebaf6e35-461e-411b-a4c6-bd8c8807ed4b,1,False
concurrency_n20_20260612_220524_kafka_feed4_rep1,kafka,sb-events-n20-feed4-rep1,1,297,5866672400,377feb38-fa03-4b29-bb7f-2cfbb3baf194,3895107,21,1.75,2434389733,3895107:377feb38-fa03-4b29-bb7f-2cfbb3baf194,1,False
concurrency_n20_20260612_220524_kafka_feed4_rep1,kafka,sb-events-n20-feed4-rep1,1,298,5872542400,a5317761-7d6b-4332-832c-56edfbce761f,3895121,21,1.75,2434389733,3895121:a5317761-7d6b-4332-832c-56edfbce761f,1,False
concurrency_n20_20260612_220524_kafka_feed4_rep1,kafka,sb-events-n20-feed4-rep1,2,260,5878827100,d0a1094c-65af-4a38-8aa7-a18ff8210a8e,3895107,21,1.75,2434389733,3895107:d0a1094c-65af-4a38-8aa7-a18ff8210a8e,1,False
concurrency_n20_20260612_220524_kafka_feed4_rep1,kafka,sb-events-n20-feed4-rep1,0,284,5886252800,6824686d-4590-42ed-bcb5-84522be6958f,3895113,21,1.75,2434389733,3895113:6824686d-4590-42ed-bcb5-84522be6958f,1,False
concurrency_n20_20260612_220524_kafka_feed4_rep1,kafka,sb-events-n20-feed4-rep1,0,285,5890124900,7b952b7f-319c-4b59-9887-322eb909afae,3895121,21,1.75,2434389733,3895121:7b952b7f-319c-4b59-9887-322eb909afae,1,False
concurrency_n20_20260612_220524_kafka_feed4_rep1,kafka,sb-events-n20-feed4-rep1,2,261,5897061600,13cdffc6-1a64-46ed-9d46-9d52584911eb,3895095,21,1.75,2434389733,3895095:13cdffc6-1a64-46ed-9d46-9d52584911eb,1,False
concurrency_n20_20260612_220524_kafka_feed4_rep1,kafka,sb-events-n20-feed4-rep1,1,299,5909486200,4c5afbe4-b097-4acf-8087-c15c6b876bb2,3895113,21,1.75,2434389733,3895113:4c5afbe4-b097-4acf-8087-c15c6b876bb2,1,False
concurrency_n20_20260612_220524_kafka_feed4_rep1,kafka,sb-events-n20-feed4-rep1,0,286,5915430100,d7d57b8f-e679-4a01-9112-8c67d14816da,3895121,21,1.75,2434389733,3895121:d7d57b8f-e679-4a01-9112-8c67d14816da,1,False
concurrency_n20_20260612_220524_kafka_feed4_rep1,kafka,sb-events-n20-feed4-rep1,1,300,5921604100,380b0b2e-41af-476d-bb8d-683c2c4bc624,3895134,22,1.8333333333333333,2435084177,3895134:380b0b2e-41af-476d-bb8d-683c2c4bc624,1,False
concurrency_n20_20260612_220524_kafka_feed4_rep1,kafka,sb-events-n20-feed4-rep1,2,262,5928282800,9a40ee6a-81c2-48c1-b86d-7b611f1cbad9,3895052,22,1.8333333333333333,2435084177,3895052:9a40ee6a-81c2-48c1-b86d-7b611f1cbad9,1,False
concurrency_n20_20260612_220524_kafka_feed4_rep1,kafka,sb-events-n20-feed4-rep1,1,301,5933781900,064b72e5-2907-4fec-ae0a-2108f5e8524f,3895052,22,1.8333333333333333,2435084177,3895052:064b72e5-2907-4fec-ae0a-2108f5e8524f,1,False
concurrency_n20_20260612_220524_kafka_feed4_rep1,kafka,sb-events-n20-feed4-rep1,2,263,5944707000,13033282-511b-44a2-bdfb-112ad4f2cbe2,3895107,22,1.8333333333333333,2435084177,3895107:13033282-511b-44a2-bdfb-112ad4f2cbe2,1,False
concurrency_n20_20260612_220524_kafka_feed4_rep1,kafka,sb-events-n20-feed4-rep1,0,287,5950546600,6d76d333-ddbe-4dd4-b0e0-f04bace0d42c,3895121,22,1.8333333333333333,2435084177,3895121:6d76d333-ddbe-4dd4-b0e0-f04bace0d42c,1,False
concurrency_n20_20260612_220524_kafka_feed4_rep1,kafka,sb-events-n20-feed4-rep1,2,264,5956442200,b718de1e-9955-427d-a714-9612b515b37f,3895060,23,1.9166666666666667,2435778622,3895060:b718de1e-9955-427d-a714-9612b515b37f,1,False
concurrency_n20_20260612_220524_kafka_feed4_rep1,kafka,sb-events-n20-feed4-rep1,0,288,5964327500,5d1189db-89e2-4f3a-9fe7-9ca309a9180b,3895086,23,1.9166666666666667,2435778622,3895086:5d1189db-89e2-4f3a-9fe7-9ca309a9180b,1,False
concurrency_n20_20260612_220524_kafka_feed4_rep1,kafka,sb-events-n20-feed4-rep1,1,302,5972499400,bf131dfc-aa54-477b-aa3a-fe427e0f5a4d,3895052,23,1.9166666666666667,2435778622,3895052:bf131dfc-aa54-477b-aa3a-fe427e0f5a4d,1,False
concurrency_n20_20260612_220524_kafka_feed4_rep1,kafka,sb-events-n20-feed4-rep1,1,303,5979001000,f436fba2-fe86-4de4-81a8-6f0ade75bb37,3895095,23,1.9166666666666667,2435778622,3895095:f436fba2-fe86-4de4-81a8-6f0ade75bb37,1,False
concurrency_n20_20260612_220524_kafka_feed4_rep1,kafka,sb-events-n20-feed4-rep1,0,289,5985775100,0ff21259-8e4f-4ca9-b2f0-eeca108eaf72,3895107,23,1.9166666666666667,2435778622,3895107:0ff21259-8e4f-4ca9-b2f0-eeca108eaf72,1,False
concurrency_n20_20260612_220524_kafka_feed4_rep1,kafka,sb-events-n20-feed4-rep1,2,265,5993765000,cb77e8ab-344f-468f-81fa-a6da694d993e,3895095,23,1.9166666666666667,2435778622,3895095:cb77e8ab-344f-468f-81fa-a6da694d993e,1,False
concurrency_n20_20260612_220524_kafka_feed4_rep1,kafka,sb-events-n20-feed4-rep1,0,290,6006998400,0330715d-3ebb-4144-b556-11d9aea021f7,3895107,23,1.9166666666666667,2435778622,3895107:0330715d-3ebb-4144-b556-11d9aea021f7,1,False
concurrency_n20_20260612_220524_kafka_feed4_rep1,kafka,sb-events-n20-feed4-rep1,1,304,6011812100,13f2f67e-ce8a-45c1-91d1-965bd994230e,3895107,23,1.9166666666666667,2435778622,3895107:13f2f67e-ce8a-45c1-91d1-965bd994230e,1,False
concurrency_n20_20260612_220524_kafka_feed4_rep1,kafka,sb-events-n20-feed4-rep1,1,305,6016823800,30439125-dd53-46d2-95b0-e188be25443c,3895067,24,2.0,2436473066,3895067:30439125-dd53-46d2-95b0-e188be25443c,1,False
concurrency_n20_20260612_220524_kafka_feed4_rep1,kafka,sb-events-n20-feed4-rep1,1,306,6022917800,11e909cf-1292-4ff6-877b-047271284066,3895060,24,2.0,2436473066,3895060:11e909cf-1292-4ff6-877b-047271284066,1,False
concurrency_n20_20260612_220524_kafka_feed4_rep1,kafka,sb-events-n20-feed4-rep1,1,307,6029571700,43d00079-b73c-4617-aa1a-2d5d3d54ba34,3895086,24,2.0,2436473066,3895086:43d00079-b73c-4617-aa1a-2d5d3d54ba34,1,False
concurrency_n20_20260612_220524_kafka_feed4_rep1,kafka,sb-events-n20-feed4-rep1,0,291,6036833000,a332d835-268e-4498-8bfb-67085f324c46,3895086,24,2.0,2436473066,3895086:a332d835-268e-4498-8bfb-67085f324c46,1,False
concurrency_n20_20260612_220524_kafka_feed4_rep1,kafka,sb-events-n20-feed4-rep1,1,308,6043870800,cf31353b-8f9d-4a5e-9fbe-b74bcc381264,3895121,24,2.0,2436473066,3895121:cf31353b-8f9d-4a5e-9fbe-b74bcc381264,1,False
concurrency_n20_20260612_220524_kafka_feed4_rep1,kafka,sb-events-n20-feed4-rep1,0,292,6056625800,e8f164f5-a160-4c46-a82c-abe4e89677d9,3895121,24,2.0,2436473066,3895121:e8f164f5-a160-4c46-a82c-abe4e89677d9,1,False
concurrency_n20_20260612_220524_kafka_feed4_rep1,kafka,sb-events-n20-feed4-rep1,0,293,6062746500,dcc91b79-7910-496f-853c-e3a279361c9c,3895107,24,2.0,2436473066,3895107:dcc91b79-7910-496f-853c-e3a279361c9c,1,False
concurrency_n20_20260612_220524_kafka_feed4_rep1,kafka,sb-events-n20-feed4-rep1,2,266,6067823900,a815f844-803f-46d0-98ef-cb7d3aca3c8b,3895067,25,2.083333333333333,2437167511,3895067:a815f844-803f-46d0-98ef-cb7d3aca3c8b,1,False
concurrency_n20_20260612_220524_kafka_feed4_rep1,kafka,sb-events-n20-feed4-rep1,0,294,6075556200,ead699aa-f13c-4cdf-8423-f658ad925cb5,3895067,25,2.083333333333333,2437167511,3895067:ead699aa-f13c-4cdf-8423-f658ad925cb5,1,False
concurrency_n20_20260612_220524_kafka_feed4_rep1,kafka,sb-events-n20-feed4-rep1,0,295,6086375300,9f680d72-f947-4b6e-a483-04e6cb981cf5,3895060,25,2.083333333333333,2437167511,3895060:9f680d72-f947-4b6e-a483-04e6cb981cf5,1,False
concurrency_n20_20260612_220524_kafka_feed4_rep1,kafka,sb-events-n20-feed4-rep1,0,296,6095724800,84c01004-f3ae-4fda-bcdd-31980eb13196,3895060,25,2.083333333333333,2437167511,3895060:84c01004-f3ae-4fda-bcdd-31980eb13196,1,False
concurrency_n20_20260612_220524_kafka_feed4_rep1,kafka,sb-events-n20-feed4-rep1,0,297,6102332200,2b8248b7-ca1e-4b25-8019-43dcd354312b,3895134,25,2.083333333333333,2437167511,3895134:2b8248b7-ca1e-4b25-8019-43dcd354312b,1,False
concurrency_n20_20260612_220524_kafka_feed4_rep1,kafka,sb-events-n20-feed4-rep1,0,298,6108232200,07087bbe-871b-46b9-af20-4c074da4a10d,3895113,25,2.083333333333333,2437167511,3895113:07087bbe-871b-46b9-af20-4c074da4a10d,1,False
concurrency_n20_20260612_220524_kafka_feed4_rep1,kafka,sb-events-n20-feed4-rep1,0,299,6117271600,24fa959e-ad78-4dfb-9cf7-ff352947271c,3895052,25,2.083333333333333,2437167511,3895052:24fa959e-ad78-4dfb-9cf7-ff352947271c,1,False
concurrency_n20_20260612_220524_kafka_feed4_rep1,kafka,sb-events-n20-feed4-rep1,1,309,6124242500,03f103fa-f1fc-463e-87d9-cd3db62d4291,3895052,25,2.083333333333333,2437167511,3895052:03f103fa-f1fc-463e-87d9-cd3db62d4291,1,False
concurrency_n20_20260612_220524_kafka_feed4_rep1,kafka,sb-events-n20-feed4-rep1,0,300,6134133300,da6d72e8-314a-4232-892f-7f2b7aa233da,3895052,25,2.083333333333333,2437167511,3895052:da6d72e8-314a-4232-892f-7f2b7aa233da,1,False
concurrency_n20_20260612_220524_kafka_feed4_rep1,kafka,sb-events-n20-feed4-rep1,1,310,6142249100,197edbf9-491f-48e7-b569-16790aa29662,3895107,25,2.083333333333333,2437167511,3895107:197edbf9-491f-48e7-b569-16790aa29662,1,False
concurrency_n20_20260612_220524_kafka_feed4_rep1,kafka,sb-events-n20-feed4-rep1,1,311,6150066900,8cbf25e7-f76d-430e-b1c7-4b5c77f460f1,3895107,25,2.083333333333333,2437167511,3895107:8cbf25e7-f76d-430e-b1c7-4b5c77f460f1,1,False
concurrency_n20_20260612_220524_kafka_feed4_rep1,kafka,sb-events-n20-feed4-rep1,0,301,6156862000,e1f2d0bd-aeb0-42b2-867d-f5e407986d61,3895086,26,2.1666666666666665,2437861955,3895086:e1f2d0bd-aeb0-42b2-867d-f5e407986d61,1,False
concurrency_n20_20260612_220524_kafka_feed4_rep1,kafka,sb-events-n20-feed4-rep1,1,312,6167104700,1cfdd0b2-0f61-4520-8329-c24d895696b1,3895113,26,2.1666666666666665,2437861955,3895113:1cfdd0b2-0f61-4520-8329-c24d895696b1,1,False
concurrency_n20_20260612_220524_kafka_feed4_rep1,kafka,sb-events-n20-feed4-rep1,2,267,6171396500,4a4a7e44-43c5-44e2-bf4c-ca1637daea87,3895107,26,2.1666666666666665,2437861955,3895107:4a4a7e44-43c5-44e2-bf4c-ca1637daea87,1,False
concurrency_n20_20260612_220524_kafka_feed4_rep1,kafka,sb-events-n20-feed4-rep1,1,313,6177962900,b812268f-ce7d-4b17-9ad2-f38e50908694,3895107,26,2.1666666666666665,2437861955,3895107:b812268f-ce7d-4b17-9ad2-f38e50908694,1,False
concurrency_n20_20260612_220524_kafka_feed4_rep1,kafka,sb-events-n20-feed4-rep1,1,314,6189998700,984ac2c7-33e7-43ac-8152-f88bdf9bcb40,3895107,26,2.1666666666666665,2437861955,3895107:984ac2c7-33e7-43ac-8152-f88bdf9bcb40,1,False
concurrency_n20_20260612_220524_kafka_feed4_rep1,kafka,sb-events-n20-feed4-rep1,2,268,6195278400,2c82e5ca-792d-4700-8f46-ad27ebbb3545,3895107,26,2.1666666666666665,2437861955,3895107:2c82e5ca-792d-4700-8f46-ad27ebbb3545,1,False
concurrency_n20_20260612_220524_kafka_feed4_rep1,kafka,sb-events-n20-feed4-rep1,0,302,6200659900,d109e813-a171-4eab-bd01-20c8e0a2d54b,3895067,27,2.25,2438556400,3895067:d109e813-a171-4eab-bd01-20c8e0a2d54b,1,False
concurrency_n20_20260612_220524_kafka_feed4_rep1,kafka,sb-events-n20-feed4-rep1,0,303,6208243400,4dbc35f7-4520-4c1d-a0c1-81c1760b2c40,3895067,27,2.25,2438556400,3895067:4dbc35f7-4520-4c1d-a0c1-81c1760b2c40,1,False
concurrency_n20_20260612_220524_kafka_feed4_rep1,kafka,sb-events-n20-feed4-rep1,2,269,6213403400,10df0432-33a1-4c21-9b36-dc9a9488ba69,3895067,27,2.25,2438556400,3895067:10df0432-33a1-4c21-9b36-dc9a9488ba69,1,False
concurrency_n20_20260612_220524_kafka_feed4_rep1,kafka,sb-events-n20-feed4-rep1,0,304,6220908200,1ada5a52-ccdd-47d6-bfae-a3c6cfe6695c,3895086,27,2.25,2438556400,3895086:1ada5a52-ccdd-47d6-bfae-a3c6cfe6695c,1,False
concurrency_n20_20260612_220524_kafka_feed4_rep1,kafka,sb-events-n20-feed4-rep1,1,315,6229656400,49b31666-46f5-4aa7-a2b1-869d05a27d90,3895086,27,2.25,2438556400,3895086:49b31666-46f5-4aa7-a2b1-869d05a27d90,1,False
concurrency_n20_20260612_220524_kafka_feed4_rep1,kafka,sb-events-n20-feed4-rep1,0,305,6239495200,3e22029c-1ffc-479a-8824-66a065a2fdf6,3895134,27,2.25,2438556400,3895134:3e22029c-1ffc-479a-8824-66a065a2fdf6,1,False
concurrency_n20_20260612_220524_kafka_feed4_rep1,kafka,sb-events-n20-feed4-rep1,1,316,6246764400,c3ae126d-34d6-421c-813d-3e3179428b05,3895086,27,2.25,2438556400,3895086:c3ae126d-34d6-421c-813d-3e3179428b05,1,False
concurrency_n20_20260612_220524_kafka_feed4_rep1,kafka,sb-events-n20-feed4-rep1,0,306,6253581500,3ef9a433-6ad8-4533-b8c7-8465064ae209,3895134,27,2.25,2438556400,3895134:3ef9a433-6ad8-4533-b8c7-8465064ae209,1,False
concurrency_n20_20260612_220524_kafka_feed4_rep1,kafka,sb-events-n20-feed4-rep1,2,270,6261997100,cfe9b540-ca3b-4aad-b553-0674713203bb,3895113,27,2.25,2438556400,3895113:cfe9b540-ca3b-4aad-b553-0674713203bb,1,False
concurrency_n20_20260612_220524_kafka_feed4_rep1,kafka,sb-events-n20-feed4-rep1,1,317,6275076400,6a8269d2-5ce9-4921-9502-03ae5b27b8b6,3895113,27,2.25,2438556400,3895113:6a8269d2-5ce9-4921-9502-03ae5b27b8b6,1,False
concurrency_n20_20260612_220524_kafka_feed4_rep1,kafka,sb-events-n20-feed4-rep1,2,271,6282271200,87c20b3f-2fe3-4696-b387-5997a79262eb,3895052,27,2.25,2438556400,3895052:87c20b3f-2fe3-4696-b387-5997a79262eb,1,False
concurrency_n20_20260612_220524_kafka_feed4_rep1,kafka,sb-events-n20-feed4-rep1,0,307,6287574500,ce148b24-1185-48a7-bc22-d593e8115f3c,3895052,27,2.25,2438556400,3895052:ce148b24-1185-48a7-bc22-d593e8115f3c,1,False
concurrency_n20_20260612_220524_kafka_feed4_rep1,kafka,sb-events-n20-feed4-rep1,2,272,6298577100,12eedca2-420b-4b01-a81d-12b847d2f8a6,3895107,27,2.25,2438556400,3895107:12eedca2-420b-4b01-a81d-12b847d2f8a6,1,False
concurrency_n20_20260612_220524_kafka_feed4_rep1,kafka,sb-events-n20-feed4-rep1,2,273,6305483800,b343f95e-f220-4957-afda-b760c0859784,3895107,27,2.25,2438556400,3895107:b343f95e-f220-4957-afda-b760c0859784,1,False
concurrency_n20_20260612_220524_kafka_feed4_rep1,kafka,sb-events-n20-feed4-rep1,2,274,6310586700,d4611d70-d895-41fc-95ab-a1c65347c86b,3895095,28,2.333333333333333,2439250844,3895095:d4611d70-d895-41fc-95ab-a1c65347c86b,1,False
concurrency_n20_20260612_220524_kafka_feed4_rep1,kafka,sb-events-n20-feed4-rep1,0,308,6318183800,e3e1f7c7-4932-4722-9f8c-b801ec0f3eb9,3895113,28,2.333333333333333,2439250844,3895113:e3e1f7c7-4932-4722-9f8c-b801ec0f3eb9,1,False
concurrency_n20_20260612_220524_kafka_feed4_rep1,kafka,sb-events-n20-feed4-rep1,2,275,6323117300,f2148745-955f-4ae6-99fc-7eea72344f5c,3895052,28,2.333333333333333,2439250844,3895052:f2148745-955f-4ae6-99fc-7eea72344f5c,1,False
concurrency_n20_20260612_220524_kafka_feed4_rep1,kafka,sb-events-n20-feed4-rep1,0,309,6330951300,2e41f9b8-5553-4025-bfb2-90dc50a9013a,3895107,28,2.333333333333333,2439250844,3895107:2e41f9b8-5553-4025-bfb2-90dc50a9013a,1,False
concurrency_n20_20260612_220524_kafka_feed4_rep1,kafka,sb-events-n20-feed4-rep1,0,310,6338158700,78f5f9b2-8e23-4ed5-bc21-6cb65b4bfecd,3895107,28,2.333333333333333,2439250844,3895107:78f5f9b2-8e23-4ed5-bc21-6cb65b4bfecd,1,False
concurrency_n20_20260612_220524_kafka_feed4_rep1,kafka,sb-events-n20-feed4-rep1,1,318,6344480900,d0c9136b-fb00-4bfe-bd7f-3b3dbdc6992c,3895107,28,2.333333333333333,2439250844,3895107:d0c9136b-fb00-4bfe-bd7f-3b3dbdc6992c,1,False
concurrency_n20_20260612_220524_kafka_feed4_rep1,kafka,sb-events-n20-feed4-rep1,1,319,6350108600,9279e24a-1872-4df5-9f01-bb6acffcaaf3,3895107,28,2.333333333333333,2439250844,3895107:9279e24a-1872-4df5-9f01-bb6acffcaaf3,1,False
concurrency_n20_20260612_220524_kafka_feed4_rep1,kafka,sb-events-n20-feed4-rep1,1,320,6355988100,79692146-523d-48d7-bb97-a2bfe9215a4c,3895107,28,2.333333333333333,2439250844,3895107:79692146-523d-48d7-bb97-a2bfe9215a4c,1,False
concurrency_n20_20260612_220524_kafka_feed4_rep1,kafka,sb-events-n20-feed4-rep1,0,311,6368712000,447b0a0c-05be-471b-aaf1-2bc3a39574a6,3895067,29,2.4166666666666665,2439945288,3895067:447b0a0c-05be-471b-aaf1-2bc3a39574a6,1,False
concurrency_n20_20260612_220524_kafka_feed4_rep1,kafka,sb-events-n20-feed4-rep1,0,312,6377370500,5a772691-1265-464f-aabd-c573e8a0ab8c,3895074,29,2.4166666666666665,2439945288,3895074:5a772691-1265-464f-aabd-c573e8a0ab8c,1,False
concurrency_n20_20260612_220524_kafka_feed4_rep1,kafka,sb-events-n20-feed4-rep1,2,276,6385263000,6b3357d7-8b5b-4068-944b-8abb2b0458ff,3895086,29,2.4166666666666665,2439945288,3895086:6b3357d7-8b5b-4068-944b-8abb2b0458ff,1,False
concurrency_n20_20260612_220524_kafka_feed4_rep1,kafka,sb-events-n20-feed4-rep1,0,313,6393670900,263393dd-6b86-4b3d-b4d4-08e19a071251,3895134,29,2.4166666666666665,2439945288,3895134:263393dd-6b86-4b3d-b4d4-08e19a071251,1,False
concurrency_n20_20260612_220524_kafka_feed4_rep1,kafka,sb-events-n20-feed4-rep1,0,314,6398254800,8ecf55aa-b2b4-4325-87ae-b9773d146ca4,3895086,29,2.4166666666666665,2439945288,3895086:8ecf55aa-b2b4-4325-87ae-b9773d146ca4,1,False
concurrency_n20_20260612_220524_kafka_feed4_rep1,kafka,sb-events-n20-feed4-rep1,1,321,6407263000,dcdc9caf-542f-4fed-b166-7702a8293952,3895086,29,2.4166666666666665,2439945288,3895086:dcdc9caf-542f-4fed-b166-7702a8293952,1,False
concurrency_n20_20260612_220524_kafka_feed4_rep1,kafka,sb-events-n20-feed4-rep1,2,277,6413707400,ae5bee75-9e2e-4cae-8851-9bc9f0cc7b5a,3895095,29,2.4166666666666665,2439945288,3895095:ae5bee75-9e2e-4cae-8851-9bc9f0cc7b5a,1,False
concurrency_n20_20260612_220524_kafka_feed4_rep1,kafka,sb-events-n20-feed4-rep1,1,322,6421808100,aa1a96f4-8527-46a3-acd2-83312ccc9a0e,3895095,29,2.4166666666666665,2439945288,3895095:aa1a96f4-8527-46a3-acd2-83312ccc9a0e,1,False
concurrency_n20_20260612_220524_kafka_feed4_rep1,kafka,sb-events-n20-feed4-rep1,2,278,6439048100,ee3252c0-e79b-495e-ae80-583351179971,3895113,29,2.4166666666666665,2439945288,3895113:ee3252c0-e79b-495e-ae80-583351179971,1,False
concurrency_n20_20260612_220524_kafka_feed4_rep1,kafka,sb-events-n20-feed4-rep1,2,279,6448629400,19f46068-5944-4812-bfac-1e1aa46413fb,3895113,29,2.4166666666666665,2439945288,3895113:19f46068-5944-4812-bfac-1e1aa46413fb,1,False
concurrency_n20_20260612_220524_kafka_feed4_rep1,kafka,sb-events-n20-feed4-rep1,1,323,6459019400,914c3940-48b4-4246-bd08-2b34e8349649,3895052,29,2.4166666666666665,2439945288,3895052:914c3940-48b4-4246-bd08-2b34e8349649,1,False
concurrency_n20_20260612_220524_kafka_feed4_rep1,kafka,sb-events-n20-feed4-rep1,0,315,6469309900,45e61b15-c483-49fa-8a40-525424f6f0fd,3895107,29,2.4166666666666665,2439945288,3895107:45e61b15-c483-49fa-8a40-525424f6f0fd,1,False
concurrency_n20_20260612_220524_kafka_feed4_rep1,kafka,sb-events-n20-feed4-rep1,1,324,6482184800,15787cdd-9935-4bff-b68c-760a497af7cc,3895107,29,2.4166666666666665,2439945288,3895107:15787cdd-9935-4bff-b68c-760a497af7cc,1,False
concurrency_n20_20260612_220524_kafka_feed4_rep1,kafka,sb-events-n20-feed4-rep1,1,325,6488267100,71b87a61-6e42-47b4-b6be-ca855a10d871,3895074,30,2.5,2440639733,3895074:71b87a61-6e42-47b4-b6be-ca855a10d871,1,False
concurrency_n20_20260612_220524_kafka_feed4_rep1,kafka,sb-events-n20-feed4-rep1,1,326,6493678600,627a9ff5-4a44-4ca1-a183-ed241303d231,3895074,30,2.5,2440639733,3895074:627a9ff5-4a44-4ca1-a183-ed241303d231,1,False
concurrency_n20_20260612_220524_kafka_feed4_rep1,kafka,sb-events-n20-feed4-rep1,2,280,6502811100,0eb76ef4-ed2e-4a58-b18f-6a3f6722f9e1,3895074,30,2.5,2440639733,3895074:0eb76ef4-ed2e-4a58-b18f-6a3f6722f9e1,1,False
concurrency_n20_20260612_220524_kafka_feed4_rep1,kafka,sb-events-n20-feed4-rep1,0,316,6511500900,9351a75c-1c91-4205-b38c-4875eb4ab288,3895134,30,2.5,2440639733,3895134:9351a75c-1c91-4205-b38c-4875eb4ab288,1,False
concurrency_n20_20260612_220524_kafka_feed4_rep1,kafka,sb-events-n20-feed4-rep1,1,327,6519379000,b1ebe5e7-8980-4421-b068-c1b1a36c650d,3895134,30,2.5,2440639733,3895134:b1ebe5e7-8980-4421-b068-c1b1a36c650d,1,False
concurrency_n20_20260612_220524_kafka_feed4_rep1,kafka,sb-events-n20-feed4-rep1,0,317,6525210900,f1851ae9-876d-42a8-8c1c-9d39b58512ef,3895134,30,2.5,2440639733,3895134:f1851ae9-876d-42a8-8c1c-9d39b58512ef,1,False
concurrency_n20_20260612_220524_kafka_feed4_rep1,kafka,sb-events-n20-feed4-rep1,1,328,6531319400,296e5f1d-e535-4774-b97f-5a38164d4b8f,3895095,30,2.5,2440639733,3895095:296e5f1d-e535-4774-b97f-5a38164d4b8f,1,False
