t_wall,rho,loadavg
1784964528.754272,0.96742,1.35
1784964529.2582395,0.94541,1.35
1784964529.7589862,1.0,1.35
1784964530.2622259,0.99752,1.35
1784964530.7629635,1.0,1.35
1784964531.2632706,1.0,1.35
1784964531.7640486,0.96222,1.35
1784964532.2648249,0.8593,1.35
1784964532.765625,0.86683,1.35
1784964533.266786,0.87406,1.72
1784964533.7674255,0.8392,1.72
1784964534.2683117,0.78358,1.72
1784964534.77233,0.75682,1.72
1784964535.273242,0.75561,1.72
1784964535.7742653,0.75312,1.72
1784964536.2765913,0.75312,1.72
1784964536.777327,0.75,1.72
1784964537.2781565,0.75312,1.72
1784964537.778945,0.75,1.72
1784964538.2793028,0.755,2.14
1784964538.782253,0.75186,2.14
1784964539.2830596,0.75561,2.14
1784964539.7838604,0.74937,2.14
1784964540.284274,0.75062,2.14
1784964540.7850382,0.74937,2.14
1784964541.28828,0.74876,2.14
1784964541.7890592,0.76309,2.14
1784964542.2898796,0.75062,2.14
1784964542.7906795,0.75062,2.14
1784964543.2914379,0.7525,2.37
1784964543.7922575,0.7575,2.37
1784964544.2932718,0.745,2.37
1784964544.794294,0.76119,2.37
1784964545.2972324,0.75062,2.37
1784964545.798065,0.745,2.37
1784964546.298878,0.75622,2.37
1784964546.7992852,0.75689,2.37
1784964547.3001308,0.75062,2.37
1784964547.8032863,0.7606,2.37
1784964548.3040442,0.7575,2.34
1784964548.8062449,0.74564,2.34
1784964549.30702,0.8275,2.34
1784964549.8078492,0.76441,2.34
1784964550.3086884,0.76,2.34
1784964550.8092537,0.74129,2.34
1784964551.3102493,0.75561,2.34
1784964551.8132756,0.75931,2.34
1784964552.3140333,0.7375,2.34
1784964552.8162744,0.75622,2.34
1784964553.3170455,0.7575,2.72
1784964553.817863,0.74876,2.72
1784964554.320288,0.75,2.72
1784964554.8211071,0.7525,2.72
1784964555.3219306,0.75622,2.72
1784964555.82274,0.7475,2.72
1784964556.323544,0.75689,2.72
1784964556.824289,0.7581,2.72
1784964557.3250964,0.74129,2.72
1784964557.8272765,0.75561,2.72
1784964558.328076,0.76942,3.14
1784964558.8289392,0.76,3.14
1784964559.3297668,0.755,3.14
1784964559.832271,0.76309,3.14
1784964560.3330922,0.75062,3.14
1784964560.8338907,0.74564,3.14
1784964561.3342712,0.75312,3.14
1784964561.8372781,0.75871,3.14
1784964562.3380978,0.745,3.14
1784964562.8389058,0.75312,3.14
1784964563.3392763,0.75312,3.45
1784964563.8400815,0.75188,3.45
1784964564.3422797,0.75682,3.45
1784964564.8430915,0.755,3.45
1784964565.3439035,0.7619,3.45
1784964565.8443792,0.745,3.45
1784964566.3451715,0.7581,3.45
1784964566.8459618,0.75312,3.45
1784964567.3482633,0.75373,3.45
1784964567.849055,0.77387,3.45
1784964568.3498485,0.74876,3.73
1784964568.8506384,0.75,3.73
1784964569.3514187,0.7581,3.73
1784964569.8542519,0.79052,3.73
1784964570.3550272,0.785,3.73
1784964570.8558242,0.8005,3.73
1784964571.356261,0.79146,3.73
1784964571.8570194,0.78803,3.73
1784964572.3578162,0.7925,3.73
1784964572.8589787,0.835,3.73
1784964573.3592632,0.7925,4.0
1784964573.8622773,0.77057,4.0
1784964574.3630505,0.7525,4.0
1784964574.8638098,0.76,4.0
1784964575.3662775,0.74442,4.0
1784964575.8671057,0.75879,4.0
1784964576.367876,0.7469,4.0
1784964576.869279,0.75062,4.0
1784964577.3700454,0.77387,4.0
1784964577.8708408,0.7425,4.0
1784964578.3716795,0.7575,4.08
1784964578.8722699,0.75124,4.08
1784964579.3732524,0.75,4.08
1784964579.876341,0.75682,4.08
1784964580.3771331,0.75188,4.08
1784964580.877897,0.755,4.08
1784964581.3782303,0.75062,4.08
1784964581.8789556,0.75,4.08
1784964582.3792217,0.755,4.08
1784964582.8799953,0.75062,4.08
1784964583.3807697,0.7619,4.31
1784964583.8812501,0.755,4.31
1784964584.382254,0.7525,4.31
1784964584.883043,0.74813,4.31
1784964585.3852506,0.75682,4.31
1784964585.8860033,0.75,4.31
1784964586.3882318,0.76,4.31
1784964586.8889995,0.76692,4.31
1784964587.389804,0.75682,4.31
1784964587.8902764,0.75062,4.31
1784964588.3910632,0.7525,4.45
1784964588.8923285,0.75062,4.45
1784964589.3942633,0.75561,4.45
1784964589.8950384,0.755,4.45
1784964590.3959126,0.74687,4.45
1784964590.8972623,0.75622,4.45
1784964591.398081,0.75188,4.45
1784964591.9002535,0.75,4.45
1784964592.4011028,0.7525,4.45
1784964592.9019399,0.74937,4.45
1784964593.4033272,0.75062,4.73
1784964593.9041502,0.75312,4.73
1784964594.4052582,0.75312,4.73
1784964594.9060142,0.745,4.73
1784964595.4072835,0.76309,4.73
1784964595.910264,0.75062,4.73
1784964596.4111404,0.755,4.73
1784964596.913307,0.74752,4.73
1784964597.4141147,0.75439,4.73
1784964597.9149246,0.75312,4.73
1784964598.4152968,0.7619,4.75
1784964598.9160917,0.75373,4.75
1784964599.4169197,0.74314,4.75
1784964599.9183495,0.7606,4.75
1784964600.4192061,0.75062,4.75
1784964600.9202776,0.75,4.75
1784964601.421131,0.7575,4.75
1784964601.9232736,0.75124,4.75
1784964602.4240475,0.7581,4.75
1784964602.924831,0.74,4.75
1784964603.4262676,0.75561,4.85
1784964603.9270139,0.7606,4.85
1784964604.427895,0.7475,4.85
1784964604.931266,0.75931,4.85
1784964605.4320605,0.755,4.85
1784964605.9328473,0.7475,4.85
1784964606.4332514,0.74564,4.85
1784964606.9342635,0.7575,4.85
1784964607.4352787,0.755,4.85
1784964607.9382882,0.74314,4.85
1784964608.441271,0.75,4.87
1784964608.9420354,0.76,4.87
1784964609.444282,0.74314,4.87
1784964609.945152,0.76,4.87
1784964610.4459648,0.75062,4.87
1784964610.9473064,0.75312,4.87
1784964611.449278,0.75124,4.87
1784964611.9500751,0.75,4.87
1784964612.4508765,0.75062,4.87
1784964612.9516492,0.75188,4.87
1784964613.452449,0.75312,4.96
1784964613.9542353,0.75062,4.96
1784964614.4550264,0.7525,4.96
1784964614.9558277,0.75312,4.96
1784964615.4563034,0.7525,4.96
1784964615.957115,0.7575,4.96
1784964616.4579778,0.74813,4.96
1784964616.9602559,0.75561,4.96
1784964617.4611373,0.7475,4.96
1784964617.964312,0.76119,4.96
1784964618.4651377,0.74687,5.2
1784964618.9659376,0.75622,5.2
1784964619.4667604,0.7606,5.2
1784964619.9675467,0.7581,5.2
1784964620.4683154,0.7475,5.2
1784964620.9691887,0.75312,5.2
1784964621.470023,0.74687,5.2
1784964621.972339,0.75373,5.2
1784964622.4732509,0.7575,5.2
1784964622.9741607,0.7475,5.2
1784964623.4750004,0.755,5.35
1784964623.976285,0.75871,5.35
1784964624.4770803,0.74,5.35
1784964624.977954,0.74813,5.35
1784964625.4802887,0.75622,5.35
1784964625.9810562,0.7525,5.35
1784964626.482281,0.75062,5.35
1784964626.9862888,0.75556,5.35
1784964627.487116,0.74937,5.35
1784964627.9902856,0.75871,5.35
1784964628.4910781,0.74813,5.56
1784964628.9930272,0.74813,5.56
1784964629.4946952,0.74813,5.56
1784964629.9971032,0.76119,5.56
1784964630.4992607,0.75312,5.56
1784964631.0000846,0.75,5.56
1784964631.5008748,0.76942,5.56
1784964632.0012634,0.75124,5.56
1784964632.5020404,0.745,5.56
1784964633.00429,0.75434,5.56
1784964633.5050619,0.75188,5.59
1784964634.0058765,0.74627,5.59
1784964634.507286,0.76309,5.59
1784964635.0080993,0.7594,5.59
1784964635.5088744,0.745,5.59
1784964636.0096653,0.7475,5.59
1784964636.510263,0.75871,5.59
1784964637.01101,0.74436,5.59
1784964637.5117893,0.76,5.59
1784964638.0132587,0.75312,5.59
1784964638.5140307,0.75622,5.71
1784964639.0148232,0.7475,5.71
1784964639.51529,0.7525,5.71
1784964640.0160491,0.7575,5.71
1784964640.5182486,0.75124,5.71
1784964641.0198493,0.75561,5.71
1784964641.5205972,0.75,5.71
1784964642.0212862,0.75062,5.71
1784964642.524263,0.75871,5.71
1784964643.0250742,0.745,5.71
1784964643.528261,0.75871,5.81
1784964644.0290356,0.7606,5.81
1784964644.529836,0.75439,5.81
1784964645.0312612,0.75312,5.81
1784964645.532052,0.75188,5.81
1784964646.0328853,0.75373,5.81
1784964646.5332644,0.75561,5.81
1784964647.036243,0.74876,5.81
1784964647.5369964,0.7525,5.81
1784964648.0377998,0.765,5.81
1784964648.5382364,0.75,5.83
1784964649.038996,0.7606,5.83
1784964649.5423107,0.76119,5.83
1784964650.0431268,0.74687,5.83
1784964650.5438812,0.75434,5.83
1784964651.046386,0.75062,5.83
1784964651.55082,0.75434,5.83
1784964652.051312,0.75,5.83
1784964652.5520942,0.7525,5.83
1784964653.0552576,0.75622,5.83
1784964653.5560336,0.7475,5.76
1784964654.056798,0.7525,5.76
1784964654.5602598,0.74938,5.76
1784964655.0610304,0.7575,5.76
1784964655.5616136,0.74813,5.76
1784964656.0622787,0.7475,5.76
1784964656.565245,0.75124,5.76
1784964657.066003,0.7625,5.76
1784964657.5672867,0.74,5.76
1784964658.0691373,0.75312,5.76
1784964658.5699794,0.75871,5.62
1784964659.070267,0.74687,5.62
1784964659.5723433,0.75124,5.62
1784964660.073181,0.75124,5.62
1784964660.5739505,0.75689,5.62
1784964661.0742846,0.74564,5.62
1784964661.57725,0.76427,5.62
1784964662.0781353,0.75312,5.62
1784964662.5789652,0.7425,5.62
1784964663.0812771,0.75373,5.62
1784964663.5821404,0.7475,5.73
1784964664.0829327,0.755,5.73
1784964664.5863118,0.74938,5.73
1784964665.0871944,0.75312,5.73
1784964665.5883005,0.75,5.73
1784964666.090311,0.75312,5.73
1784964666.5911684,0.745,5.73
1784964667.0920174,0.755,5.73
1784964667.5928588,0.7625,5.73
1784964668.0936449,0.7425,5.73
1784964668.5962627,0.75743,5.59
1784964669.0970283,0.82161,5.59
1784964669.5978947,0.75561,5.59
1784964670.0982742,0.77307,5.59
1784964670.5990791,0.7625,5.59
1784964671.0998826,0.75561,5.59
1784964671.6006875,0.74314,5.59
1784964672.1012924,0.7525,5.59
1784964672.6042755,0.75622,5.59
1784964673.1050484,0.75,5.59
1784964673.6058283,0.775,5.62
1784964674.1072643,0.75,5.62
1784964674.608043,0.74687,5.62
1784964675.108843,0.74813,5.62
1784964675.6092708,0.75312,5.62
1784964676.1102803,0.7575,5.62
1784964676.6110764,0.755,5.62
1784964677.1123044,0.74065,5.62
1784964677.6152792,0.75871,5.62
1784964678.1160233,0.76309,5.62
1784964678.6167724,0.8225,5.57
1784964679.1173437,0.80549,5.57
1784964679.6182497,0.74813,5.57
1784964680.1193604,0.74937,5.57
1784964680.6202629,0.75622,5.57
1784964681.1213937,0.7475,5.57
1784964681.6243403,0.75062,5.57
1784964682.1251855,0.7575,5.57
1784964682.6260557,0.7594,5.57
1784964683.1283293,0.75186,5.57
1784964683.62923,0.75871,5.53
1784964684.1301312,0.74813,5.53
1784964684.6332698,0.7469,5.53
1784964685.1340852,0.7594,5.53
1784964685.6372678,0.74627,5.53
1784964686.1392686,0.75373,5.53
1784964686.6400788,0.7575,5.53
1784964687.1412811,0.74564,5.53
1784964687.6421041,0.75439,5.53
1784964688.1432676,0.75312,5.53
1784964688.6440651,0.755,5.48
1784964689.146272,0.75373,5.48
1784964689.6470814,0.75439,5.48
1784964690.147866,0.74813,5.48
1784964690.650259,0.75373,5.48
1784964691.1510406,0.7475,5.48
1784964691.6542525,0.75931,5.48
1784964692.1550999,0.74937,5.48
1784964692.6559331,0.74813,5.48
1784964693.1572514,0.7675,5.48
1784964693.6580017,0.7594,5.53
1784964694.1588066,0.74876,5.53
1784964694.6593397,0.76,5.53
1784964695.160175,0.75062,5.53
1784964695.6610456,0.74937,5.53
1784964696.1618454,0.74876,5.53
1784964696.6652553,0.75186,5.53
1784964697.1661017,0.75126,5.53
1784964697.6669378,0.76808,5.53
1784964698.1677122,0.74314,5.53
1784964698.6712644,0.74938,5.32
1784964699.1720507,0.75062,5.32
1784964699.6728883,0.7575,5.32
1784964700.1742625,0.74876,5.32
1784964700.6750093,0.75312,5.32
1784964701.1758041,0.7575,5.32
1784964701.6765678,0.745,5.32
1784964702.1792538,0.75561,5.32
1784964702.680001,0.74813,5.32
1784964703.1808016,0.74813,5.32
1784964703.6815875,0.76692,5.38
1784964704.1822972,0.74564,5.38
1784964704.68524,0.7581,5.38
1784964705.1860263,0.76,5.38
1784964705.6868143,0.75434,5.38
1784964706.1873345,0.73618,5.38
1784964706.6881552,0.76559,5.38
1784964707.191249,0.7606,5.38
1784964707.691999,0.75,5.38
1784964708.192804,0.75062,5.38
1784964708.6932726,0.75561,5.43
1784964709.1953375,0.74813,5.43
1784964709.6982343,0.85608,5.43
1784964710.199026,0.75689,5.43
1784964710.6998005,0.8325,5.43
1784964711.2003498,0.7606,5.43
1784964711.7011518,0.74813,5.43
1784964712.2032807,0.75373,5.43
1784964712.7040794,0.7594,5.43
1784964713.204871,0.74813,5.43
1784964713.7052298,0.745,5.47
1784964714.2060804,0.7619,5.47
1784964714.7069175,0.74876,5.47
1784964715.209876,0.75124,5.47
1784964715.711242,0.75062,5.47
1784964716.2120197,0.7475,5.47
1784964716.712831,0.75312,5.47
1784964717.215265,0.75561,5.47
1784964717.7160501,0.74813,5.47
1784964718.2168705,0.7475,5.47
1784964718.7202823,0.75434,5.68
1784964719.221093,0.75439,5.68
1784964719.721879,0.7475,5.68
1784964720.2226734,0.74564,5.68
1784964720.7233162,0.75439,5.68
1784964721.2241452,0.755,5.68
1784964721.7252855,0.74938,5.68
1784964722.2261057,0.7475,5.68
1784964722.726919,0.75561,5.68
1784964723.2292752,0.80846,5.68
1784964723.730101,0.8275,5.78
1784964724.230876,0.75312,5.78
1784964724.7312577,0.73434,5.78
1784964725.2320397,0.7606,5.78
1784964725.7328131,0.7581,5.78
1784964726.2332573,0.74065,5.78
1784964726.7352748,0.75062,5.78
1784964727.236076,0.75689,5.78
1784964727.7369332,0.74627,5.78
1784964728.2372508,0.7525,5.78
1784964728.738029,0.75,5.88
1784964729.2392578,0.75373,5.88
1784964729.74003,0.74937,5.88
1784964730.2408404,0.74564,5.88
1784964730.7412767,0.76692,5.88
1784964731.2420888,0.74314,5.88
1784964731.7428546,0.7575,5.88
1784964732.2452722,0.74813,5.88
1784964732.746078,0.75312,5.88
1784964733.2468684,0.75,5.88
1784964733.747253,0.74813,5.89
1784964734.2492712,0.75186,5.89
1784964734.7501297,0.75689,5.89
1784964735.2509527,0.74314,5.89
1784964735.753319,0.75871,5.89
1784964736.2541633,0.75,5.89
1784964736.7572618,0.75373,5.89
1784964737.2581184,0.75439,5.89
1784964737.7589507,0.75312,5.89
1784964738.260261,0.74314,5.89
1784964738.761049,0.75062,6.06
1784964739.2618518,0.7475,6.06
1784964739.7632687,0.81343,6.06
1784964740.2640626,0.83459,6.06
1784964740.7692177,0.84938,6.06
1784964741.269972,0.97236,6.06
1784964741.770305,0.9275,6.06
1784964742.2710814,0.99749,6.06
1784964742.7718213,1.0,6.06
1784964743.2751367,0.99752,6.06
1784964743.778265,1.0,7.98
1784964744.2790759,0.98496,7.98
1784964744.7799125,0.92,7.98
1784964745.282023,0.88693,7.98
1784964745.783273,0.86869,7.98
1784964746.286991,0.82294,7.98
1784964746.7892754,0.7675,7.98
1784964747.2900796,0.75188,7.98
1784964747.7908776,0.77861,7.98
1784964748.2912464,0.75,7.74
1784964748.7920291,0.755,7.74
1784964749.2928505,0.7475,7.74
1784964749.793301,0.7525,7.74
1784964750.294119,0.74937,7.74
1784964750.7972844,0.77228,7.74
1784964751.2981076,0.7525,7.74
1784964751.7989326,0.75,7.74
1784964752.302272,0.75373,7.74
1784964752.8030899,0.74813,7.74
1784964753.3038883,0.7625,7.6
1784964753.804683,0.75062,7.6
1784964754.305473,0.75561,7.6
1784964754.8072681,0.75561,7.6
1784964755.3080442,0.75188,7.6
1784964755.8088262,0.75561,7.6
1784964756.3092873,0.75871,7.6
1784964756.8112695,0.73815,7.6
1784964757.3120892,0.7575,7.6
1784964757.812878,0.76,7.6
1784964758.313653,0.74065,7.47
1784964758.8142874,0.7575,7.47
1784964759.3153658,0.75622,7.47
1784964759.816219,0.7425,7.47
1784964760.317955,0.75312,7.47
1784964760.8192906,0.75312,7.47
1784964761.320128,0.75689,7.47
1784964761.8210142,0.75124,7.47
1784964762.321846,0.745,7.47
1784964762.8232782,0.76368,7.47
1784964763.3252552,0.75062,7.35
1784964763.8260086,0.75,7.35
1784964764.3268042,0.75682,7.35
1784964764.8276014,0.745,7.35
1784964765.328274,0.74937,7.35
1784964765.8302739,0.76866,7.35
1784964766.3310518,0.7475,7.35
1784964766.8342142,0.74194,7.35
1784964767.334985,0.7675,7.35
1784964767.8357916,0.745,7.35
1784964768.3365703,0.75,7.16
1784964768.8383472,0.7599,7.16
1784964769.339257,0.75188,7.16
1784964769.842349,0.74442,7.16
1784964770.343208,0.7625,7.16
1784964770.8440034,0.74,7.16
1784964771.345277,0.75312,7.16
1784964771.8460956,0.755,7.16
1784964772.3469179,0.7525,7.16
1784964772.8477166,0.75373,7.16
1784964773.3502734,0.75124,7.23
1784964773.8510756,0.75,7.23
1784964774.351851,0.755,7.23
1784964774.8552809,0.75622,7.23
1784964775.3560848,0.75561,7.23
1784964775.8568785,0.74813,7.23
1784964776.3573287,0.755,7.23
1784964776.8582199,0.75062,7.23
1784964777.3602753,0.7525,7.23
1784964777.8610578,0.75,7.23
1784964778.3623075,0.75312,7.13
1784964778.863093,0.75373,7.13
1784964779.3639784,0.75188,7.13
1784964779.8672926,0.75434,7.13
1784964780.3681252,0.75,7.13
1784964780.8689764,0.75561,7.13
1784964781.369805,0.7575,7.13
1784964781.8706217,0.7525,7.13
1784964782.3723435,0.75186,7.13
1784964782.8731577,0.755,7.13
1784964783.373894,0.75,6.96
1784964783.8752766,0.75373,6.96
1784964784.3772998,0.75,6.96
1784964784.8781238,0.755,6.96
1784964785.3792777,0.75373,6.96
1784964785.880099,0.7475,6.96
1784964786.3809772,0.75312,6.96
1784964786.882272,0.75561,6.96
1784964787.3852766,0.75373,6.96
1784964787.8860517,0.75377,6.96
1784964788.38691,0.74627,6.88
1784964788.88728,0.75561,6.88
1784964789.388046,0.75439,6.88
1784964789.8889122,0.75062,6.88
1784964790.3897533,0.75561,6.88
1784964790.8909225,0.755,6.88
1784964791.3922799,0.75062,6.88
1784964791.8931003,0.75439,6.88
1784964792.3938823,0.74813,6.88
1784964792.8942618,0.7575,6.88
1784964793.3950799,0.7594,6.81
1784964793.8982456,0.7469,6.81
1784964794.3991327,0.75,6.81
1784964794.9012747,0.75622,6.81
1784964795.404336,0.75124,6.81
1784964795.905149,0.7575,6.81
1784964796.4059052,0.7581,6.81
1784964796.9062343,0.745,6.81
1784964797.4070234,0.7606,6.81
1784964797.9078104,0.7475,6.81
1784964798.4082873,0.75312,6.67
1784964798.909335,0.765,6.67
1784964799.4102051,0.76,6.67
1784964799.9112751,0.745,6.67
1784964800.4142866,0.76309,6.67
1784964800.915102,0.74378,6.67
1784964801.415893,0.76,6.67
1784964801.9182367,0.75312,6.67
1784964802.4190052,0.75,6.67
1784964802.9197986,0.755,6.67
1784964803.4202826,0.75062,6.77
1784964803.923255,0.75622,6.77
1784964804.424043,0.74687,6.77
1784964804.924829,0.76179,6.77
1784964805.4262812,0.7525,6.77
1784964805.9270768,0.755,6.77
1784964806.4302628,0.75,6.77
1784964806.9311182,0.74937,6.77
1784964807.4319272,0.7581,6.77
1784964807.932724,0.7525,6.77
1784964808.435265,0.74627,6.71
1784964808.9360461,0.75561,6.71
1784964809.4368682,0.75,6.71
1784964809.9383166,0.75312,6.71
1784964810.4391398,0.7525,6.71
1784964810.939907,0.75062,6.71
1784964811.441314,0.75312,6.71
1784964811.9420974,0.75373,6.71
1784964812.4428775,0.7525,6.71
1784964812.9452915,0.74813,6.71
1784964813.4460533,0.755,6.65
1784964813.9468024,0.765,6.65
1784964814.4493015,0.74505,6.65
1784964814.9508038,0.74813,6.65
1784964815.451241,0.75439,6.65
1784964815.952003,0.7581,6.65
1784964816.4527898,0.75062,6.65
1784964816.9535356,0.75561,6.65
1784964817.4543045,0.7525,6.65
1784964817.9562438,0.75312,6.65
1784964818.4570112,0.75373,6.44
1784964818.9578078,0.75,6.44
1784964819.4586465,0.7525,6.44
1784964819.9592402,0.75062,6.44
1784964820.4612424,0.75871,6.44
1784964820.9620323,0.75,6.44
1784964821.4627984,0.7575,6.44
1784964821.963265,0.75,6.44
1784964822.464088,0.755,6.44
1784964822.9648745,0.7525,6.44
1784964823.466244,0.75312,6.33
1784964823.966999,0.7525,6.33
1784964824.4692407,0.75186,6.33
1784964824.970003,0.7475,6.33
1784964825.4708009,0.75124,6.33
1784964825.9722722,0.7581,6.33
1784964826.4732792,0.755,6.33
1784964826.9740827,0.74564,6.33
1784964827.4752827,0.75312,6.33
1784964827.9760797,0.76,6.33
1784964828.4783144,0.74314,6.22
1784964828.9791405,0.7581,6.22
1784964829.4799306,0.7525,6.22
1784964829.9832504,0.75434,6.22
1784964830.4840355,0.7475,6.22
1784964830.986291,0.74564,6.22
1784964831.4870932,0.76309,6.22
1784964831.9879107,0.775,6.22
1784964832.4882658,0.7425,6.22
1784964832.989036,0.75312,6.22
1784964833.4912643,0.75622,6.12
1784964833.9921043,0.75439,6.12
1784964834.4929178,0.74378,6.12
1784964834.9935684,0.7575,6.12
1784964835.495271,0.7581,6.12
1784964835.9972878,0.745,6.12
1784964836.50024,0.7469,6.12
1784964837.0010033,0.76559,6.12
1784964837.5017545,0.75188,6.12
1784964838.0033114,0.74627,6.12
1784964838.5041022,0.75,6.11
1784964839.005257,0.75622,6.11
1784964839.5061238,0.75689,6.11
1784964840.0072443,0.74378,6.11
1784964840.508008,0.75312,6.11
1784964841.0088568,0.75561,6.11
1784964841.5113034,0.75124,6.11
1784964842.012113,0.755,6.11
1784964842.5129077,0.7575,6.11
1784964843.013676,0.75439,6.11
1784964843.5142791,0.75062,6.18
1784964844.0150514,0.7575,6.18
1784964844.5158262,0.75561,6.18
1784964845.018303,0.75373,6.18
1784964845.5190785,0.75062,6.18
1784964846.0202556,0.75,6.18
1784964846.521021,0.7525,6.18
1784964847.0218058,0.7575,6.18
1784964847.5223303,0.74813,6.18
1784964848.0252337,0.75373,6.18
1784964848.5259776,0.75,6.17
1784964849.0265675,0.74937,6.17
1784964849.5274324,0.75561,6.17
1784964850.0304053,0.74876,6.17
1784964850.5311568,0.7606,6.17
1784964851.0319126,0.74627,6.17
1784964851.5352428,0.75186,6.17
1784964852.0359848,0.7594,6.17
1784964852.5362532,0.74813,6.17
1784964853.0370445,0.755,6.17
1784964853.5402603,0.75682,6.23
1784964854.0410316,0.75439,6.23
1784964854.5418005,0.74065,6.23
1784964855.0422888,0.7581,6.23
1784964855.5430796,0.74687,6.23
1784964856.0439165,0.75312,6.23
1784964856.5452647,0.7575,6.23
1784964857.0460384,0.7525,6.23
1784964857.5472505,0.7581,6.23
1784964858.0480053,0.74065,6.23
1784964858.550245,0.75682,6.22
1784964859.0510354,0.75628,6.22
1784964859.5518239,0.74813,6.22
1784964860.0522587,0.7625,6.22
1784964860.5530338,0.7581,6.22
1784964861.053779,0.7575,6.22
1784964861.5552597,0.75124,6.22
1784964862.057221,0.75312,6.22
1784964862.5579767,0.7525,6.22
1784964863.0587296,0.75561,6.22
1784964863.5594938,0.74185,6.04
1784964864.0602765,0.7581,6.04
1784964864.56127,0.75373,6.04
1784964865.0623221,0.7525,6.04
1784964865.5643008,0.7581,6.04
1784964866.0650623,0.7475,6.04
1784964866.5658188,0.74314,6.04
1784964867.0682647,0.76119,6.04
1784964867.5690484,0.755,6.04
1784964868.069848,0.75062,6.04
1784964868.5703244,0.755,5.95
1784964869.0711455,0.75312,5.95
1784964869.5722792,0.74564,5.95
1784964870.07308,0.7525,5.95
1784964870.5738373,0.75622,5.95
1784964871.0743232,0.7525,5.95
1784964871.575165,0.7525,5.95
1784964872.0759382,0.74564,5.95
1784964872.576276,0.75312,5.95
1784964873.0772285,0.75312,5.95
1784964873.5802689,0.75124,5.88
1784964874.083271,0.75124,5.88
1784964874.5840816,0.75,5.88
1784964875.085234,0.76559,5.88
1784964875.5859902,0.82206,5.88
1784964876.0873184,0.74813,5.88
1784964876.5881293,0.7525,5.88
1784964877.0889125,0.74876,5.88
1784964877.589351,0.7475,5.88
1784964878.0901465,0.7606,5.88
1784964878.5909996,0.7525,6.05
1784964879.0932622,0.7469,6.05
1784964879.5941467,0.75,6.05
1784964880.094943,0.76559,6.05
1784964880.5952625,0.74314,6.05
1784964881.0960245,0.755,6.05
1784964881.5992484,0.7599,6.05
1784964882.1000514,0.74185,6.05
1784964882.6022353,0.75871,6.05
1784964883.102982,0.7575,6.05
1784964883.6033006,0.75312,6.04
1784964884.1040912,0.7525,6.04
1784964884.6052656,0.74627,6.04
1784964885.1072621,0.7581,6.04
1784964885.608051,0.755,6.04
1784964886.1102583,0.75312,6.04
1784964886.6110005,0.75561,6.04
1784964887.111784,0.74687,6.04
1784964887.612267,0.75312,6.04
1784964888.1130452,0.755,6.04
1784964888.6139,0.745,6.12
1784964889.1172616,0.76675,6.12
1784964889.6180549,0.75,6.12
1784964890.1188638,0.75062,6.12
1784964890.61928,0.8175,6.12
1784964891.1206553,0.8125,6.12
1784964891.6214352,0.76,6.12
1784964892.1222484,0.74937,6.12
1784964892.623334,0.75434,6.12
1784964893.1241548,0.7525,6.12
1784964893.6262658,0.74813,5.95
1784964894.1270406,0.75312,5.95
1784964894.6278124,0.75439,5.95
1784964895.1292725,0.74378,5.95
1784964895.6308498,0.7606,5.95
1784964896.1312625,0.7475,5.95
1784964896.6322613,0.74564,5.95
1784964897.1342998,0.7581,5.95
1784964897.6351159,0.75062,5.95
1784964898.137312,0.75373,5.95
1784964898.6381476,0.7581,6.04
1784964899.1412492,0.75124,6.04
1784964899.6442773,0.74442,6.04
1784964900.1450493,0.76,6.04
1784964900.645968,0.7425,6.04
1784964901.1473336,0.7581,6.04
1784964901.6481535,0.74436,6.04
1784964902.1502726,0.75373,6.04
1784964902.6510885,0.75,6.04
1784964903.1518753,0.75124,6.04
1784964903.654266,0.76119,6.11
1784964904.155041,0.7425,6.11
1784964904.6558409,0.7525,6.11
1784964905.1563392,0.76808,6.11
1784964905.6572323,0.74314,6.11
1784964906.1581604,0.77193,6.11
1784964906.6589618,0.755,6.11
1784964907.1592839,0.745,6.11
1784964907.6603367,0.7525,6.11
1784964908.1613023,0.7575,6.11
1784964908.6621003,0.7475,6.02
1784964909.1629589,0.75312,6.02
1784964909.6652596,0.75682,6.02
1784964910.1660452,0.74937,6.02
1784964910.666827,0.7581,6.02
1784964911.1692758,0.74314,6.02
1784964911.6700468,0.75561,6.02
1784964912.1708345,0.75312,6.02
1784964912.672268,0.74129,6.02
1784964913.1730616,0.76441,6.02
1784964913.6738718,0.74813,6.18
1784964914.174297,0.7475,6.18
1784964914.675114,0.7575,6.18
1784964915.175899,0.75,6.18
1784964915.6766768,0.75124,6.18
1784964916.1782923,0.75312,6.18
1784964916.6790774,0.7581,6.18
1784964917.1798723,0.73935,6.18
1784964917.6822698,0.75682,6.18
1784964918.1830394,0.75439,6.18
1784964918.683886,0.74564,6.33
1784964919.1843324,0.76,6.33
1784964919.685175,0.7475,6.33
1784964920.1872385,0.74813,6.33
1784964920.6880407,0.76,6.33
1784964921.1887903,0.74876,6.33
1784964921.6892426,0.74687,6.33
1784964922.1899922,0.84289,6.33
1784964922.6907933,0.7619,6.33
1784964923.1932926,0.83375,6.33
1784964923.6960502,0.7625,6.38
1784964924.19684,0.7525,6.38
1784964924.697273,0.75622,6.38
1784964925.198036,0.75439,6.38
1784964925.699273,0.74378,6.38
1784964926.2000887,0.75,6.38
1784964926.7012582,0.7606,6.38
1784964927.2042859,0.74442,6.38
1784964927.7062795,0.74627,6.38
1784964928.2071202,0.76,6.38
1784964928.707943,0.74436,6.43
1784964929.2092545,0.74564,6.43
1784964929.7100449,0.7575,6.43
1784964930.2108047,0.74876,6.43
1784964930.7112737,0.75689,6.43
1784964931.2132542,0.74813,6.43
1784964931.714026,0.75062,6.43
1784964932.2147768,0.75312,6.43
1784964932.7152534,0.75124,6.43
1784964933.2159956,0.74687,6.43
1784964933.7182722,0.75682,6.48
1784964934.2191167,0.75,6.48
1784964934.7199373,0.75,6.48
1784964935.2202282,0.75689,6.48
1784964935.7210188,0.82,6.48
1784964936.2222428,0.81546,6.48
1784964936.7230167,0.75373,6.48
1784964937.2238147,0.74687,6.48
1784964937.724297,0.75124,6.48
1784964938.225105,0.74937,6.48
1784964938.725917,0.75561,6.6
1784964939.2266877,0.74937,6.6
1784964939.7272563,0.75312,6.6
1784964940.22827,0.75312,6.6
1784964940.7290852,0.75,6.6
1784964941.2322595,0.74752,6.6
1784964941.7330334,0.75628,6.6
1784964942.2338858,0.74876,6.6
1784964942.7342823,0.75312,6.6
1784964943.2350533,0.75,6.6
1784964943.738281,0.75373,6.47
1784964944.239096,0.75,6.47
1784964944.739908,0.7525,6.47
1784964945.2402909,0.7475,6.47
1784964945.7422516,0.75373,6.47
1784964946.2430046,0.7525,6.47
1784964946.7438023,0.75561,6.47
1784964947.2442784,0.75,6.47
1784964947.7451682,0.745,6.47
1784964948.2459915,0.76309,6.47
1784964948.746807,0.745,6.43
1784964949.2472777,0.75312,6.43
1784964949.7481518,0.75,6.43
1784964950.2489667,0.7525,6.43
1784964950.7492793,0.74813,6.43
1784964951.251271,0.75062,6.43
1784964951.752081,0.75439,6.43
1784964952.2528753,0.75124,6.43
1784964952.7582254,0.84864,6.43
1784964953.2589772,0.875,6.43
1784964953.7592196,0.98,7.12
1784964954.2599788,0.91162,7.12
1784964954.760443,0.99749,7.12
1784964955.2612107,1.0,7.12
1784964955.761958,1.0,7.12
1784964956.262272,0.99751,7.12
1784964956.7630572,0.98747,7.12
1784964957.2652192,0.87719,7.12
1784964957.766005,0.86294,7.12
1784964958.2685843,0.86935,7.12
1784964958.7693527,0.83375,7.03
1784964959.2701364,0.80051,7.03
1784964959.7732782,0.75931,7.03
1784964960.2741017,0.75439,7.03
1784964960.775289,0.75622,7.03
1784964961.2760816,0.7575,7.03
1784964961.7769487,0.7425,7.03
1784964962.2803357,0.74938,7.03
1784964962.781177,0.76,7.03
1784964963.282024,0.76309,7.03
1784964963.7829206,0.75,6.95
1784964964.2832832,0.76,6.95
1784964964.784096,0.74937,6.95
1784964965.2848601,0.75062,6.95
1784964965.7853324,0.75561,6.95
1784964966.2882614,0.75312,6.95
1784964966.7890577,0.74813,6.95
1784964967.289859,0.7581,6.95
1784964967.7902896,0.74378,6.95
1784964968.29108,0.7581,6.95
1784964968.791886,0.75188,6.87
1784964969.293279,0.75062,6.87
1784964969.794062,0.7594,6.87
1784964970.294869,0.7581,6.87
1784964970.7982767,0.74876,6.87
1784964971.2990963,0.74687,6.87
1784964971.8003087,0.75871,6.87
1784964972.3011377,0.74938,6.87
1784964972.8042877,0.76179,6.87
1784964973.3051863,0.74623,6.87
1784964973.809326,0.75309,6.96
1784964974.310156,0.75871,6.96
1784964974.8110225,0.74436,6.96
1784964975.3132591,0.76119,6.96
1784964975.8140285,0.7425,6.96
1784964976.314826,0.7525,6.96
1784964976.81529,0.76,6.96
1784964977.3160994,0.74314,6.96
1784964977.8172767,0.7606,6.96
1784964978.3180797,0.75188,6.96
1784964978.8192546,0.75312,6.72
1784964979.3222787,0.75124,6.72
1784964979.8230832,0.74937,6.72
1784964980.3238592,0.75062,6.72
1784964980.8262873,0.7599,6.72
1784964981.3271794,0.75377,6.72
1784964981.830333,0.75682,6.72
1784964982.3311725,0.7475,6.72
1784964982.8319497,0.7525,6.72
1784964983.3352857,0.75186,6.75
1784964983.836116,0.75312,6.75
1784964984.3369184,0.75689,6.75
1784964984.8376749,0.75,6.75
1784964985.3413343,0.7469,6.75
1784964985.842165,0.755,6.75
1784964986.3429427,0.7525,6.75
1784964986.8452747,0.75495,6.75
1784964987.3460944,0.74874,6.75
1784964987.8493376,0.75682,6.75
1784964988.3502433,0.75312,6.77
1784964988.8510613,0.74687,6.77
1784964989.3519766,0.75312,6.77
1784964989.8527787,0.75622,6.77
1784964990.3542697,0.75439,6.77
1784964990.8550353,0.7525,6.77
1784964991.3558364,0.7475,6.77
1784964991.8562894,0.75,6.77
1784964992.358367,0.75561,6.77
1784964992.8602653,0.74813,6.77
1784964993.3610911,0.7525,6.79
1784964993.8622804,0.75622,6.79
1784964994.3643408,0.75312,6.79
1784964994.8652234,0.75312,6.79
1784964995.3660579,0.74564,6.79
1784964995.868257,0.7606,6.79
1784964996.3690789,0.7525,6.79
1784964996.8698652,0.74314,6.79
1784964997.3722785,0.7606,6.79
1784964997.8730822,0.755,6.79
1784964998.3752809,0.7469,6.72
1784964998.876031,0.75188,6.72
1784964999.376826,0.76309,6.72
1784964999.877631,0.7575,6.72
1784965000.3782992,0.75,6.72
1784965000.8791559,0.75,6.72
1784965001.381286,0.75682,6.72
1784965001.8820894,0.755,6.72
1784965002.3828976,0.75561,6.72
1784965002.8832648,0.7525,6.72
1784965003.3841503,0.74564,6.75
1784965003.8852553,0.75434,6.75
1784965004.3860416,0.7575,6.75
1784965004.886844,0.74937,6.75
1784965005.389275,0.7581,6.75
1784965005.8900862,0.76119,6.75
1784965006.3909023,0.73815,6.75
1784965006.8932824,0.76119,6.75
1784965007.3941085,0.75,6.75
1784965007.8962703,0.75124,6.75
1784965008.397053,0.765,6.77
1784965008.90028,0.75682,6.77
1784965009.4010887,0.75126,6.77
1784965009.9018793,0.75373,6.77
1784965010.402662,0.74436,6.77
1784965010.9032896,0.75561,6.77
1784965011.40417,0.76692,6.77
1784965011.9052804,0.7525,6.77
1784965012.40727,0.75373,6.77
1784965012.9080977,0.74937,6.77
1784965013.408919,0.74564,6.87
1784965013.9122698,0.76119,6.87
1784965014.4130526,0.755,6.87
1784965014.913832,0.745,6.87
1784965015.4152844,0.76119,6.87
1784965015.9160872,0.7525,6.87
1784965016.4169059,0.74937,6.87
1784965016.9202783,0.75,6.87
1784965017.421103,0.7606,6.87
1784965017.9218862,0.75,6.87
1784965018.4222658,0.74185,6.64
1784965018.9230487,0.7625,6.64
1784965019.423873,0.74065,6.64
1784965019.9262793,0.76179,6.64
1784965020.427031,0.74937,6.64
1784965020.9292662,0.75434,6.64
1784965021.4300494,0.755,6.64
1784965021.93086,0.7475,6.64
1784965022.431294,0.75561,6.64
1784965022.9320788,0.74937,6.64
1784965023.4342775,0.76368,6.67
1784965023.9350815,0.74564,6.67
1784965024.435866,0.74564,6.67
1784965024.9362907,0.75439,6.67
1784965025.4371023,0.7581,6.67
1784965025.9392698,0.74378,6.67
1784965026.4400637,0.7594,6.67
1784965026.9409335,0.7581,6.67
1784965027.441285,0.75312,6.67
1784965027.9432578,0.74065,6.67
1784965028.4440558,0.75312,6.53
1784965028.9448762,0.7625,6.53
1784965029.4458926,0.74627,6.53
1784965029.946251,0.75,6.53
1784965030.4470582,0.76309,6.53
1784965030.94829,0.75373,6.53
1784965031.4491699,0.745,6.53
1784965031.951312,0.75871,6.53
1784965032.4521666,0.75622,6.53
1784965032.952984,0.74937,6.53
1784965033.4538102,0.74813,6.49
1784965033.9542825,0.75062,6.49
1784965034.4562998,0.7625,6.49
1784965034.9572997,0.74314,6.49
1784965035.4581232,0.76,6.49
1784965035.9592793,0.755,6.49
1784965036.460279,0.75312,6.49
1784965036.9642825,0.75434,6.49
1784965037.4650984,0.74436,6.49
1784965037.965887,0.75312,6.49
1784965038.467278,0.75561,6.37
1784965038.9680977,0.7575,6.37
1784965039.4689057,0.74813,6.37
1784965039.9692745,0.7525,6.37
1784965040.4712677,0.75373,6.37
1784965040.9720378,0.75188,6.37
1784965041.4727616,0.7475,6.37
1784965041.9753203,0.76,6.37
1784965042.476148,0.74813,6.37
1784965042.9772909,0.75312,6.37
1784965043.4802747,0.75373,6.34
1784965043.9810824,0.755,6.34
1784965044.4833322,0.75186,6.34
1784965044.984172,0.7581,6.34
1784965045.485057,0.75561,6.34
1784965045.9883444,0.75434,6.34
1784965046.489206,0.75,6.34
1784965046.9903312,0.74627,6.34
1784965047.492187,0.765,6.34
1784965047.9929924,0.7425,6.34
1784965048.495259,0.75622,6.47
1784965048.9960563,0.7475,6.47
1784965049.497222,0.74813,6.47
1784965049.9979765,0.7625,6.47
1784965050.4982462,0.75373,6.47
1784965051.0002487,0.755,6.47
1784965051.5010145,0.7606,6.47
1784965052.0017796,0.74,6.47
1784965052.5042982,0.75186,6.47
1784965053.0051079,0.75689,6.47
1784965053.5058925,0.7575,6.27
1784965054.0062659,0.745,6.27
1784965054.5070388,0.7575,6.27
1784965055.0078385,0.7606,6.27
1784965055.5085957,0.73815,6.27
1784965056.0122445,0.76427,6.27
1784965056.5130837,0.76,6.27
1784965057.0150006,0.74876,6.27
1784965057.5157707,0.7525,6.27
1784965058.016268,0.75312,6.27
1784965058.5183089,0.75062,6.25
1784965059.0191195,0.7525,6.25
1784965059.5199783,0.7581,6.25
1784965060.0212674,0.75561,6.25
1784965060.5221357,0.7525,6.25
1784965061.0229392,0.74065,6.25
1784965061.5262566,0.76427,6.25
1784965062.0270538,0.755,6.25
1784965062.5278397,0.74,6.25
1784965063.0282824,0.7606,6.25
1784965063.5290926,0.75,6.23
1784965064.0312676,0.75373,6.23
1784965064.5332243,0.74876,6.23
1784965065.0352745,0.7581,6.23
1784965065.5360477,0.75188,6.23
1784965066.0368426,0.75062,6.23
1784965066.5372615,0.75373,6.23
1784965067.0380116,0.75188,6.23
1784965067.5387678,0.74813,6.23
1784965068.03954,0.75561,6.23
1784965068.54026,0.745,6.29
1784965069.0422535,0.75373,6.29
1784965069.543027,0.755,6.29
1784965070.0438485,0.75312,6.29
1784965070.5462725,0.74564,6.29
1784965071.047258,0.765,6.29
1784965071.5502496,0.74876,6.29
1784965072.0511081,0.745,6.29
1784965072.5532875,0.76119,6.29
1784965073.0542426,0.76866,6.29
1784965073.5550103,0.74937,6.35
1784965074.0563009,0.75373,6.35
1784965074.5592976,0.7625,6.35
1784965075.060124,0.7375,6.35
1784965075.5612862,0.75434,6.35
1784965076.0621026,0.75439,6.35
1784965076.5632422,0.7469,6.35
1784965077.0640085,0.755,6.35
1784965077.5656247,0.7575,6.35
1784965078.0664697,0.74813,6.35
1784965078.5672626,0.7575,6.48
1784965079.0692196,0.75373,6.48
1784965079.56996,0.7475,6.48
1784965080.070287,0.75373,6.48
1784965080.5708039,0.7619,6.48
1784965081.071246,0.74564,6.48
1784965081.5722713,0.75062,6.48
1784965082.0732656,0.7575,6.48
1784965082.5740197,0.74687,6.48
1784965083.0772405,0.75434,6.48
1784965083.5779853,0.75439,6.28
1784965084.078728,0.75124,6.28
1784965084.581246,0.75373,6.28
1784965085.0820096,0.755,6.28
1784965085.5827718,0.74314,6.28
1784965086.0852444,0.7581,6.28
1784965086.5860126,0.7575,6.28
1784965087.086768,0.7375,6.28
1784965087.5875108,0.7581,6.28
1784965088.0902455,0.75434,6.28
1784965088.591028,0.74185,6.18
1784965089.093296,0.75871,6.18
1784965089.5940826,0.7606,6.18
1784965090.0948417,0.7475,6.18
1784965090.5963209,0.75561,6.18
1784965091.0992405,0.75682,6.18
1784965091.6012456,0.74065,6.18
1784965092.102064,0.76441,6.18
1784965092.6028728,0.75188,6.18
1784965093.1043046,0.755,6.18
1784965093.6051073,0.75312,6.25
1784965094.1058884,0.75,6.25
1784965094.6082423,0.75186,6.25
1784965095.1089895,0.75188,6.25
1784965095.609255,0.74813,6.25
1784965096.110033,0.755,6.25
1784965096.6112578,0.75373,6.25
1784965097.1132865,0.75,6.25
1784965097.6140816,0.74813,6.25
1784965098.1148534,0.755,6.25
1784965098.6156194,0.75312,6.15
1784965099.1172476,0.75373,6.15
1784965099.6179998,0.7525,6.15
1784965100.1213167,0.7469,6.15
1784965100.6221216,0.7525,6.15
1784965101.123252,0.74876,6.15
1784965101.6240144,0.75879,6.15
1784965102.1262522,0.75124,6.15
1784965102.6270928,0.7475,6.15
1784965103.128255,0.83541,6.15
1784965103.6312108,0.78358,6.05
1784965104.1319768,0.77,6.05
1784965104.6322417,0.745,6.05
1784965105.1330175,0.745,6.05
1784965105.6352594,0.76119,6.05
1784965106.13601,0.75,6.05
1784965106.6367567,0.7475,6.05
1784965107.1392725,0.75434,6.05
1784965107.6402438,0.75871,6.05
1784965108.1432414,0.75124,6.05
1784965108.644001,0.73935,6.21
1784965109.1447701,0.7575,6.21
1784965109.6462548,0.75561,6.21
1784965110.147023,0.74687,6.21
1784965110.6502488,0.75186,6.21
1784965111.1510403,0.7575,6.21
1784965111.6518087,0.75062,6.21
1784965112.1522608,0.7525,6.21
1784965112.6530411,0.75,6.21
1784965113.1538188,0.75062,6.21
1784965113.6542642,0.75689,6.19
1784965114.1562965,0.74938,6.19
1784965114.657096,0.7525,6.19
1784965115.159234,0.75124,6.19
1784965115.659988,0.755,6.19
1784965116.1633232,0.75495,6.19
1784965116.6662548,0.75561,6.19
1784965117.1670244,0.75439,6.19
1784965117.6678169,0.75871,6.19
1784965118.1692872,0.75561,6.19
1784965118.670061,0.7625,6.18
1784965119.1712582,0.75561,6.18
1784965119.6732545,0.7581,6.18
1784965120.1740303,0.75689,6.18
1784965120.674806,0.74813,6.18
1784965121.1762612,0.7581,6.18
1784965121.677108,0.7475,6.18
1784965122.1782508,0.74564,6.18
1784965122.6790276,0.76,6.18
1784965123.179811,0.75062,6.18
1784965123.682269,0.74378,6.16
1784965124.1830497,0.7594,6.16
1784965124.6862276,0.7469,6.16
1784965125.1869996,0.75188,6.16
1784965125.6877644,0.74813,6.16
1784965126.191257,0.75743,6.16
1784965126.6920238,0.74937,6.16
1784965127.1942651,0.75373,6.16
1784965127.6950245,0.74876,6.16
1784965128.197267,0.74876,6.16
1784965128.699235,0.7575,5.99
1784965129.2000158,0.74687,5.99
1784965129.700828,0.75062,5.99
1784965130.2022688,0.75373,5.99
1784965130.703134,0.75439,5.99
1784965131.203924,0.75062,5.99
1784965131.7062564,0.75186,5.99
1784965132.2070782,0.75312,5.99
1784965132.7092547,0.75124,5.99
1784965133.2101202,0.745,5.99
1784965133.7122655,0.75373,5.91
1784965134.2130456,0.75188,5.91
1784965134.7172194,0.83005,5.91
1784965135.2180104,0.78,5.91
1784965135.7187707,0.7925,5.91
1784965136.2192752,0.7975,5.91
1784965136.7200527,0.7625,5.91
1784965137.2208545,0.75373,5.91
1784965137.7213364,0.74,5.91
1784965138.2223475,0.76,5.91
1784965138.7252495,0.75,5.92
1784965139.226099,0.74687,5.92
1784965139.7293124,0.75186,5.92
1784965140.2302005,0.75561,5.92
1784965140.7310095,0.75188,5.92
1784965141.2342727,0.75,5.92
1784965141.735044,0.75377,5.92
1784965142.235816,0.74813,5.92
1784965142.736597,0.75,5.92
1784965143.2392626,0.74938,5.92
1784965143.7400577,0.7594,6.0
1784965144.2408407,0.75062,6.0
1784965144.7412446,0.74,6.0
1784965145.2442741,0.75931,6.0
1784965145.7450256,0.75,6.0
1784965146.2457874,0.74813,6.0
1784965146.7493079,0.76119,6.0
1784965147.250168,0.74314,6.0
1784965147.750955,0.75871,6.0
1784965148.2512734,0.8175,6.0
1784965148.7520192,0.81407,6.08
1784965149.2542577,0.75248,6.08
1784965149.755008,0.7525,6.08
1784965150.2557983,0.7625,6.08
1784965150.758266,0.7469,6.08
1784965151.260323,0.75,6.08
1784965151.7611356,0.75062,6.08
1784965152.262238,0.765,6.08
1784965152.763014,0.735,6.08
1784965153.2652676,0.75434,6.08
1784965153.7660582,0.7575,6.16
1784965154.2668698,0.73815,6.16
1784965154.7672656,0.75312,6.16
1784965155.269246,0.76,6.16
1784965155.7695127,0.7425,6.16
1784965156.2702801,0.74876,6.16
1784965156.7710252,0.75689,6.16
1784965157.2718105,0.74813,6.16
1784965157.773276,0.75312,6.16
1784965158.274085,0.75,6.16
1784965158.7752998,0.75062,6.31
1784965159.2761014,0.75689,6.31
1784965159.7768867,0.75062,6.31
1784965160.2783356,0.74876,6.31
1784965160.7791595,0.75124,6.31
1784965161.279957,0.75188,6.31
1784965161.7802486,0.75377,6.31
1784965162.281027,0.75,6.31
1784965162.781837,0.7575,6.31
1784965163.2823417,0.74065,6.31
1784965163.7832215,0.75622,6.2
1784965164.2852628,0.755,6.2
1784965164.7860484,0.755,6.2
1784965165.2867954,0.89,6.2
1784965165.793225,0.81818,6.2
1784965166.294019,0.97236,6.2
1784965166.7948236,0.93516,6.2
1784965167.295273,0.99499,6.2
1784965167.7960498,0.96,6.2
1784965168.2982206,0.91542,6.2
1784965168.7990055,0.89724,6.51
1784965169.2997866,0.75,6.51
1784965169.8002574,0.77193,6.51
1784965170.3011131,0.73632,6.51
1784965170.8032646,0.75871,6.51
1784965171.3040326,0.7525,6.51
1784965171.8048844,0.75,6.51
1784965172.3056877,0.755,6.51
1784965172.8082485,0.76179,6.51
1784965173.3090398,0.755,6.51
1784965173.8098166,0.755,6.39
1784965174.310576,0.73815,6.39
1784965174.8142662,0.7606,6.39
1784965175.3150322,0.75871,6.39
1784965175.8158092,0.7425,6.39
1784965176.3192744,0.7581,6.39
1784965176.8200352,0.75622,6.39
1784965177.320807,0.74813,6.39
1784965177.8212876,0.75,6.39
1784965178.3232834,0.75312,6.39
1784965178.8241692,0.76692,6.27
1784965179.325003,0.75062,6.27
1784965179.8273277,0.75312,6.27
1784965180.3281646,0.75312,6.27
1784965180.8289428,0.75439,6.27
1784965181.330272,0.75373,6.27
1784965181.8310788,0.75,6.27
1784965182.3319526,0.7475,6.27
1784965182.8328168,0.7606,6.27
1784965183.3332956,0.75062,6.27
1784965183.8341134,0.74937,6.33
1784965184.3353055,0.75062,6.33
1784965184.8361092,0.77,6.33
1784965185.3372533,0.74564,6.33
1784965185.8380432,0.74185,6.33
1784965186.3388665,0.75312,6.33
1784965186.8402305,0.7581,6.33
1784965187.3410063,0.75188,6.33
1784965187.841811,0.7606,6.33
1784965188.3422654,0.7475,6.33
1784965188.8452377,0.75495,6.39
1784965189.3459892,0.74687,6.39
1784965189.8467836,0.76368,6.39
1784965190.3472588,0.735,6.39
1784965190.8482563,0.76692,6.39
1784965191.3490756,0.7525,6.39
1784965191.849868,0.74564,6.39
1784965192.3506653,0.75062,6.39
1784965192.8512678,0.7619,6.39
1784965193.352063,0.73566,6.39
1784965193.852878,0.76309,6.52
1784965194.3536794,0.75561,6.52
1784965194.855274,0.74876,6.52
1784965195.3560627,0.74937,6.52
1784965195.8568668,0.7581,6.52
1784965196.3572788,0.75,6.52
1784965196.858086,0.755,6.52
1784965197.358883,0.76,6.52
1784965197.8596861,0.75,6.52
1784965198.3602982,0.74314,6.52
1784965198.8633337,0.75373,6.31
1784965199.364168,0.755,6.31
1784965199.864936,0.75062,6.31
1784965200.3672726,0.75561,6.31
1784965200.8680515,0.7575,6.31
1784965201.3702676,0.74627,6.31
1784965201.8710763,0.7525,6.31
1784965202.3718803,0.76,6.31
1784965202.8732631,0.75124,6.31
1784965203.3740633,0.74564,6.31
1784965203.8763025,0.76368,6.21
1784965204.3771453,0.74314,6.21
1784965204.879291,0.755,6.21
1784965205.3801079,0.7525,6.21
1784965205.8809066,0.7575,6.21
1784965206.3842692,0.75495,6.21
1784965206.885078,0.75689,6.21
1784965207.3859327,0.745,6.21
1784965207.886279,0.7581,6.21
1784965208.387059,0.74813,6.19
1784965208.887865,0.755,6.19
1784965209.3892615,0.75186,6.19
1784965209.8902423,0.74937,6.19
1784965210.391266,0.76368,6.19
1784965210.8932657,0.755,6.19
1784965211.3940241,0.74687,6.19
1784965211.894816,0.76617,6.19
1784965212.3952603,0.75312,6.19
1784965212.89608,0.74436,6.19
1784965213.396898,0.75871,6.26
1784965213.8982828,0.7475,6.26
1784965214.400324,0.755,6.26
1784965214.9011686,0.75124,6.26
1784965215.4042695,0.7469,6.26
1784965215.905076,0.75126,6.26
1784965216.4058514,0.75124,6.26
1784965216.9062767,0.7625,6.26
1784965217.4067476,0.7425,6.26
1784965217.9082787,0.7606,6.26
1784965218.4090955,0.755,6.16
1784965218.9099061,0.755,6.16
1784965219.410735,0.755,6.16
1784965219.9122703,0.75682,6.16
1784965220.4130404,0.7525,6.16
1784965220.91384,0.75062,6.16
1784965221.4172723,0.75124,6.16
1784965221.9180927,0.75312,6.16
1784965222.4203053,0.75373,6.16
1784965222.922272,0.75622,6.16
1784965223.4231136,0.74,6.14
1784965223.9253125,0.7675,6.14
1784965224.4261541,0.75312,6.14
1784965224.9272394,0.74813,6.14
1784965225.4280305,0.75689,6.14
1784965225.9292696,0.74627,6.14
1784965226.4300609,0.75439,6.14
1784965226.9308698,0.7575,6.14
1784965227.4316509,0.7525,6.14
1784965227.9324334,0.74564,6.14
1784965228.4332483,0.7575,6.13
1784965228.9362788,0.75495,6.13
1784965229.4370532,0.75188,6.13
1784965229.9378357,0.77057,6.13
1784965230.4383395,0.74813,6.13
1784965230.9391818,0.76,6.13
1784965231.439964,0.74687,6.13
1784965231.943277,0.75124,6.13
1784965232.44408,0.75062,6.13
1784965232.9448857,0.7606,6.13
1784965233.446271,0.75062,6.04
1784965233.9470801,0.74185,6.04
1784965234.4478507,0.75561,6.04
1784965234.9482775,0.75561,6.04
1784965235.4490838,0.74436,6.04
1784965235.9512653,0.76368,6.04
1784965236.4520857,0.7475,6.04
1784965236.9528873,0.75434,6.04
1784965237.4532788,0.75312,6.04
1784965237.9540474,0.76,6.04
1784965238.4562764,0.74065,6.04
1784965238.957074,0.77193,6.04
1784965239.4578683,0.75124,6.04
1784965239.9582682,0.7475,6.04
1784965240.4612713,0.75434,6.04
1784965240.9620788,0.75188,6.04
1784965241.4628983,0.74314,6.04
1784965241.9643342,0.7625,6.04
1784965242.4651136,0.74564,6.04
1784965242.9659066,0.7606,6.04
1784965243.466279,0.74687,6.03
1784965243.9670837,0.7475,6.03
1784965244.4683347,0.75312,6.03
1784965244.9691703,0.77,6.03
1784965245.46997,0.75,6.03
1784965245.9722762,0.7469,6.03
1784965246.4730847,0.75689,6.03
1784965246.9738777,0.745,6.03
1784965247.4752781,0.7581,6.03
1784965247.976056,0.755,6.03
1784965248.4772573,0.75062,6.03
1784965248.979284,0.74813,6.03
1784965249.480053,0.7606,6.03
1784965249.980803,0.745,6.03
1784965250.4812584,0.75062,6.03
1784965250.9821568,0.77057,6.03
1784965251.4832761,0.7475,6.03
1784965251.984126,0.75689,6.03
1784965252.4873197,0.75248,6.03
1784965252.9880955,0.745,6.03
1784965253.4888613,0.7525,5.87
1784965253.9922519,0.75622,5.87
1784965254.4930184,0.75312,5.87
1784965254.994252,0.74876,5.87
1784965255.4950788,0.75188,5.87
1784965255.9982553,0.75743,5.87
1784965256.4990368,0.7475,5.87
1784965256.9997997,0.75561,5.87
1784965257.5002625,0.75689,5.87
1784965258.0012405,0.74564,5.87
1784965258.5019803,0.7575,5.56
1784965259.0022888,0.75312,5.56
1784965259.503126,0.75,5.56
1784965260.0039582,0.74813,5.56
1784965260.5052564,0.75622,5.56
1784965261.0060103,0.7525,5.56
1784965261.5067794,0.7425,5.56
1784965262.0073435,0.76119,5.56
1784965262.5102458,0.75062,5.56
1784965263.0110235,0.7525,5.56
1784965263.5122552,0.75561,5.43
1784965264.0130095,0.7475,5.43
1784965264.5152607,0.75062,5.43
1784965265.016039,0.75,5.43
1784965265.5168254,0.7525,5.43
1784965266.0182357,0.75561,5.43
1784965266.5189939,0.755,5.43
1784965267.0197613,0.75312,5.43
1784965267.5212324,0.7581,5.43
1784965268.0219693,0.74937,5.43
1784965268.5222452,0.75561,5.4
1784965269.023087,0.7475,5.4
1784965269.5252388,0.74876,5.4
1784965270.0259774,0.75377,5.4
1784965270.5262787,0.75871,5.4
1784965271.0270789,0.7475,5.4
1784965271.530248,0.74876,5.4
1784965272.031075,0.765,5.4
1784965272.5332685,0.74876,5.4
1784965273.0340347,0.75,5.4
1784965273.5348327,0.755,5.45
1784965274.038239,0.75312,5.45
1784965274.538988,0.7469,5.45
1784965275.0397685,0.755,5.45
1784965275.5402718,0.7575,5.45
1784965276.0410788,0.74436,5.45
1784965276.5418608,0.755,5.45
1784965277.0422711,0.75312,5.45
1784965277.543036,0.745,5.45
1784965278.0452664,0.75434,5.45
1784965278.546043,0.76,5.57
1784965279.0468173,0.74378,5.57
1784965279.5482938,0.75312,5.57
1784965280.0491073,0.75188,5.57
1784965280.549875,0.75062,5.57
1784965281.0512817,0.7725,5.57
1784965281.5520868,0.7475,5.57
1784965282.055251,0.74876,5.57
1784965282.5560255,0.75312,5.57
1784965283.0568855,0.7525,5.57
1784965283.5577743,0.75561,5.69
1784965284.0582416,0.7475,5.69
1784965284.55926,0.7606,5.69
1784965285.0603418,0.7625,5.69
1784965285.5611725,0.74813,5.69
1784965286.062273,0.76131,5.69
1784965286.5632718,0.7581,5.69
1784965287.0640879,0.76,5.69
1784965287.5648894,0.74314,5.69
1784965288.0662796,0.75312,5.69
1784965288.567084,0.75062,5.79
1784965289.0678568,0.74813,5.79
1784965289.5683377,0.7575,5.79
1784965290.0692236,0.7725,5.79
1784965290.5712368,0.74564,5.79
1784965291.0720112,0.7525,5.79
1784965291.5727665,0.75312,5.79
1784965292.0742779,0.74813,5.79
1784965292.577303,0.75622,5.79
1784965293.0781183,0.7581,5.79
1784965293.5789099,0.75312,5.89
1784965294.079265,0.75062,5.89
1784965294.5800452,0.7425,5.89
1784965295.0808318,0.755,5.89
1784965295.5815883,0.75439,5.89
1784965296.0822873,0.74564,5.89
1784965296.5852191,0.75622,5.89
1784965297.0860493,0.74687,5.89
1784965297.5868928,0.75124,5.89
1784965298.0877116,0.75561,5.89
1784965298.5882638,0.74687,5.9
1784965299.0912707,0.75871,5.9
1784965299.5920274,0.7525,5.9
1784965300.0928068,0.74687,5.9
1784965300.5942497,0.75871,5.9
1784965301.0950553,0.7475,5.9
1784965301.5982416,0.75434,5.9
1784965302.0990813,0.76441,5.9
1784965302.5999403,0.75062,5.9
1784965303.1013002,0.74314,5.9
1784965303.603307,0.7581,5.91
1784965304.1041381,0.75561,5.91
1784965304.6049187,0.7375,5.91
1784965305.1062698,0.76617,5.91
1784965305.6070244,0.75188,5.91
1784965306.1078181,0.745,5.91
1784965306.6092353,0.76,5.91
1784965307.111247,0.75062,5.91
1784965307.612025,0.74813,5.91
1784965308.112789,0.7575,5.91
1784965308.6132636,0.74876,5.99
1784965309.1152635,0.76,5.99
1784965309.616034,0.7475,5.99
1784965310.1168196,0.74065,5.99
1784965310.6172633,0.7594,5.99
1784965311.1181052,0.75561,5.99
1784965311.6192331,0.75312,5.99
1784965312.1200142,0.7475,5.99
1784965312.62325,0.75682,5.99
1784965313.1240137,0.7525,5.99
1784965313.6247675,0.745,5.99
1784965314.125259,0.7581,5.99
1784965314.6260443,0.7625,5.99
1784965315.1268013,0.795,5.99
1784965315.6272428,0.77193,5.99
1784965316.1280944,0.8225,5.99
1784965316.6292791,0.75062,5.99
1784965317.1322343,0.76617,5.99
1784965317.6330063,0.7475,5.99
1784965318.1338012,0.7425,5.99
1784965318.6342552,0.75188,6.0
1784965319.1350496,0.7525,6.0
1784965319.635904,0.75062,6.0
1784965320.1362786,0.7606,6.0
1784965320.6370769,0.74623,6.0
1784965321.1402678,0.75186,6.0
1784965321.6410365,0.74813,6.0
1784965322.1418374,0.7581,6.0
1784965322.6422439,0.74687,6.0
1784965323.1430266,0.75871,6.0
1784965323.6438286,0.75439,6.16
1784965324.144634,0.74564,6.16
1784965324.6472208,0.75561,6.16
1784965325.1480014,0.745,6.16
1784965325.6487923,0.75124,6.16
1784965326.1492696,0.7525,6.16
1784965326.6500463,0.7594,6.16
1784965327.1522624,0.74627,6.16
1784965327.6530612,0.7525,6.16
1784965328.1538785,0.75561,6.16
1784965328.6542375,0.75062,6.14
1784965329.1550348,0.75188,6.14
1784965329.6582446,0.7469,6.14
1784965330.1590133,0.78947,6.14
1784965330.6612568,0.81796,6.14
1784965331.1620965,0.7606,6.14
1784965331.6628819,0.74813,6.14
1784965332.1632679,0.7594,6.14
1784965332.6640322,0.7575,6.14
1784965333.1648536,0.73815,6.14
1784965333.6656606,0.7606,6.05
1784965334.1662745,0.75062,6.05
1784965334.6670525,0.74436,6.05
1784965335.1692448,0.76368,6.05
1784965335.6699932,0.75062,6.05
1784965336.1702247,0.75,6.05
1784965336.6710446,0.7525,6.05
1784965337.1718283,0.755,6.05
1784965337.672226,0.7525,6.05
1784965338.172992,0.745,6.05
1784965338.6742353,0.7581,6.13
1784965339.174967,0.74564,6.13
1784965339.6752443,0.75561,6.13
1784965340.1782317,0.75062,6.13
1784965340.6789668,0.75,6.13
1784965341.1792393,0.75312,6.13
1784965341.6799953,0.75439,6.13
1784965342.1808214,0.74813,6.13
1784965342.6812398,0.755,6.13
1784965343.1820118,0.74,6.13
1784965343.6842358,0.76617,6.04
1784965344.184977,0.7475,6.04
1784965344.6852682,0.74314,6.04
1784965345.1882422,0.75871,6.04
1784965345.6890051,0.75188,6.04
1784965346.1898015,0.745,6.04
1784965346.691243,0.76119,6.04
1784965347.192045,0.845,6.04
1784965347.6932125,0.85,6.04
1784965348.1939657,0.755,6.04
1784965348.6947474,0.7475,5.95
1784965349.1962721,0.75312,5.95
1784965349.6970558,0.75622,5.95
1784965350.1978433,0.74937,5.95
1784965350.6982358,0.75,5.95
1784965351.20226,0.75248,5.95
1784965351.7030392,0.75439,5.95
1784965352.2039123,0.7475,5.95
1784965352.705325,0.75312,5.95
1784965353.2062247,0.75871,5.95
1784965353.7071111,0.75439,5.96
1784965354.2079237,0.74065,5.96
1784965354.709265,0.75871,5.96
1784965355.2100267,0.75062,5.96
1784965355.7112741,0.75312,5.96
1784965356.2120628,0.75312,5.96
1784965356.7152648,0.75373,5.96
1784965357.2160382,0.755,5.96
1784965357.7168875,0.74314,5.96
1784965358.219297,0.76309,5.96
1784965358.7201016,0.7375,5.8
1784965359.2208734,0.75622,5.8
1784965359.7212806,0.75188,5.8
1784965360.222061,0.8225,5.8
1784965360.7232194,0.76808,5.8
1784965361.2239661,0.7775,5.8
1784965361.7242477,0.75188,5.8
1784965362.2252746,0.74627,5.8
1784965362.7283318,0.75622,5.8
1784965363.2292848,0.745,5.8
1784965363.7301052,0.74937,5.5
1784965364.2322795,0.75434,5.5
1784965364.7330542,0.75561,5.5
1784965365.2338533,0.74937,5.5
1784965365.7362673,0.76368,5.5
1784965366.2370543,0.74813,5.5
1784965366.7393348,0.75373,5.5
1784965367.240184,0.75,5.5
1784965367.7413063,0.75124,5.5
1784965368.2421312,0.75689,5.5
1784965368.743293,0.76,5.62
1784965369.2472832,0.76238,5.62
1784965369.748074,0.77805,5.62
1784965370.2502804,0.75373,5.62
1784965370.7510493,0.7475,5.62
1784965371.2518682,0.74564,5.62
1784965371.7532735,0.7525,5.62
1784965372.2541268,0.755,5.62
1784965372.7549376,0.74813,5.62
1784965373.2552478,0.75312,5.62
1784965373.7562692,0.75,5.73
1784965374.2570817,0.7575,5.73
1784965374.7578833,0.74813,5.73
1784965375.259273,0.75561,5.73
1784965375.7600853,0.74564,5.73
1784965376.2622664,0.75561,5.73
1784965376.7630558,0.74564,5.73
1784965377.265267,0.8408,5.73
1784965377.766054,0.85,5.73
1784965378.2667959,0.96482,5.73
1784965378.7692358,0.94279,6.15
1784965379.270009,0.99248,6.15
1784965379.7707741,0.94,6.15
1784965380.2717733,0.9525,6.15
1784965380.772264,0.865,6.15
1784965381.2730343,0.75062,6.15
1784965381.773904,0.74937,6.15
1784965382.2742827,0.76,6.15
1784965382.7762697,0.75682,6.15
1784965383.2770739,0.74436,6.15
1784965383.7778795,0.75689,6.14
1784965384.2792726,0.75622,6.14
1784965384.7800314,0.7619,6.14
1784965385.280785,0.74378,6.14
1784965385.7812521,0.7525,6.14
1784965386.2832675,0.75124,6.14
1784965386.7840507,0.75,6.14
1784965387.2848556,0.7525,6.14
1784965387.7861574,0.7606,6.14
1784965388.2892692,0.74442,6.14
1784965388.7900245,0.75689,6.13
1784965389.2908247,0.74937,6.13
1784965389.7912767,0.75931,6.13
1784965390.2920578,0.76441,6.13
1784965390.7929049,0.76,6.13
1784965391.2942736,0.75312,6.13
1784965391.7950792,0.75312,6.13
1784965392.2962813,0.75312,6.13
1784965392.7970514,0.7575,6.13
1784965393.3003323,0.74194,6.13
1784965393.8011672,0.75188,6.2
1784965394.3042395,0.75871,6.2
1784965394.804991,0.755,6.2
1784965395.3053067,0.74627,6.2
1784965395.8061132,0.75628,6.2
1784965396.3064656,0.74813,6.2
1784965396.8072515,0.755,6.2
1784965397.3081243,0.75373,6.2
1784965397.8090165,0.75,6.2
1784965398.309851,0.75,6.2
1784965398.810278,0.75871,6.26
1784965399.3110864,0.745,6.26
1784965399.811895,0.7606,6.26
1784965400.3143291,0.75124,6.26
1784965400.8151643,0.75312,6.26
1784965401.3162837,0.75,6.26
1784965401.817087,0.75,6.26
1784965402.3182611,0.7606,6.26
1784965402.8190618,0.75439,6.26
1784965403.3203263,0.74876,6.26
1784965403.8211563,0.75561,6.24
1784965404.3222625,0.7475,6.24
1784965404.8230612,0.75561,6.24
1784965405.3238702,0.7475,6.24
1784965405.8262641,0.7606,6.24
1784965406.3271525,0.7525,6.24
1784965406.8283694,0.75622,6.24
1784965407.3302743,0.75062,6.24
1784965407.8310907,0.74937,6.24
1784965408.3319485,0.74813,6.24
1784965408.833267,0.77114,6.22
1784965409.3340576,0.7525,6.22
1784965409.8349369,0.74937,6.22
1784965410.3372824,0.74876,6.22
1784965410.8380594,0.7594,6.22
1784965411.3388407,0.74627,6.22
1784965411.8412714,0.74627,6.22
1784965412.3420875,0.76441,6.22
1784965412.8428917,0.75312,6.22
1784965413.3432872,0.74129,6.22
1784965413.8462799,0.75373,6.04
1784965414.3470876,0.7575,6.04
1784965414.8478658,0.74876,6.04
1784965415.3492758,0.75312,6.04
1784965415.8522477,0.75062,6.04
1784965416.353012,0.74813,6.04
1784965416.854251,0.75561,6.04
1784965417.3558753,0.75561,6.04
1784965417.856301,0.75689,6.04
1784965418.357128,0.7475,6.04
1784965418.8582728,0.76368,5.88
1784965419.3623319,0.74876,5.88
1784965419.8642712,0.74876,5.88
1784965420.3650992,0.75439,5.88
1784965420.866253,0.745,5.88
1784965421.367053,0.75561,5.88
1784965421.868267,0.76368,5.88
1784965422.3690617,0.74,5.88
1784965422.8702757,0.75871,5.88
1784965423.371081,0.75689,5.88
1784965423.8732865,0.75373,5.89
1784965424.3740873,0.74937,5.89
1784965424.8750353,0.75434,5.89
1784965425.375843,0.755,5.89
1784965425.8763752,0.7525,5.89
1784965426.3783271,0.74065,5.89
1784965426.8792171,0.77,5.89
1784965427.380119,0.76,5.89
1784965427.8809664,0.73383,5.89
1784965428.3843246,0.76427,5.89
1784965428.8851538,0.7575,5.82
1784965429.3859425,0.74065,5.82
1784965429.8892841,0.75622,5.82
1784965430.3901029,0.75689,5.82
1784965430.890967,0.74378,5.82
1784965431.3942738,0.75373,5.82
1784965431.895102,0.755,5.82
1784965432.398269,0.74627,5.82
1784965432.8990808,0.76808,5.82
1784965433.4002995,0.75124,5.82
1784965433.9012651,0.7475,5.59
1784965434.4032655,0.7606,5.59
1784965434.904036,0.7475,5.59
1784965435.4052846,0.75312,5.59
1784965435.906078,0.76309,5.59
1784965436.4092488,0.74505,5.59
1784965436.910028,0.75439,5.59
1784965437.4108365,0.755,5.59
1784965437.9116354,0.75124,5.59
1784965438.4122968,0.7425,5.59
1784965438.9152544,0.76427,5.78
1784965439.4160392,0.7575,5.78
1784965439.916849,0.74436,5.78
1784965440.4172726,0.75312,5.78
1784965440.918095,0.75312,5.78
1784965441.4213283,0.75373,5.78
1784965441.9221606,0.76309,5.78
1784965442.42297,0.745,5.78
1784965442.9262714,0.75682,5.78
1784965443.4270792,0.7475,5.64
1784965443.9278727,0.75312,5.64
1784965444.4312801,0.76119,5.64
1784965444.932062,0.745,5.64
1784965445.4332814,0.75062,5.64
1784965445.9340978,0.755,5.64
1784965446.434872,0.74564,5.64
1784965446.936273,0.7525,5.64
1784965447.4370873,0.7525,5.64
1784965447.9379222,0.755,5.64
1784965448.4397762,0.75062,5.59
1784965448.940335,0.7581,5.59
1784965449.4411747,0.75312,5.59
1784965449.941961,0.74937,5.59
1784965450.4423492,0.7525,5.59
1784965450.943248,0.76119,5.59
1784965451.4441066,0.74436,5.59
1784965451.9449236,0.75312,5.59
1784965452.4453068,0.7525,5.59
1784965452.9460926,0.75312,5.59
1784965453.4472806,0.7606,5.78
1784965453.9481034,0.7575,5.78
1784965454.4512699,0.75495,5.78
1784965454.9520447,0.75188,5.78
1784965455.4528491,0.74876,5.78
1784965455.9563391,0.74938,5.78
1784965456.457198,0.755,5.78
1784965456.9580224,0.755,5.78
1784965457.4592495,0.74876,5.78
1784965457.9600167,0.75628,5.78
1784965458.4612136,0.74564,5.8
1784965458.9619684,0.75561,5.8
1784965459.4645023,0.75373,5.8
1784965459.9652421,0.76,5.8
1784965460.466188,0.75062,5.8
1784965460.9669676,0.745,5.8
1784965461.4677286,0.7581,5.8
1784965461.9688258,0.75561,5.8
1784965462.469632,0.7425,5.8
1784965462.9732485,0.75871,5.8
1784965463.4740164,0.75689,5.9
1784965463.976243,0.74627,5.9
1784965464.4769788,0.75689,5.9
1784965464.977682,0.7475,5.9
1784965465.4802349,0.75312,5.9
1784965465.9809663,0.76559,5.9
1784965466.481717,0.75062,5.9
1784965466.984264,0.75373,5.9
1784965467.485009,0.7575,5.9
1784965467.9872944,0.74378,5.9
1784965468.4881408,0.7575,5.91
1784965468.9889166,0.75062,5.91
1784965469.4912422,0.75373,5.91
1784965469.9919899,0.75,5.91
1784965470.4927511,0.75312,5.91
1784965470.993557,0.7525,5.91
1784965471.494263,0.75312,5.91
1784965471.9972482,0.76,5.91
1784965472.498014,0.74938,5.91
1784965472.998798,0.755,5.91
1784965473.503237,0.7469,5.91
1784965474.0039964,0.755,5.91
1784965474.5047889,0.76808,5.91
1784965475.0052521,0.755,5.91
1784965475.506007,0.7475,5.91
1784965476.006774,0.75561,5.91
1784965476.507284,0.75312,5.91
1784965477.008119,0.74937,5.91
1784965477.508885,0.755,5.91
1784965478.010246,0.75434,5.91
1784965478.5110629,0.75188,6.0
1784965479.0142493,0.74752,6.0
1784965479.5150223,0.75689,6.0
1784965480.0158508,0.75312,6.0
1784965480.516647,0.75,6.0
1784965481.017412,0.76309,6.0
1784965481.5182455,0.75312,6.0
1784965482.0190008,0.75439,6.0
1784965482.5212364,0.74752,6.0
1784965483.02199,0.7581,6.0
1784965483.52282,0.75,6.0
1784965484.0252843,0.76,6.0
1784965484.5260465,0.7575,6.0
1784965485.0272243,0.74129,6.0
1784965485.5280304,0.755,6.0
1784965486.028837,0.755,6.0
1784965486.529242,0.75,6.0
1784965487.0299852,0.75439,6.0
1784965487.530241,0.74564,6.0
1784965488.031255,0.7581,6.0
1784965488.5332015,0.75312,6.08
1784965489.0339482,0.75439,6.08
1784965489.5362637,0.74314,6.08
1784965490.0370455,0.7606,6.08
1784965490.5378366,0.75312,6.08
1784965491.038247,0.75,6.08
1784965491.539244,0.7525,6.08
1784965492.0412505,0.7581,6.08
1784965492.5420005,0.74436,6.08
1784965493.0452628,0.7469,6.08
1784965493.546047,0.755,6.15
1784965494.0468256,0.7475,6.15
1784965494.5473127,0.75373,6.15
1784965495.0481358,0.75689,6.15
1784965495.5489223,0.755,6.15
1784965496.0492609,0.74314,6.15
1784965496.550033,0.765,6.15
1784965497.0508142,0.7581,6.15
1784965497.5532427,0.7606,6.15
1784965498.053996,0.74687,6.15
1784965498.55476,0.75062,6.14
1784965499.0552406,0.7606,6.14
1784965499.5563457,0.75312,6.14
1784965500.05716,0.75188,6.14
1784965500.5602589,0.75682,6.14
1784965501.0610445,0.745,6.14
1784965501.5618014,0.7475,6.14
1784965502.0632632,0.75561,6.14
1784965502.5640385,0.75871,6.14
1784965503.064837,0.74436,6.14
1784965503.5673037,0.75124,6.21
1784965504.0680885,0.7606,6.21
1784965504.5692677,0.74813,6.21
1784965505.0702589,0.75062,6.21
1784965505.571262,0.74687,6.21
1784965506.0732875,0.7581,6.21
1784965506.5753112,0.75561,6.21
1784965507.0761373,0.74065,6.21
1784965507.5769064,0.7575,6.21
1784965508.0786672,0.7581,6.21
1784965508.5794435,0.74378,6.27
1784965509.0812547,0.7606,6.27
1784965509.582006,0.74687,6.27
1784965510.0827723,0.75871,6.27
1784965510.5832624,0.75,6.27
1784965511.084024,0.755,6.27
1784965511.5848205,0.75062,6.27
1784965512.085285,0.74813,6.27
1784965512.5872462,0.75062,6.27
1784965513.0880299,0.75439,6.27
1784965513.5888243,0.75312,6.25
1784965514.0892475,0.7475,6.25
1784965514.5899825,0.75561,6.25
1784965515.0907514,0.75062,6.25
1784965515.5943003,0.76179,6.25
1784965516.0950904,0.74185,6.25
1784965516.5958514,0.75,6.25
1784965517.0963366,0.7581,6.25
1784965517.597245,0.75561,6.25
1784965518.09802,0.7575,6.25
1784965518.6002142,0.75062,6.07
1784965519.1009839,0.755,6.07
1784965519.6022537,0.75373,6.07
1784965520.1030223,0.7475,6.07
1784965520.6037855,0.75062,6.07
1784965521.1052349,0.75622,6.07
1784965521.6060076,0.74687,6.07
1784965522.1072483,0.7581,6.07
1784965522.6079915,0.7575,6.07
1784965523.1087658,0.74314,6.07
1784965523.6122656,0.75931,6.15
1784965524.1130173,0.7525,6.15
1784965524.613796,0.74813,6.15
1784965525.1142669,0.75,6.15
1784965525.615052,0.75439,6.15
1784965526.1169436,0.76119,6.15
1784965526.6172547,0.74813,6.15
1784965527.120252,0.82045,6.15
1784965527.6210377,0.78947,6.15
1784965528.1218562,0.79,6.15
1784965528.622636,0.74813,6.05
1784965529.125295,0.75124,6.05
1784965529.6272345,0.75312,6.05
1784965530.1280017,0.7525,6.05
1784965530.629313,0.75561,6.05
1784965531.130135,0.74687,6.05
1784965531.6309032,0.74627,6.05
1784965532.1342828,0.75931,6.05
1784965532.6351671,0.7475,6.05
1784965533.1363513,0.74564,6.05
1784965533.6372015,0.76,6.05
1784965534.1380153,0.74065,6.05
1784965534.6392612,0.7581,6.05
1784965535.1400573,0.75689,6.05
1784965535.6412838,0.75312,6.05
1784965536.1424599,0.74876,6.05
1784965536.6432502,0.755,6.05
1784965537.144263,0.75561,6.05
1784965537.6450655,0.75,6.05
1784965538.1459377,0.755,6.05
1784965538.6492946,0.75,6.04
1784965539.1501799,0.7575,6.04
1784965539.6510384,0.75188,6.04
1784965540.151843,0.74564,6.04
1784965540.6542547,0.75373,6.04
1784965541.155057,0.75439,6.04
1784965541.6558113,0.74813,6.04
1784965542.156345,0.7625,6.04
1784965542.6571434,0.7606,6.04
1784965543.1579618,0.74937,6.04
1784965543.6587493,0.75062,5.88
1784965544.1602757,0.75373,5.88
1784965544.6610208,0.75062,5.88
1784965545.1617951,0.755,5.88
1784965545.662236,0.75188,5.88
1784965546.1630158,0.74185,5.88
1784965546.6652489,0.7599,5.88
1784965547.166053,0.7725,5.88
1784965547.6668391,0.74436,5.88
1784965548.1672778,0.75622,5.88
1784965548.6680841,0.75188,5.81
1784965549.1688566,0.74813,5.81
1784965549.672258,0.75124,5.81
1784965550.1730604,0.74813,5.81
1784965550.6738515,0.74813,5.81
1784965551.1762738,0.76119,5.81
1784965551.6770537,0.7575,5.81
1784965552.1778696,0.74185,5.81
1784965552.6786826,0.75931,5.81
1784965553.1813416,0.75622,5.81
1784965553.682226,0.74564,5.66
1784965554.18427,0.74813,5.66
1784965554.6850345,0.7475,5.66
1784965555.1858225,0.76,5.66
1784965555.6862395,0.74065,5.66
1784965556.1892636,0.75931,5.66
1784965556.6900954,0.75377,5.66
1784965557.192333,0.74938,5.66
1784965557.6933398,0.75561,5.66
1784965558.1941714,0.74813,5.66
1784965558.6949239,0.7775,5.69
1784965559.1952896,0.83,5.69
1784965559.7002258,0.81886,5.69
1784965560.2010012,0.78,5.69
1784965560.7022483,0.75561,5.69
1784965561.2030473,0.74436,5.69
1784965561.70426,0.74876,5.69
1784965562.205027,0.7581,5.69
1784965562.706272,0.7475,5.69
1784965563.2071664,0.75,5.69
1784965563.7082858,0.75871,5.72
1784965564.2091131,0.74436,5.72
1784965564.7102642,0.74876,5.72
1784965565.2111173,0.765,5.72
1784965565.7120063,0.74065,5.72
1784965566.215277,0.75248,5.72
1784965566.7160766,0.75689,5.72
1784965567.2168965,0.74065,5.72
1784965567.7202747,0.75871,5.72
1784965568.22108,0.74937,5.72
1784965568.7218826,0.74314,5.9
1784965569.2226932,0.75561,5.9
1784965569.7242773,0.74938,5.9
1784965570.2250912,0.75,5.9
1784965570.7282557,0.75931,5.9
1784965571.229048,0.75,5.9
1784965571.7298155,0.75,5.9
1784965572.2302792,0.82206,5.9
1784965572.7310803,0.81841,5.9
1784965573.2318537,0.75062,5.9
1784965573.7322905,0.74436,6.15
1784965574.2343264,0.76,6.15
1784965574.735134,0.76,6.15
1784965575.2359302,0.73815,6.15
1784965575.738262,0.75062,6.15
1784965576.2390778,0.76,6.15
1784965576.7402608,0.74876,6.15
1784965577.241058,0.74937,6.15
1784965577.7418816,0.7469,6.15
1784965578.2426982,0.75312,6.15
1784965578.745314,0.74876,6.22
1784965579.2461486,0.7525,6.22
1784965579.7469501,0.7525,6.22
1784965580.2492797,0.75,6.22
1784965580.750097,0.74813,6.22
1784965581.2509122,0.7475,6.22
1784965581.7512703,0.75871,6.22
1784965582.252098,0.75,6.22
1784965582.7532597,0.75062,6.22
1784965583.2540448,0.75,6.22
1784965583.755253,0.75622,6.36
1784965584.2560546,0.7475,6.36
1784965584.7592585,0.75561,6.36
1784965585.2601361,0.74,6.36
1784965585.7612672,0.76,6.36
1784965586.2620397,0.7525,6.36
1784965586.7628338,0.74564,6.36
1784965587.2653425,0.75124,6.36
1784965587.7662601,0.7475,6.36
1784965588.2692509,0.75373,6.36
1784965588.7699795,0.765,6.25
1784965589.2702816,0.8209,6.25
1784965589.773314,0.86318,6.25
